49.62099929257826 , 6.178611887607101 , 49.61912780730398 , 6.142308866457214
49.62793148768727 , 6.149771231542803 , 49.577438291207336 , 6.169628583640751
49.60387392928713 , 6.1480686326874014 , 49.6154927975049 , 6.135872041962323
49.580444329938 , 6.147965159129339 , 49.60419986485472 , 6.159171844934133
49.62177694709868 , 6.182841036279608 , 49.61169896810148 , 6.120476470452426
49.565152573563886 , 6.072879486535504 , 49.6282706707303 , 6.180631698287307
49.60416375225116 , 6.1491638438195 , 49.5959030067642 , 6.1774797013819684
49.62290455089771 , 6.138500706143058 , 49.614735282358474 , 6.1627748703326555
49.60416983231183 , 6.018158667595054 , 49.617470790040066 , 6.125917999714184
49.5922854931555 , 6.132377488118882 , 49.58199551172774 , 6.1159033121559325
49.60784861944407 , 6.138565229881658 , 49.62632787020301 , 6.132955354826619
49.629187360203225 , 6.003373811474111 , 49.603743865707784 , 6.141676400071353
49.60746007914751 , 6.112016797310233 , 49.61271669020857 , 6.161991330129206
49.643207308332045 , 6.220803344354724 , 49.6152320314218 , 6.124406537707008
49.646757240114574 , 6.00453384765644 , 49.63052575398674 , 6.137429957806496
49.609859838819624 , 6.123074806539692 , 49.62056735786062 , 6.126601445598475
49.629638893671014 , 6.039543862671943 , 49.59629981280085 , 6.131815329402376
49.586599649076504 , 6.145662159136464 , 49.60908682592431 , 6.0904995882009185
49.63180942621891 , 6.137660581849 , 49.61371985880393 , 6.191416219632741
49.61552808280557 , 6.118041335383702 , 49.616171433680336 , 6.096088538266189
49.65652145910966 , 6.320133986181975 , 49.64787636014141 , 6.145381609280479
49.63937461823004 , 6.145316730216663 , 49.64563556424489 , 6.141137191072196
49.60365980825637 , 6.147721599626256 , 49.62044031554305 , 6.120684429241412
49.623729649709865 , 6.138545963491482 , 49.63164101411453 , 6.135225811628278
49.63287953801347 , 6.291545114627773 , 49.62005033664032 , 6.122290764089602
49.60005974630043 , 6.137636925962621 , 49.59604754787478 , 6.1534122642334115
49.62089738594948 , 6.124438850229326 , 49.60943631614038 , 6.128606085133895
49.57349522308859 , 6.175746751080335 , 49.62799354204551 , 6.129647150233574
49.614053277321695 , 6.253599433438482 , 49.64044183299706 , 6.14756811336673
49.63869564225443 , 5.987616753478644 , 49.658523191745246 , 6.020927955646138
49.61045441658652 , 6.130098624618559 , 49.61235603782757 , 6.111398152554537
49.61883577905365 , 6.270391760317355 , 49.660175207690806 , 6.121463756752817
49.608227835483035 , 6.107118833519975 , 49.589096391088354 , 6.188133263422167
49.630804087735356 , 6.143684269381493 , 49.56215661009544 , 6.04553536202089
49.62618750068322 , 6.121393267951999 , 49.61493691418732 , 6.148362091639926
49.581013527812495 , 6.132087836088044 , 49.62897351773723 , 6.1540630887976215
49.607781602665945 , 6.148117321341158 , 49.56693161587224 , 6.020511364363082
49.58918419608345 , 6.113719366281019 , 49.62175043869463 , 6.1144837825928455
49.602454428336685 , 6.2033414102403475 , 49.61283956534905 , 6.177537024740476
49.625594657110064 , 6.202930053079273 , 49.60945973123639 , 6.139439567881833
49.61893957933749 , 6.122206340506592 , 49.596676168845896 , 6.1288513181664745
49.63163169269219 , 6.076635543141474 , 49.597525024110055 , 6.108729204375378
49.60578578379973 , 6.133490793536319 , 49.648486657128224 , 6.295603220243162
49.63940040439211 , 6.218302290032811 , 49.59724543723368 , 6.154112981989885
49.61936980102189 , 6.172752552080568 , 49.640766204511145 , 6.149784406519598
49.65075414660682 , 6.273598963102158 , 49.636538343910985 , 6.03136222255187
49.668298030678606 , 6.219849035283562 , 49.64543485151542 , 5.988127682715968
49.60410301730413 , 6.139134164670862 , 49.59694925022983 , 6.13199513441987
49.632452979773795 , 6.12530288252372 , 49.589994029816204 , 6.14743003110002
49.66989533460553 , 6.073948108948352 , 49.63866335148 , 6.136929860530618
49.642871991104094 , 6.006708031206704 , 49.62044392319643 , 6.113707165403376
49.607467341924455 , 6.146118153039526 , 49.64073591217546 , 6.136806063674053
49.622985824573334 , 6.034764044544847 , 49.632081884838065 , 6.121144738659091
49.57778390708945 , 6.072067719311683 , 49.64402777054966 , 6.157343413424649
49.61213150192642 , 6.137972781140227 , 49.61176396158548 , 6.146748015097498
49.60445407381644 , 6.073717964368261 , 49.64040564629019 , 6.1557506204844605
49.632959555347966 , 6.214389904648597 , 49.60649258748692 , 6.072059830485155
49.57843649611092 , 6.261604570195046 , 49.612034837997 , 6.087225657126757
49.623797047709466 , 6.29346509725112 , 49.62413852763187 , 6.100975138601704
49.62236224862497 , 6.104320865061273 , 49.570426578757896 , 6.112584768951387
49.60594296364175 , 6.129893746822318 , 49.61220081282217 , 6.13311022446209
49.62578751804853 , 6.122694514208688 , 49.57694511356222 , 6.145115829697412
49.59595932892268 , 6.25845370522408 , 49.64492889390128 , 6.173218992262213
49.628458125644876 , 6.15417747979763 , 49.65960561903844 , 6.13193588530123
49.607201354208776 , 6.104153920352783 , 49.62419944255797 , 6.131093043505129
49.59570515600613 , 6.119693457568411 , 49.66494743949418 , 6.122064240392284
49.627017614727386 , 6.18749317978599 , 49.59881607536798 , 6.153203540002603
49.62897586913026 , 6.27011117265506 , 49.62686570203346 , 6.179344245072738
49.58531862351691 , 6.133935450916181 , 49.576594109954215 , 6.0814073562273565
49.6353691702243 , 6.152350014765868 , 49.65667157529857 , 6.129765533945386
49.58728375613217 , 6.126735384552332 , 49.623078284093566 , 6.1929888760057
49.61781461143882 , 6.1618023943663935 , 49.636062672880406 , 6.129908069037124
49.59924304123019 , 6.140439450729709 , 49.579325407141965 , 6.1495589748340755
49.589248044483796 , 6.131240370433466 , 49.621445084273454 , 6.119727990797521
49.61482664025407 , 6.140578182312753 , 49.64126052493252 , 6.046961695974106
49.603102686799225 , 6.153768347495533 , 49.626473000032654 , 6.185646620248905
49.61497989939384 , 6.123113524920914 , 49.622120419467905 , 6.153188297175152
49.653651564326125 , 6.216388300783568 , 49.59243741091802 , 6.145140396555669
49.62486370211806 , 6.127720989643343 , 49.58270343340323 , 5.99152782497325
49.639974432675366 , 6.1473345877986425 , 49.6133143646444 , 6.1153493632055484
49.61544996333515 , 6.19004483883416 , 49.66856333957976 , 6.1489753272926695
49.637442786193716 , 6.1883801200949975 , 49.667204488447126 , 6.021535342873133
49.58790070225619 , 6.112637502001015 , 49.62347625696377 , 6.122919794576562
49.62087327195347 , 6.122247054175385 , 49.636508322288826 , 6.0829335955394335
49.66251255278609 , 6.080136903964615 , 49.6334512791423 , 6.120916977332056
49.618300689743705 , 6.131331040412138 , 49.611892601188764 , 6.092985582094379
49.63885807725295 , 6.140812168787549 , 49.61313992212069 , 6.1737400437510725
49.60375314367014 , 6.1476685912713025 , 49.60456405223691 , 6.128287684704287
49.58746821705143 , 6.176652217617149 , 49.6480125073871 , 6.01294390917466
49.63189313932943 , 6.173421239190543 , 49.6124854821244 , 6.1083861301898486
49.66962298086024 , 5.992590142827916 , 49.6649872997154 , 5.990394285224782
49.63183936144207 , 6.053025197004182 , 49.587819978701795 , 6.17911815917822
49.61995795691547 , 6.223507622952849 , 49.66081944150064 , 6.096112169459112
49.62267076135742 , 6.279251557700941 , 49.6091493995117 , 6.132403522859643
49.60600028038373 , 6.1540007758756 , 49.60170357599981 , 6.107477994148501
49.626763304449604 , 6.01834129215119 , 49.64658170736035 , 6.320312117793344
49.646383555589466 , 6.139294767603762 , 49.57208262097013 , 6.153461668422432
49.661995499483446 , 5.9916890778656535 , 49.63763144267137 , 5.997372606341405
49.64596431511818 , 6.14968204155279 , 49.638590447135826 , 6.229225735784175
49.61075869001692 , 6.111494090105396 , 49.60618908458522 , 6.264524707041365
49.606154029422086 , 6.139298716389786 , 49.621886170406 , 6.180014306243993
49.624239374870946 , 6.132332478572132 , 49.60316060297776 , 6.133002270797392
49.63349721260632 , 6.171700661868284 , 49.61242640326534 , 6.147445470065209
49.638121903486734 , 6.24140706221545 , 49.62127221062256 , 6.168798216523283
49.61057610301146 , 6.131394244808847 , 49.62704374639241 , 6.120781668981109
49.656308963800065 , 6.137610715570188 , 49.63172499947228 , 6.145542995123544
49.60601099083724 , 6.136329155016139 , 49.65836506581321 , 6.148909588891764
49.59570600113114 , 6.1503014174876185 , 49.63120841516542 , 6.128081084497364
49.63976202561018 , 6.074936489531737 , 49.60392470312064 , 6.140596318059559
49.64950972118851 , 6.304784329352505 , 49.61464431767673 , 6.1040870064129535
49.62903409647904 , 6.1286770011644816 , 49.611052848509736 , 6.140313219800947
49.670024432628075 , 6.138122360997994 , 49.568468789804164 , 6.142026003379562
49.63475390787269 , 6.164642681523804 , 49.565283617140054 , 6.15818281042428
49.62366835128529 , 6.131941604883277 , 49.61445372918538 , 6.090301830792431
49.619159157039114 , 6.135195765514941 , 49.599817027636384 , 6.197884067051509
49.60075492018686 , 6.079278276831896 , 49.641049905547106 , 6.14583619214486
49.627992295193934 , 6.124335535506345 , 49.60019052817431 , 6.150535386031773
49.63716910008247 , 6.20269727282956 , 49.60994327955925 , 6.129178767708593
49.6267286000248 , 6.120072589066881 , 49.635683505537266 , 6.179515870548404
49.64334210397179 , 6.207007078491373 , 49.61812844642377 , 6.138553082382311
49.6189681490883 , 6.104468522447376 , 49.59542882338255 , 6.128433489965821
49.633774230983136 , 6.178521380294318 , 49.641063277881706 , 6.163790492619016
49.65396276189607 , 6.141089075560559 , 49.60425898174326 , 6.121740528484157
49.6151556020162 , 6.115772733651907 , 49.60073952089115 , 6.154270311645947
49.61504303043599 , 6.102951740442422 , 49.60692080899568 , 6.157024178367961
49.63736759111792 , 6.215119154321151 , 49.60947136986129 , 6.134924232216621
49.563632640783 , 6.009753207240358 , 49.61565879497918 , 6.1747863179800655
49.61229694156243 , 6.155496738566739 , 49.56969147489982 , 6.171792233404764
49.648528119028605 , 5.9881298173058575 , 49.64091469384266 , 6.193285583237017
49.624920300154464 , 6.10304676863739 , 49.625588321138984 , 6.132635163868914
49.64618588384696 , 6.012152704025318 , 49.60435188476602 , 6.052117771854187
49.620974697222586 , 6.113980295848143 , 49.63604171429987 , 6.154171003128238
49.62544241940859 , 6.116826283828299 , 49.65278611725281 , 6.132038779415321
49.640674549472195 , 6.039209628378498 , 49.62208790340892 , 6.115283794197765
49.64576197376769 , 6.265811727956555 , 49.59970249468745 , 6.121291719017241
49.65885381817404 , 6.145969544751795 , 49.62921021550833 , 6.137323680918826
49.64587750799768 , 6.1333535392249505 , 49.62677952743334 , 6.131290798762052
49.643769457004716 , 6.139339133216827 , 49.59915059281578 , 6.139552539269261
49.66131771104528 , 6.228106917981784 , 49.60450883693118 , 6.211202603624256
49.59525144755789 , 6.04392080960985 , 49.60915066853636 , 6.118743324045308
49.612899353597065 , 6.274361918700602 , 49.6470595044851 , 5.979345881145022
49.599373265411444 , 6.141002367998711 , 49.565344958333945 , 6.165080050713702
49.567727731493974 , 6.118769589597373 , 49.62108723000363 , 6.144585955263051
49.6029587944542 , 6.160242420823149 , 49.63728821964879 , 6.16982653644792
49.61871736748211 , 6.172309150609406 , 49.63383288681268 , 6.1810708751602
49.61268196721603 , 6.114257173404568 , 49.596847734960264 , 6.164704622907788
49.63393145146784 , 6.140000034734416 , 49.65350087733538 , 6.130273253321037
49.59464323337908 , 6.1440228069539735 , 49.61165778921716 , 6.207368389271606
49.62666314898836 , 6.144964718964778 , 49.565516943649904 , 6.0692979362416
49.62249450243363 , 6.172554894277543 , 49.636417334136404 , 6.013450571717296
49.62321550782693 , 6.163791572254812 , 49.6159512744131 , 6.128556142833872
49.65704573826253 , 6.150849895471319 , 49.57516946989564 , 6.074339660800923
49.5893965690115 , 6.290068490832487 , 49.67073526639827 , 6.011555248153938
49.59839852085688 , 6.205059482470115 , 49.58606290382584 , 6.133425908320407
49.603070796235315 , 6.124177675567926 , 49.61095222185899 , 6.133755359196536
49.62920643012085 , 6.170547938266733 , 49.64001978580638 , 6.13905905243834
49.61540538997762 , 6.1158163527265375 , 49.6030754611551 , 6.149847973516095
49.64388200329368 , 6.18850733357404 , 49.60751794868728 , 6.1497071063689965
49.614692362291976 , 6.138216698190333 , 49.59769836314376 , 6.171981606819772
49.5873960341708 , 6.15504769030596 , 49.60990350177986 , 6.100045527214475
49.63787549649862 , 6.155042697579323 , 49.59983942586027 , 6.131715172983773
49.628901346519385 , 6.064833250841563 , 49.612392329614586 , 6.074186782505876
49.62926908999404 , 6.166716672491587 , 49.600588800045934 , 6.148587087003413
49.61206789059611 , 6.081592081126406 , 49.592262302368226 , 6.096587722072834
49.624270670561124 , 6.178938247266794 , 49.628189776425394 , 6.157326054348602
49.619935818529754 , 6.121865535952672 , 49.600295275418155 , 6.141000102452426
49.64538289207034 , 6.140332708990668 , 49.64552168288903 , 6.147438020749361
49.6291745280827 , 6.270721916744039 , 49.6323476061465 , 6.149314207200728
49.62001828694654 , 6.15659894383647 , 49.637541922267644 , 6.17172682796223
49.603051742636595 , 6.1454422807135725 , 49.58723877689892 , 6.125697809314103
49.655201669448324 , 6.146483967350928 , 49.564144660489376 , 6.215073601247711
49.645837344707 , 6.220985994617411 , 49.602218050890976 , 6.145984444443633
49.65510934073835 , 6.1219651867742515 , 49.62023855664303 , 6.189786070056628
49.613094972790705 , 6.136991778488565 , 49.63579084313407 , 6.161858832032666
49.60873871461177 , 6.151394160275604 , 49.64703122739354 , 6.141655294428284
49.62894452637027 , 6.156073124924929 , 49.61229919843078 , 6.1516048575162
49.61175093155433 , 6.05707573990293 , 49.606416663963536 , 6.147949209813621
49.58833782120718 , 6.105265308962264 , 49.61579816582016 , 6.166613470458152
49.60498447359771 , 6.129214863146922 , 49.636674773099976 , 6.1369722301982055
49.63491042851986 , 6.161479790852457 , 49.63666716687755 , 6.183729307899587
49.66657973646643 , 6.074132515606167 , 49.61741725037182 , 6.163475553019854
49.62694368245595 , 6.138915774777411 , 49.582025093548715 , 6.112470974116317
49.61149678792083 , 6.107011176051394 , 49.63330474012707 , 6.025995986094724
49.61849856032259 , 6.152294558501237 , 49.646710412691775 , 6.183858884979697
49.656187460808844 , 6.309194321519384 , 49.64057281411554 , 6.191127624842088
49.597371538753265 , 6.153122941966248 , 49.62331092429716 , 6.108080679920039
49.59245272247231 , 6.124178759926969 , 49.59818558488328 , 6.149758876918828
49.585587251093564 , 6.142404116312716 , 49.625638027148405 , 6.188279765981974
49.63239849398774 , 6.0476939449418605 , 49.58425328868968 , 6.142756181646792
49.608165455625745 , 6.123897574769576 , 49.608082240313614 , 6.1213687591663595
49.57995886172967 , 6.130273329998713 , 49.62241606137025 , 6.18061656993856
49.64488235687296 , 6.199626999021998 , 49.667114271374174 , 6.047156892070377
49.60196889044045 , 6.132155656026323 , 49.63338676014812 , 6.188864202108346
49.658604480394274 , 6.141083332668744 , 49.61469293175818 , 6.111742284605294
49.621385285709074 , 6.121194018413154 , 49.5929578148039 , 6.139236450877893
49.589340302168964 , 6.119503302564411 , 49.61831765936809 , 5.999436374124322
49.596473917431524 , 6.137319828396592 , 49.57230131130517 , 6.286650829069355
49.635678863974604 , 6.139047854420502 , 49.61957156509336 , 6.278370232674599
49.57048572875751 , 6.094674025233792 , 49.66438027870747 , 6.10428210782667
49.618367327434264 , 6.1150462223195365 , 49.61975225684607 , 6.184471571341118
49.58731153695379 , 6.145176575808005 , 49.62682568735213 , 6.102477895323321
49.60704485639624 , 6.15452942307258 , 49.61551938338147 , 6.109497833744868
49.61838935092971 , 6.123578365072228 , 49.63591472606424 , 6.1727950287970845
49.63754421304119 , 6.145112094607448 , 49.63878928324804 , 6.13797796111233
49.61316707802409 , 6.178797238005888 , 49.61011386073893 , 6.132745126121153
49.65665511817537 , 6.152498391378268 , 49.59489391167364 , 6.143632691951965
49.62154594023059 , 6.109996790914614 , 49.63252879485201 , 6.122280432661626
49.5999495909428 , 6.14133509029892 , 49.62925357594556 , 6.224148426773787
49.58217990819611 , 6.198222073542222 , 49.64116556729874 , 6.262078553455035
49.620513017029715 , 6.08440919335337 , 49.63128648988082 , 6.123729355554165
49.62943136747362 , 6.131040857915184 , 49.62834930730399 , 6.119742476090301
49.62678316560443 , 6.1106403535659455 , 49.62901218876097 , 6.144781467805555
49.65481678682282 , 6.249081044193264 , 49.62541923868842 , 6.1197928973395195
49.648744453065774 , 6.141180224557016 , 49.60618402690526 , 6.139717956521896
49.606020028403826 , 6.1574220764249326 , 49.57570915305726 , 6.141177834371503
49.6201647695463 , 6.157645937247216 , 49.60366214363907 , 6.186591934769517
49.66082206000872 , 6.129859735902694 , 49.61692671698565 , 6.155310591311475
49.58794566998458 , 6.152248126515814 , 49.60774703442641 , 6.128113977969023
49.61264068817204 , 6.082202997325361 , 49.60830253600874 , 6.140068652122807
49.608572666800015 , 6.14724820354997 , 49.620342901133334 , 6.157612617999231
49.65067814782516 , 6.092251130838963 , 49.624214357786315 , 6.117279280499701
49.64915039249929 , 6.000180400486729 , 49.621751906846036 , 6.2781155054339886
49.63165801385257 , 6.122540926741485 , 49.63118705812282 , 6.121109991331984
49.63041575245489 , 6.161482339498801 , 49.622770114588924 , 6.105668755104675
49.61353807087723 , 6.11387141493232 , 49.66057102219181 , 6.09171055200735
49.63157194752554 , 6.064675391680114 , 49.61018364680168 , 6.1283363307651735
49.60680697095278 , 6.1499697540839735 , 49.62936161044479 , 6.189961361769645
49.592611483369055 , 6.155408467818004 , 49.612264761361004 , 6.129517833222864
49.6238187824785 , 6.181325040898778 , 49.611057973873315 , 6.138075444963104
49.65661341328077 , 6.1473984229886875 , 49.62455367413742 , 6.1548843081811615
49.61217324763806 , 6.074772619339317 , 49.65472684582122 , 6.1392377372308395
49.62356874308653 , 6.145570272887879 , 49.61235047514085 , 6.141050269323677
49.6327024386779 , 6.032978498651357 , 49.60307661712158 , 6.113385778280248
49.60544437481545 , 6.148430508728954 , 49.612089269997654 , 6.105713553098676
49.62444969473021 , 6.015915560861916 , 49.585742011429 , 6.137339632703607
49.580175667627955 , 5.995345145073628 , 49.59195142550045 , 6.104252790565864
49.61206816726979 , 6.156001139720491 , 49.62700663710398 , 6.191310027350791
49.629861668004665 , 6.180428039249603 , 49.596814555345055 , 6.139098932369809
49.627496319307596 , 6.114327563804761 , 49.60238092424624 , 6.154190422645725
49.622130113545495 , 6.0904858353162235 , 49.612423905654126 , 6.1441529174119465
49.66673375157238 , 6.313718478779666 , 49.59758720867706 , 6.139748506725515
49.61516823525813 , 6.1315688407801545 , 49.63743844209358 , 6.191746543019086
49.6122481007478 , 6.1891545630673 , 49.636170350884555 , 6.183193391256081
49.59402917101868 , 6.014920314650939 , 49.58950779040331 , 6.180663758500986
49.62463201614306 , 6.115587432308103 , 49.64500294676325 , 6.149009035064814
49.596678474782756 , 6.139867146701454 , 49.62530057273056 , 6.152650866296328
49.608624593579435 , 6.1348150889844995 , 49.61081135031233 , 6.11728730711248
49.6043378578708 , 6.1328064819090855 , 49.61211850294075 , 6.212302896477777
49.62133863348698 , 6.179777230350806 , 49.62094564028248 , 6.1723318625306485
49.6440197580234 , 6.138485881098257 , 49.611046004254604 , 6.1333648395394995
49.65642406705949 , 6.112700916114157 , 49.63064987907753 , 6.101078115834683
49.596150001426736 , 6.1576360765155735 , 49.587242493002115 , 6.1285356157336865
49.60338573526974 , 6.140715268680695 , 49.636620680443556 , 6.17786344930338
49.63575663376703 , 6.163670411749036 , 49.60715029360428 , 6.084460522901538
49.609652169941164 , 6.156239730493529 , 49.64359266057228 , 6.031766929373196
49.61911969907421 , 6.11565818499987 , 49.614781783999646 , 6.060293398805714
49.6116215524227 , 6.133484882642913 , 49.59565578759527 , 6.26150626671481
49.66758925482077 , 6.078263349047939 , 49.59584995882389 , 6.122445523662852
49.653750907165744 , 6.247478277989081 , 49.65203356275832 , 6.002034766119545
49.639265598435074 , 6.277646062884158 , 49.6459715204959 , 6.176648687837255
49.63386005834806 , 6.156373831849698 , 49.61226901157964 , 6.107034686000856
49.634516411569585 , 6.081274544089369 , 49.63031458471202 , 6.207203448624056
49.6094293872246 , 6.070981474021944 , 49.62375420439898 , 6.039475567195299
49.596394103249445 , 6.153671021067369 , 49.6205150269632 , 6.130222063986721
49.60792435131031 , 6.130541126166484 , 49.6137490427018 , 6.127807074616038
49.6371057031642 , 6.138690789040055 , 49.57359473393325 , 5.988291795371285
49.66258293628234 , 6.141138922716568 , 49.62624146198307 , 6.1981731356557965
49.569571004941785 , 6.240366042668423 , 49.58312860564597 , 6.188445972966956
49.65323230665254 , 6.145912446021701 , 49.62136599466925 , 6.147180181448363
49.623669647170814 , 6.134963047861663 , 49.614209528977554 , 6.142316293315784
49.59734847919173 , 6.13767899152527 , 49.60598396406688 , 6.330643042173539
49.60745595083099 , 6.149775852689763 , 49.58986492006956 , 6.143714500757211
49.61041631367036 , 6.141272734706654 , 49.62497058926453 , 6.158905216218579
49.62934055369039 , 6.159603170876768 , 49.58281941912786 , 6.1681623131611465
49.6101030075229 , 6.313402003674956 , 49.59117713705321 , 6.147153232937395
49.61763029166254 , 6.052421938376135 , 49.574750699662935 , 6.096108793271143
49.592662925854874 , 6.123020981393337 , 49.6270457648806 , 6.1205175664500615
49.63510799541989 , 6.09367669201946 , 49.60369149908653 , 6.130332136291636
49.58743901092681 , 6.171706095468391 , 49.6293780777324 , 6.180958123384286
49.603793311379036 , 6.148642344623884 , 49.59688327659284 , 6.195245049621918
49.62046822385696 , 5.991353917976857 , 49.623325710466666 , 6.13902060186539
49.600505965305395 , 6.120187249755148 , 49.61253903817268 , 6.057556907357736
49.607645087240854 , 6.148423899905901 , 49.62397537136324 , 6.101008690098798
49.58501212196901 , 6.088163412035188 , 49.63336520717318 , 6.133199507479274
49.630664782500126 , 6.124170685987323 , 49.601807867074456 , 6.150444927303783
49.574244664368365 , 6.163524593341379 , 49.64255158919294 , 6.188340575859851
49.6222832695688 , 6.14176336288659 , 49.65919196689089 , 6.07566814693293
49.57199565566849 , 6.033632641540428 , 49.66045938298066 , 6.148841446188066
49.6124775469262 , 6.141691338243029 , 49.667911965832026 , 6.015125001527976
49.61003167778486 , 6.16399121279225 , 49.62253698990172 , 6.082943169194933
49.61390146644893 , 6.073119066145607 , 49.59600998068992 , 6.132928763265025
49.58355044249704 , 6.181661058081846 , 49.59943931906698 , 6.1563070415490575
49.61043692126681 , 6.14228852749943 , 49.603639244047606 , 6.148311703221439
49.590265546508455 , 6.151972637489449 , 49.570298288471044 , 5.986649083801196
49.648227866258274 , 6.1435651728718215 , 49.63281739911205 , 6.188809522353273
49.60397105980562 , 6.157565231668663 , 49.57533339787336 , 5.9870784862563236
49.63803572767762 , 6.278390301197588 , 49.63173058365879 , 6.173323910700183
49.62507081774273 , 6.1351828186151405 , 49.603098599978814 , 6.145831260674023
49.62551120970292 , 6.167460535444201 , 49.585158313986994 , 6.154692125574367
49.623638728092835 , 6.154377647143996 , 49.66730957723167 , 6.04601248333931
49.610312484035774 , 6.130966938837795 , 49.57283321415758 , 6.162512947677059
49.60621466658989 , 6.064629578795805 , 49.609187228953004 , 6.26269545122019
49.64072827407423 , 6.149171262536547 , 49.60573401958872 , 6.138349368013255
49.62509111651522 , 6.189319900752141 , 49.638294187896 , 6.23301899010014
49.635335387454845 , 6.280776826378207 , 49.629504657391 , 6.11593892393632
49.60016340452496 , 6.121855073793384 , 49.61531513624817 , 6.119975317978446
49.6045603741263 , 6.138678673049896 , 49.626553562914374 , 6.114726246604503
49.624455552219445 , 6.152402877426286 , 49.60908150004535 , 6.118764183706341
49.63674956527653 , 6.1887983596735925 , 49.6139002848131 , 6.163685026742225
49.62900259230128 , 6.080879628278683 , 49.602178711750874 , 6.131725926914744
49.62400992934382 , 6.136173359862312 , 49.61769360367292 , 6.054717305591843
49.61552950641133 , 6.116336601210201 , 49.567459392733994 , 6.013008151023253
49.60821226867235 , 6.1328316804510195 , 49.594102521148926 , 5.97934927300762
49.61196890534861 , 6.143974847406732 , 49.617774665574046 , 6.161516796200062
49.59575609728808 , 6.141158941674807 , 49.575212943449245 , 6.153438549664089
49.62759774586031 , 6.266835036149131 , 49.61130884925138 , 6.1738545000108624
49.64147693799738 , 6.1641243217702755 , 49.59685619169522 , 6.144847759563796
49.59886833733436 , 6.145417338806459 , 49.60079540364657 , 6.143238174054384
49.6491956033081 , 6.056417887881283 , 49.64592626614701 , 6.147507260116651
49.63053506152143 , 6.124187964069025 , 49.6044472934005 , 6.156588546212265
49.62601912088857 , 6.1321133517840405 , 49.60870243728549 , 6.10242101020352
49.59853053021278 , 6.262220848193828 , 49.60625168201369 , 6.147260451008699
49.62721304055567 , 6.1325484411792335 , 49.66482713391857 , 6.083733164451176
49.617957865956704 , 6.194220202027546 , 49.60832319381333 , 6.140174251546358
49.64385616091156 , 6.170636537867235 , 49.61794188971927 , 6.0828277846748655
49.563485166636944 , 6.1330371301171205 , 49.667934945563495 , 6.2397176521216196
49.63407588524562 , 6.142854535208771 , 49.66785166650668 , 6.310610342924693
49.60663978231528 , 6.118128633487418 , 49.6701890342665 , 6.17340129845189
49.60823609524925 , 6.150428782426503 , 49.60513415248804 , 6.133079288855474
49.61920061589595 , 6.128710933615885 , 49.628395969810725 , 6.170364520171089
49.6142809562451 , 6.172690043638208 , 49.61613295958226 , 6.145369574035871
49.64099568188233 , 6.141251515881994 , 49.58799621522893 , 6.143992493424195
49.60305844189658 , 6.137199720726346 , 49.62336708463488 , 6.125698031643513
49.629472409113546 , 6.034906006521462 , 49.61655560130885 , 6.122115254427779
49.57735271966704 , 6.028228180408836 , 49.652478838949115 , 6.097673006388552
49.59971993478317 , 6.313307218118707 , 49.60272762708599 , 6.144663324262155
49.616545824069014 , 6.086443780744417 , 49.59667592105995 , 6.143682123353039
49.59451249322903 , 6.180889806525144 , 49.669093690732666 , 6.29743086653161
49.6075427305851 , 6.114416728127041 , 49.628739958926836 , 6.0984670139872
49.63360765955862 , 6.108372249394144 , 49.61915230505841 , 6.193438063511005
49.67045788116742 , 6.137911826122361 , 49.617485718538816 , 6.246882308589341
49.62889807221003 , 6.1957752410265075 , 49.61967049796012 , 6.106744570572257
49.635185938128856 , 6.118584476028209 , 49.62203874194834 , 6.119376843131232
49.629372924280666 , 6.119858983556469 , 49.619283262668795 , 6.1142299522802235
49.61761787602806 , 6.036711788351399 , 49.631402432092344 , 6.229024984962532
49.570672738267874 , 6.318933516010476 , 49.63516782270371 , 6.271939737495754
49.625621978194836 , 6.170576922829154 , 49.603893883368364 , 6.124137716615727
49.641737362378585 , 6.023254586102904 , 49.57946818211455 , 6.156055613265507
49.60215245525663 , 6.214808732155533 , 49.62302212875325 , 6.081090257962483
49.6162417329824 , 6.15343333830906 , 49.622881575846165 , 6.133145372985469
49.647212847343916 , 6.00343306086727 , 49.62324437559238 , 6.130472949432854
49.617439880811986 , 6.2742821257069314 , 49.66228506283228 , 6.074603651508945
49.61606526621396 , 6.125284748695328 , 49.628253701779705 , 6.146484179518511
49.590979554250936 , 6.195683474954207 , 49.604397136427266 , 6.165270072184936
49.616814212495875 , 6.172659008416765 , 49.59500027940448 , 6.117048812583677
49.58821659743326 , 6.136504696897752 , 49.607247586704 , 6.111522487878417
49.62340196261225 , 6.164164272233336 , 49.669375477258264 , 6.121208569578021
49.599239690630824 , 6.2428116778962455 , 49.66419499481126 , 6.302300959519708
49.65886402414034 , 6.129263825532874 , 49.60781075477086 , 6.133032442314229
49.62690507264298 , 6.160328269921089 , 49.590049958052425 , 6.1468590272423365
49.612069635861445 , 6.062892746199228 , 49.57969556913032 , 6.241520969176313
49.596235577809495 , 6.151292789881629 , 49.620575111305754 , 6.132299471181503
49.60379305899361 , 6.153092480055076 , 49.669778799996934 , 6.079592595687569
49.60234747932096 , 6.14218020509886 , 49.62010452102673 , 6.061135375319914
49.59749990979937 , 6.143043688058532 , 49.60731497163674 , 6.180343430523689
49.63393846916531 , 5.996812941510404 , 49.60207005167906 , 6.149264852350681
49.6225262048302 , 6.087475514849335 , 49.64628268344197 , 6.250071942118706
49.574560213569214 , 6.00102560574925 , 49.57840764743309 , 6.166973134866652
49.624559311369325 , 6.1758136828862344 , 49.66672033549889 , 6.293275715984895
49.609726342021645 , 6.14654897287403 , 49.588200371359726 , 6.122886841453171
49.56522823709159 , 6.033028644603169 , 49.62451772315419 , 6.194019280056384
49.586102843343376 , 6.168970379965368 , 49.59786846961865 , 6.151549936546115
49.627916046720046 , 6.164637896504623 , 49.619739784751715 , 6.131596058334265
49.62731081666449 , 6.1284827827816315 , 49.606443354048565 , 6.157192699191717
49.600940328259206 , 6.2099512534548715 , 49.582061332688774 , 6.229252838584965
49.60435857855716 , 6.206937273406923 , 49.6156529262584 , 6.112944942539524
49.63600175937873 , 6.011438320485469 , 49.666513637041106 , 6.0785127578550275
49.59657398888656 , 6.146386995156916 , 49.61254717421902 , 6.1202525464957995
49.649403960556256 , 6.005955760539084 , 49.58825860723836 , 6.132395561416533
49.614673187387254 , 6.121125497970451 , 49.62760938420765 , 6.130264343732547
49.56421295566959 , 6.1221531311938095 , 49.60685012199469 , 6.204536043276303
49.56967209624096 , 6.162712872692919 , 49.62555820116289 , 5.989078326420712
49.61215404057288 , 6.159766391914433 , 49.6274866886664 , 6.11975972004127
49.617622205071015 , 6.148335531646115 , 49.624036138718495 , 6.091183279118415
49.598129742618156 , 6.124769764801424 , 49.6097540840714 , 6.147630602786265
49.61689499392114 , 6.0965610094075116 , 49.62270075765133 , 6.17972005985982
49.58679659653628 , 6.154430144448944 , 49.61043483998457 , 6.130612568947727
49.63262517999013 , 6.120541678228447 , 49.639374016989294 , 6.1429217184941605
49.60550556934595 , 6.137446768396108 , 49.62703608562272 , 6.10945874038201
49.619380111730194 , 6.149217237029081 , 49.622537646054106 , 6.205291565959382
49.62035567151563 , 6.11554406000946 , 49.57907810539981 , 6.165335912888995
49.648177261103356 , 6.139155577436222 , 49.62235620263331 , 6.113906786592316
49.6119214013106 , 6.141613020108738 , 49.583878547604535 , 6.138511255348765
49.603087999549466 , 6.150430755116967 , 49.65226536727994 , 6.016428729870353
49.61666630671608 , 6.16573190385092 , 49.60246746455404 , 6.163951241148611
49.6014881042754 , 6.112650647632749 , 49.605606923469985 , 6.148751992874121
49.6094292488015 , 6.130068305865963 , 49.603844350828496 , 6.082257174421405
49.57698842689849 , 6.1472919764917355 , 49.625715272601084 , 6.176790749969169
49.62329658907813 , 6.162108957176332 , 49.635143706852006 , 6.137158397889999
49.61604308325735 , 6.255974559901088 , 49.603704158825174 , 6.138301352129205
49.61719427256517 , 6.16643414657045 , 49.654381389842605 , 6.1465288070543505
49.639918876543916 , 6.169622428474379 , 49.629111763351645 , 6.285157009638525
49.612193210298 , 6.105512831406797 , 49.63542050466231 , 6.1702609551364525
49.6412173598313 , 6.148350057030532 , 49.663296380477355 , 6.099915526931906
49.60566435880168 , 6.0248379798369625 , 49.602689775658334 , 6.209853843320171
49.6616831154505 , 6.0919136326751655 , 49.573709660175645 , 6.039527767781327
49.5985475393579 , 6.155350873354742 , 49.5959151461728 , 6.1578716062892065
49.62143020422259 , 6.104907739204237 , 49.60430929135337 , 6.1384475550340385
49.62377978288791 , 6.053158531169996 , 49.638018284146526 , 6.163166506585703
49.610647703322506 , 6.1079783228765905 , 49.58311039274558 , 6.111962563573601
49.604035486001735 , 6.142929386662775 , 49.596647489307074 , 6.166221742688931
49.6160723362755 , 6.12692248043482 , 49.57851913249177 , 6.191687426698835
49.60820097417373 , 6.140962163301957 , 49.58791710133595 , 6.170616094622851
49.584846459228544 , 6.117515767597225 , 49.64793679270515 , 6.136261382121475
49.62901681608115 , 6.1489503345780285 , 49.60969753140577 , 6.14608360658527
49.61753719327395 , 6.1429330602089705 , 49.64586910576778 , 6.175260531701785
49.62095799389275 , 6.120629555746163 , 49.59709824844944 , 6.137594652058877
49.625081866239185 , 6.111144590305018 , 49.62082263174049 , 6.015025486035305
49.61909865755632 , 6.125754632280255 , 49.59350425931407 , 6.20574052652518
49.584092281200356 , 6.134568874526644 , 49.612669343666205 , 6.090638539726983
49.596601964721366 , 6.128032645995974 , 49.611655074587915 , 6.122019115393439
49.627883720411035 , 6.1884386502650175 , 49.61083902339619 , 6.28556911092181
49.59605048949153 , 6.136865386662768 , 49.6135921928533 , 6.215815333387088
49.5830644410048 , 6.1415673008280445 , 49.64464176228553 , 6.010072489041731
49.623193759184076 , 6.114301327353463 , 49.5889796823405 , 6.0705573090718
49.630582888772 , 6.15772464301789 , 49.565952904567666 , 6.185696785386092
49.670366355050184 , 6.07345548168985 , 49.63973320933628 , 6.136934388101762
49.60963285199905 , 6.118829340721876 , 49.62539257976788 , 6.111268720985485
49.626285269635034 , 6.1195982014837496 , 49.62138791147279 , 6.195125216862731
49.614537334610006 , 6.070145884287018 , 49.592279703450096 , 6.202319306453175
49.622665567754616 , 6.191177365037212 , 49.620479763073234 , 6.129773550383919
49.62748605318067 , 6.130133701814328 , 49.59006306695544 , 6.249709032759597
49.63208564668973 , 6.162633723573455 , 49.612314504459796 , 6.11450731349026
49.604999381566095 , 6.146609728827678 , 49.62839161682852 , 6.122733564511936
49.63826202352821 , 6.139714233612615 , 49.627526207604525 , 6.170590724607951
49.64148031596215 , 6.180850103844979 , 49.563611953363505 , 6.153914895908367
49.63981811880966 , 6.014297549233908 , 49.66755075796578 , 6.141604237283723
49.623437043940534 , 6.16542834549746 , 49.622906292073736 , 6.123109609040115
49.61175960849867 , 6.129521767597311 , 49.60998405011063 , 6.14930775512951
49.59537880899587 , 6.1754712609220155 , 49.6043981984224 , 6.163079152498183
49.60829650821937 , 6.21294490035247 , 49.60651664168418 , 6.100706167610305
49.651614773909856 , 6.003829693022078 , 49.59165849993258 , 6.157054915178874
49.63640543716862 , 6.048554153679277 , 49.6282996509124 , 6.1724964665077575
49.62770666483463 , 6.270240881477076 , 49.599551922109065 , 6.219208742383768
49.60789032735923 , 6.143976871192973 , 49.59692390117892 , 6.190460821203808
49.609824463301635 , 6.124928170252359 , 49.636719838497044 , 6.185682758706812
49.57851431877649 , 6.174979091225659 , 49.584342542914754 , 6.263089202955009
49.63420302674778 , 6.088850137855806 , 49.606325950690426 , 6.145621361149091
49.63535669479236 , 6.134345604668471 , 49.605652068158875 , 6.064045561964896
49.621647134325165 , 6.118612660770931 , 49.61292998375712 , 6.143866156518371
49.651988355947665 , 6.330391734762277 , 49.60282843479806 , 6.1114559070808525
49.60245606132371 , 6.153349376704751 , 49.63249378942007 , 6.150093795549766
49.579632869270895 , 6.13038397645087 , 49.621710856587875 , 6.132471484202085
49.64119382614664 , 6.139091676416239 , 49.59932709417348 , 6.13587749097679
49.64534729395415 , 6.162546117539472 , 49.614890454648986 , 6.115326005214251
49.64141955929184 , 6.149706747140072 , 49.61413618395298 , 6.288854682071884
49.657476056822276 , 6.147244729339018 , 49.623192729528824 , 6.144917152327273
49.633729847612635 , 6.1575487213971805 , 49.59584101606812 , 6.178434382164757
49.60610311259912 , 6.2760940179412685 , 49.64603100379716 , 6.2340077052061496
49.628778401849914 , 6.031304505422289 , 49.58358990988586 , 6.167214554684703
49.61962909276547 , 6.1205931738188175 , 49.60469427146983 , 6.108459248276762
49.564712774505836 , 6.018415238448268 , 49.590297238866995 , 6.107836796314374
49.58741143531124 , 6.162603590623638 , 49.59685257078602 , 6.129322308085779
49.57811296733442 , 6.178710383136994 , 49.63924739671854 , 6.011652446181186
49.596521219494065 , 6.15604804581399 , 49.62320558523152 , 6.163834233146282
49.61368567373185 , 6.155124762528007 , 49.61489804909829 , 5.998707060429116
49.60469712015822 , 6.141089178567256 , 49.6248613914205 , 6.133703955467636
49.623707191216546 , 6.1814231541248015 , 49.577015205424786 , 6.162583193304054
49.57927121590144 , 6.113804196458375 , 49.58715711027371 , 6.178236850940737
49.62428704722385 , 6.182980053950006 , 49.62960241364423 , 6.012244367667821
49.579009752065936 , 6.1624180173895535 , 49.60968079613407 , 6.108374035771406
49.62094403530177 , 6.0472991467981645 , 49.616697976964765 , 6.124273737245981
49.66536211026515 , 6.153035556334085 , 49.62108576833505 , 6.195260637278682
49.60256750884693 , 6.129467609442145 , 49.657217811800514 , 6.139489717331272
49.56756850674113 , 6.156309167699068 , 49.649777712435544 , 6.072163107324505
49.62313260658821 , 6.126320796862229 , 49.62556499658009 , 6.069648130799482
49.625435423908584 , 6.111272353102007 , 49.59913357960771 , 6.151778019086584
49.668398431908486 , 6.1318012439567156 , 49.66583631481383 , 6.128473684320747
49.6168776130062 , 6.264711111884843 , 49.563093896413655 , 6.05426565469908
49.62054063317668 , 6.080817722271235 , 49.59154961617481 , 6.1264831184424375
49.63406399973067 , 6.133443736748449 , 49.59902427846766 , 6.139206812792033
49.61766597839011 , 6.130182351075968 , 49.639972222339566 , 6.139892591946884
49.57059327980553 , 6.152976600679058 , 49.60969847087867 , 6.133532056270513
49.6035041320857 , 6.148479078706235 , 49.632209320696866 , 6.119622137242421
49.60655652078548 , 6.104835782796137 , 49.605826511833335 , 6.145382128223221
49.60189281323905 , 6.146495447838144 , 49.62914255793226 , 6.113113051768561
49.57639395329734 , 6.174344352803547 , 49.60592164650618 , 6.1241803214949035
49.64599312292012 , 5.981599596492342 , 49.61264522358401 , 6.154948412053054
49.60408153758068 , 6.107032712891615 , 49.621400612544186 , 6.27816526564876
49.62213063325785 , 6.15852192900846 , 49.577832538056356 , 6.233143012413366
49.62828624676576 , 6.105538576143297 , 49.66553531799511 , 6.1473567734227075
49.59902218729556 , 6.140891964772386 , 49.601787367651205 , 6.140854012848847
49.59400761488711 , 6.141377423103237 , 49.63330021546028 , 6.0417401259481744
49.62788159568489 , 6.163822799720164 , 49.608628473805545 , 6.129003378471846
49.59226553180821 , 6.135958454536002 , 49.63071901453551 , 6.080125538531454
49.61738694163068 , 6.128830782953189 , 49.61495245561957 , 6.145386240722578
49.603284736113935 , 6.154112472448223 , 49.62018899179354 , 6.170697896568772
49.66884382408571 , 6.264116923185642 , 49.58205859136495 , 6.136833418499443
49.63802855946935 , 6.157718158592744 , 49.6208260212792 , 6.150440272667992
49.65899265899781 , 6.130933625140971 , 49.60067196972778 , 6.155516541555999
49.605845436934295 , 6.131430474096219 , 49.618707036507836 , 6.138934212772012
49.57328025027605 , 5.996192342651779 , 49.57542761894412 , 6.1795454983332165
49.632867874933275 , 6.223275132271945 , 49.617504519179704 , 6.107433018006027
49.6033990263379 , 6.137393034498548 , 49.596554373239684 , 6.230066661708533
49.62207514092604 , 6.1556555093617575 , 49.608343796641535 , 6.138646084619123
49.576343271929716 , 6.130663780942391 , 49.61528106417135 , 6.122487721729377
49.6648741542655 , 5.986199392046654 , 49.60969195821207 , 6.12268871359598
49.600010544039115 , 6.131938007273025 , 49.647200174342835 , 6.147130633201156
49.57756128030908 , 6.011465573924513 , 49.61412950253781 , 6.111700005257827
49.598766427522655 , 6.143434070230016 , 49.622989008876765 , 6.1441187167511915
49.608052485790544 , 6.151602744618697 , 49.584901364829435 , 5.995298545755209
49.63606030733888 , 6.12400202042065 , 49.61425963292766 , 6.1084439141389035
49.60589207121335 , 6.143148189224619 , 49.65115110927103 , 6.221670730543643
49.6562221035694 , 6.138346803601259 , 49.62726896661594 , 6.166479894178146
49.61038328840029 , 6.089168368761795 , 49.62682797924338 , 6.184154396722313
49.663653394315915 , 6.148768924086073 , 49.65708743776529 , 6.300420153465427
49.656864239758285 , 6.111510312902864 , 49.637561792300914 , 6.136501496392035
49.58140233084574 , 6.149640204896021 , 49.61464781160336 , 6.129855469868814
49.62193049962355 , 6.220030512533018 , 49.63543667462488 , 6.158419364409072
49.59346672105113 , 6.140538336050988 , 49.613546828890115 , 6.1252891928522
49.65085653473278 , 6.133431597704496 , 49.596913153769975 , 6.1307945846737715
49.661604725688846 , 6.139913629684529 , 49.61041728796097 , 6.155203637803412
49.616096023963046 , 6.1651811732015815 , 49.63051060234203 , 6.16601936072079
49.60827615546352 , 6.124585485401609 , 49.5989819373281 , 6.15369573446622
49.613456505349085 , 6.137426933907838 , 49.61760854605879 , 6.128998531267816
49.607996423847325 , 6.145786944740152 , 49.60873574636043 , 6.1550819308058315
49.6104423765737 , 6.129277860472304 , 49.64355648295079 , 5.981890797354748
49.63802353890657 , 6.145426980792864 , 49.66772040771503 , 5.99137693717801
49.642192818065894 , 6.136101951864249 , 49.61361918933507 , 6.163889762655706
49.61251489896098 , 6.233144633537002 , 49.59347856448874 , 6.154687695667826
49.59690391659198 , 6.211378649415819 , 49.63697868929742 , 6.1289723987081395
49.62273732795179 , 6.039220214010798 , 49.63528156741322 , 6.115186384593242
49.57482060071847 , 6.167005245233553 , 49.57789469114796 , 6.1619327103689505
49.592449160470075 , 6.156934647939434 , 49.57868031092627 , 5.988002151017916
49.61994474129752 , 6.162739089110839 , 49.63581917298836 , 6.143309664464171
49.56298512154346 , 6.169838082496458 , 49.61914202598492 , 6.120128710751959
49.56533909168723 , 6.159869464605334 , 49.588908602960565 , 6.189515274140819
49.604857421640446 , 6.063778614802977 , 49.62407567213395 , 6.079162542723716
49.598503527050134 , 6.161962676356485 , 49.61217257366267 , 6.1193355475558615
49.60648523414594 , 6.148552280677645 , 49.620451523743995 , 6.158593765413977
49.62807330119369 , 6.091242385992984 , 49.62022652825363 , 6.175918309696212
49.58453185336158 , 6.156165472257221 , 49.62161658111577 , 6.172635881416314
49.62388267382026 , 6.0959673102589464 , 49.656791109759865 , 6.147016931800092
49.62018786783069 , 6.122049340960821 , 49.60797289371979 , 6.131773301128564
49.601917094888464 , 6.152551615373596 , 49.61539448935347 , 6.053807555920219
49.61271354455635 , 6.2410788623152555 , 49.61577830542944 , 6.171133787081601
49.636727782830015 , 6.1433418265973865 , 49.593458064787875 , 6.13932828064625
49.65226940958897 , 6.136586517222717 , 49.62057743584208 , 6.118677280512746
49.614083425608705 , 6.124820711003042 , 49.61017120691228 , 6.126314830169705
49.61296254711593 , 6.174864426926828 , 49.60563415372824 , 6.146019858408186
49.62412546227187 , 6.1609847015730885 , 49.67010715023423 , 6.157772254376516
49.63743227818641 , 6.130916001250711 , 49.612644659317496 , 6.140022394505359
49.622730957177694 , 6.112138424831548 , 49.62657206056312 , 6.136315713665918
49.624249989275505 , 6.086972669520835 , 49.65128722740512 , 6.013888068008455
49.62127214961818 , 6.050010858505574 , 49.56877674310542 , 6.121645951658736
49.583579353033436 , 6.1447539495263745 , 49.60048692451774 , 6.146667781355465
49.61199641927256 , 6.100898091848056 , 49.61097271626026 , 6.306276457217201
49.620574911260704 , 6.120799754151194 , 49.649597713174224 , 6.140014597675614
49.59979576271222 , 6.155661340863434 , 49.598947501383215 , 6.224318288260142
49.62299715581979 , 6.16095827479759 , 49.62454186886817 , 6.109106535065966
49.563230708409364 , 6.153828585461341 , 49.62246158050991 , 6.162214693689224
49.64354730996628 , 6.1533157419695685 , 49.61552910666986 , 6.147043447837946
49.564598061374376 , 6.273264775956089 , 49.58710089702369 , 6.271095232662422
49.601967111445994 , 6.141601341570731 , 49.61436542064586 , 6.096220682145729
49.64977088641536 , 6.20165389577925 , 49.59596089046428 , 6.122494564092695
49.61183840892611 , 6.122072956564915 , 49.64424227647025 , 6.157623240009489
49.612707951318434 , 6.138564670568575 , 49.60761840013524 , 6.16633659541545
49.61483683850702 , 6.177749361980374 , 49.62607962939377 , 6.0545337601246425
49.61704562565996 , 6.131556247714515 , 49.62545530584075 , 6.135722959411915
49.57010291714235 , 6.069882189462632 , 49.62149187499461 , 6.272908721913027
49.625645902264424 , 6.120123200679689 , 49.623920362203584 , 6.118689038811774
49.6158317277531 , 6.12813473453647 , 49.58060707437726 , 6.14145296228615
49.59703372786989 , 6.170324097354584 , 49.62926301072574 , 6.113898503914509
49.649070314655404 , 6.278792874178 , 49.62646802506755 , 6.1061281673113
49.5956128637948 , 6.104909903579057 , 49.60324294536689 , 6.156761785400908
49.603958062482235 , 6.004114523305723 , 49.58962559712982 , 6.127956593286295
49.65934274453176 , 6.234687686771721 , 49.57895322738625 , 6.1630875128075555
49.63921952025676 , 6.16333510406765 , 49.60433792370652 , 6.1353864447951185
49.624698115648506 , 6.132087236930442 , 49.57910862592631 , 6.134618977667183
49.58172705901649 , 6.14441840090549 , 49.58491478256431 , 6.169952947560877
49.62495400382333 , 6.111888023731353 , 49.65066830289005 , 6.128548160663383
49.61165888964232 , 6.13784586104614 , 49.665290631556395 , 6.071497435766584
49.58343933150936 , 6.120213151893047 , 49.615603238856 , 6.078639718337524
49.61477248124186 , 6.11296622056379 , 49.60481716789623 , 6.06523884442121
49.59551391409143 , 6.136573381034561 , 49.628182461880094 , 5.996953161903204
49.65673490491815 , 6.287421381334099 , 49.59992448768425 , 6.128460962756763
49.63298401863685 , 6.155529482232181 , 49.614473929960276 , 5.989853079013359
49.62011788315823 , 6.059458765471072 , 49.634547118133376 , 6.132813278980333
49.623190265341314 , 6.202888612969135 , 49.62813515020872 , 6.162877722534056
49.643420281377146 , 6.172659325009545 , 49.62797082739199 , 6.116116930613618
49.60366187154355 , 6.112908003686034 , 49.64931746557319 , 6.038427769155794
49.59890109650041 , 6.146928106727648 , 49.62210381425995 , 6.085397821855405
49.62541573409782 , 6.054487664117177 , 49.61443141123933 , 6.122970233655329
49.608004377623175 , 6.154701195823457 , 49.634588298046644 , 6.0411931399048795
49.62485627237953 , 6.120133144507243 , 49.61164215710983 , 6.137448467457971
49.57171365323981 , 6.1564167616311325 , 49.622168060107754 , 6.1920049860103905
49.637401166197535 , 6.045550947604767 , 49.6701450023018 , 6.156457924060716
49.60817780557904 , 6.14154871793946 , 49.62884016410693 , 6.029112617720371
49.612304703425025 , 6.124551786432239 , 49.620936713759285 , 6.120596709470929
49.63438943564003 , 6.116356408526644 , 49.63631737215677 , 6.14148625392149
49.627244242275616 , 6.105679748341693 , 49.62184838915448 , 6.1178234214852285
49.59653752458866 , 6.204590518199804 , 49.61666397701399 , 6.112881846005041
49.608008471707656 , 6.1299187884303 , 49.63101231631339 , 6.15106037502201
49.562488894957596 , 6.145713154148343 , 49.59084362566172 , 6.146850395116355
49.62959118214091 , 6.131057596369425 , 49.650665082498755 , 6.1379237134973925
49.62951565330976 , 6.15115956828986 , 49.60855116057859 , 6.144239086345594
49.59872501927216 , 6.224626032995939 , 49.63066935985837 , 6.026373672878914
49.66535429082303 , 6.140786680562295 , 49.610807589571586 , 6.119637352489293
49.60498282912433 , 6.141521063359385 , 49.62098835078265 , 6.12170432697287
49.61984015852244 , 6.122822961058213 , 49.64694014531904 , 6.130258335252116
49.63425082036488 , 6.01256339977717 , 49.61868334062014 , 6.174815289147466
49.61802932731809 , 6.165156665872523 , 49.58735545931064 , 5.994026779209275
49.63228510793032 , 6.133090573141826 , 49.620277554804254 , 6.1069983287369
49.636115451347095 , 6.081680777940678 , 49.59577850067754 , 6.185477009255018
49.62811398750946 , 6.191189298517748 , 49.62034496021496 , 6.103748855246702
49.61263324724514 , 6.177023058406339 , 49.62691860755744 , 6.090127498332855
49.66645776738612 , 6.086202784790161 , 49.62259754088319 , 6.173885919590044
49.615012331893894 , 6.255582044137704 , 49.62119617845263 , 6.115313175007156
49.59468061354682 , 5.989475992173828 , 49.63945348977025 , 6.238630817876401
49.58524486206905 , 6.1049894836852605 , 49.582253365567155 , 6.097194041456752
49.67091848069251 , 6.124613701454199 , 49.573318661044496 , 6.1176956329297525
49.60859379776076 , 6.103379370773723 , 49.633997714761456 , 6.113560016531421
49.57406285549676 , 6.16174729271963 , 49.58638652982452 , 6.136693537123593
49.6092737278048 , 6.2130351156111585 , 49.62139117341242 , 6.189820653553137
49.612327442472186 , 6.1533744269899024 , 49.595058052429856 , 6.14883581540601
49.60978311330507 , 6.136259158227603 , 49.627996439477364 , 6.127530698441887
49.62107068615809 , 6.104230444427548 , 49.59747808012809 , 6.143226723131859
49.65431334557316 , 6.137006583852357 , 49.6152722870033 , 6.117901877925305
49.619743801001974 , 6.155285844528978 , 49.66743624544862 , 6.097600553003622
49.58654182652627 , 5.996588455281583 , 49.64929339108948 , 6.141697440521904
49.61211227993743 , 6.108346309954028 , 49.611281034623296 , 6.111784917101194
49.59803161418391 , 6.13171489161922 , 49.61643233388429 , 6.114977423112102
49.57432550655934 , 6.098023323440139 , 49.61286586510487 , 6.133216946931359
49.59569582116291 , 6.145664090365297 , 49.65325217605007 , 6.140035818186261
49.62998600307102 , 6.224535146193869 , 49.6126189981672 , 6.141236676854093
49.616045460180054 , 6.13482260977817 , 49.59981477536377 , 6.131244249763311
49.61151080133104 , 6.110602304619759 , 49.61054485688131 , 6.062714182813453
49.622446572099136 , 6.154615432629471 , 49.59636697570045 , 6.1441140701456565
49.643468516070385 , 6.0910350702514435 , 49.610785997204694 , 6.1411412184413345
49.62763475909574 , 6.220981435851124 , 49.60371764484391 , 6.15662265978778
49.59711118809226 , 6.221347116681392 , 49.64335405498181 , 6.136781481896276
49.60804978423025 , 6.123790543575542 , 49.617993411876895 , 6.110601580715187
49.58409107997695 , 6.16638249061592 , 49.666880850849616 , 6.243507525691405
49.622534631379295 , 6.22624960834398 , 49.62977755486069 , 6.166574505993077
49.62777784228589 , 6.162180746951567 , 49.64186589739424 , 5.990779493593138
49.621474245420124 , 6.178929777541869 , 49.61050626665574 , 6.142038372443145
49.59636950070726 , 6.13851572240223 , 49.61630097880292 , 6.082309654555915
49.595464032367225 , 6.145507131848765 , 49.61272752835049 , 6.110157749582414
49.61038031015658 , 6.102173727126171 , 49.612469836282926 , 6.085777110952411
49.60431232617045 , 6.15393033294811 , 49.64526896643445 , 6.096186801351874
49.647260166992055 , 6.133561243946662 , 49.66973655533882 , 6.090853840361467
49.6251399053952 , 6.261839518400939 , 49.61013059877799 , 6.144013322273473
49.596296769002414 , 6.163529015791881 , 49.61963763287165 , 6.128881693624957
49.62178162031228 , 6.157424043242798 , 49.6274415163583 , 6.149057744844188
49.643175915238324 , 6.223836076579188 , 49.610927689089635 , 6.13110906103924
49.635285102258635 , 6.284234350695342 , 49.65628163944327 , 6.146853454030648
49.612569891643936 , 6.1456974571761105 , 49.60813688715378 , 6.136410340212424
49.645327979881635 , 6.048285209771 , 49.57230396121116 , 6.170534716852087
49.605803643294735 , 6.117979640402772 , 49.64898822257076 , 6.323419158739078
49.61245442411279 , 6.062531410010198 , 49.56352053270896 , 6.1639662149303165
49.57364807198053 , 6.148288480187172 , 49.62766510812721 , 6.228989453815219
49.61506337226806 , 6.140502224717793 , 49.59447620764788 , 6.252405314998596
49.60955402409842 , 6.139266810770729 , 49.637082576792245 , 6.186427459946227
49.59743845653461 , 6.126579102967202 , 49.640196159097854 , 6.181973819633832
49.608850596121364 , 6.0864149918214725 , 49.65631782877428 , 6.134639373077604
49.624583185294775 , 6.136587196564361 , 49.62602380699918 , 6.174220800916566
49.62450395493649 , 6.1739316990731625 , 49.60614344614567 , 6.12370947891981
49.62494697913213 , 6.128208942836101 , 49.615245727543574 , 6.078527408216011
49.61935746789534 , 6.221069985904143 , 49.58614552974964 , 6.129027742131996
49.587906591003765 , 6.113920099613602 , 49.62384455398318 , 6.092495552635042
49.60202302011067 , 6.124787882919066 , 49.61109746225923 , 6.1323722919478865
49.65237957107054 , 6.0179395851094855 , 49.623404587558724 , 6.268625434253607
49.649985041321116 , 6.088689421647694 , 49.630702689117605 , 6.132186420242003
49.593009506616355 , 6.086730921724156 , 49.62758375664248 , 6.148399549554837
49.612168937620446 , 6.133690278159632 , 49.649966414442666 , 6.129429594528636
49.60292250303412 , 6.2278989743425965 , 49.609289643999254 , 6.315630932763865
49.641895530968384 , 6.145163435031738 , 49.621680460395424 , 6.125579337263653
49.60907504271918 , 6.094702962490734 , 49.61036402881876 , 6.1226978805835754
49.640546657632335 , 6.023509040429947 , 49.635032532572176 , 6.164673714589195
49.628343985372176 , 6.047146880908811 , 49.63716754821046 , 6.015939355678418
49.600888697026626 , 6.124060054648893 , 49.608363011775545 , 6.140591371549313
49.62350899933284 , 6.13108935110248 , 49.64557791944705 , 6.084201848613557
49.6402262592111 , 6.141269214995834 , 49.612945602235285 , 6.164438289819976
49.593829087211226 , 6.187103794754049 , 49.61675299686049 , 6.124337303550551
49.56577792233638 , 6.167340351897869 , 49.56656347832007 , 6.225625814883591
49.66062096148896 , 6.154270349264645 , 49.575307832697995 , 6.117539517471605
49.61188378451167 , 6.190531619106868 , 49.595511298603036 , 6.137171659785489
49.60941001335441 , 6.313769956606154 , 49.59880714692043 , 5.999669288366257
49.62234927116811 , 6.1821952649058645 , 49.608786809996246 , 6.1330145108426235
49.60963049540333 , 6.155538167097157 , 49.62717921361814 , 6.1947752553894055
49.6039234341023 , 6.124999695885063 , 49.62118142673931 , 6.114589660196853
49.62250311759411 , 6.262352523299348 , 49.62492943264017 , 6.1560164840923015
49.59596341033966 , 6.103489647533855 , 49.61461511612183 , 6.139836508002574
49.60089945493211 , 6.131226486333234 , 49.62655203681634 , 6.124925916156012
49.63763625680755 , 6.1817194696782884 , 49.602754347312434 , 6.121944124949699
49.634598167462585 , 6.026286278456417 , 49.652516768896355 , 6.138923338593961
49.60241476750818 , 5.994506783493457 , 49.60346442656662 , 6.034221128687908
49.60834207015476 , 6.152482025631543 , 49.61344136573771 , 6.1975041827745985
49.60521527547015 , 6.138208259115884 , 49.665591653717506 , 6.1522604234070055
49.59048187496371 , 6.2544150196514 , 49.56985465317088 , 6.1610430519017765
49.61564512158715 , 6.055618981920623 , 49.64358589755116 , 6.138193939975517
49.6060635341275 , 6.174281250748215 , 49.62761611880749 , 6.136188858462284
49.6176749346263 , 6.140249695949144 , 49.65194803639667 , 6.009151695916674
49.622469982507276 , 6.105037258768008 , 49.56368865408883 , 6.123388418793735
49.63534798648597 , 6.158351820118367 , 49.62090272312496 , 6.113784675360865
49.62594764421849 , 6.0531383099425184 , 49.570729500014544 , 6.079852533967438
49.63617551095422 , 6.180248858935028 , 49.668863322089905 , 6.191667034056203
49.646587583661045 , 5.99503565897226 , 49.63415214539404 , 6.174411731687778
49.60567969674993 , 6.148175019298637 , 49.61778688643806 , 6.130541590979035
49.59783579888429 , 6.138648866059411 , 49.62134542450986 , 6.161437683240994
49.66499756439527 , 6.301995128057073 , 49.597832339204395 , 6.064727010892045
49.587355590854706 , 6.143945055538932 , 49.61993608472096 , 6.220873868955073
49.605528759660885 , 6.159884229029324 , 49.60618339213713 , 6.131359552671736
49.591086204271996 , 6.132230605814376 , 49.61134669380663 , 6.153207300683932
49.61256484913998 , 6.141261891735721 , 49.582021829101066 , 6.179219771638195
49.58220489414794 , 6.149974224495317 , 49.61731165900226 , 6.09151888095775
49.59872944346182 , 6.176238824480127 , 49.621975349949764 , 6.17342690241393
49.62674039444008 , 6.0847854704598 , 49.6280790651311 , 6.125349577343669
49.669264157589794 , 6.156972215980237 , 49.668950174820964 , 6.127993799136646
49.645767716648834 , 6.146349157935281 , 49.625075228603734 , 6.079568056580614
49.612568943226485 , 6.103000112382359 , 49.66258234724724 , 6.149206473921216
49.61889550473214 , 6.053194356443262 , 49.63771743383168 , 6.137646455211515
49.62351525045864 , 6.15247469604043 , 49.62608665008755 , 6.122942379625719
49.58751682436549 , 5.978982157791166 , 49.66730499053042 , 6.147071690537255
49.621049179577206 , 6.106316619979194 , 49.60508711811063 , 6.129547347458209
49.63261840558671 , 6.147281853042619 , 49.60456828591582 , 6.137767818729836
49.59541057026832 , 6.0324406003459385 , 49.66813624718098 , 6.155828885273603
49.60982524661699 , 6.13072608567286 , 49.609039954819394 , 6.130057351628168
49.63248368533471 , 6.12869596058139 , 49.65078750643818 , 6.143745384597728
49.579584940006804 , 6.204915266801656 , 49.62625732091265 , 6.123441269650537
49.653976262982916 , 5.998788909729634 , 49.59271826065322 , 6.137350198625117
49.62080139373577 , 6.156372903075937 , 49.60963451706598 , 6.095124728069098
49.61502677464468 , 6.1390945535709 , 49.648625226594376 , 5.989603821389177
49.58890293805172 , 6.144992799039885 , 49.6379383927005 , 5.987568243706457
49.58000063233223 , 6.140534484280136 , 49.64930011368257 , 6.020759057047875
49.61343490572982 , 6.141163862455323 , 49.65377665254491 , 6.265677101645032
49.6249397781183 , 6.148765096985341 , 49.62917086903181 , 6.137352559767026
49.60247909618506 , 6.129233212660519 , 49.64462237199027 , 6.196966950319454
49.63310025921481 , 6.13708359378577 , 49.63491776787072 , 6.1303445537132335
49.62292507601999 , 6.159814681951842 , 49.60702523210063 , 6.139428255812168
49.63360674234891 , 6.26918055974585 , 49.60784776858684 , 6.127325890643201
49.64587822074351 , 6.128086572972113 , 49.62078197027514 , 6.144517316330178
49.596894839984486 , 6.1360759050249865 , 49.58878209399166 , 6.1056710392792874
49.59586333356627 , 6.141562968557178 , 49.62343928033736 , 6.083341083843984
49.62829478582955 , 6.111697800935806 , 49.651244244773416 , 6.143072358856193
49.58752474303185 , 6.220544212556002 , 49.62927053621947 , 6.182178806218177
49.6025806062443 , 6.163009875608519 , 49.62637084671931 , 6.177665858028262
49.633678929497435 , 6.080874259500498 , 49.623563100796986 , 6.112284873588675
49.63056928860018 , 6.140153889042509 , 49.56993857992245 , 6.294767941445191
49.60439898659429 , 6.138306631419036 , 49.649003029457106 , 6.217925141360067
49.60176613860402 , 6.172579866681118 , 49.6290441144549 , 6.124519378125977
49.61848200558476 , 6.06454905843149 , 49.59653727967843 , 6.150184819275631
49.612760745886845 , 6.113307380759938 , 49.66027782314673 , 6.140496033188672
49.6132413706282 , 6.165943163199804 , 49.63897449789766 , 6.138120932372896
49.61332312857145 , 6.138885281241806 , 49.62355175571964 , 6.181091554503005
49.65727085017209 , 6.259063753530318 , 49.618817035429345 , 6.131300581132233
49.593978256440465 , 6.146578802813809 , 49.606017837303945 , 6.153484762013286
49.59651246204091 , 6.1147066022924115 , 49.64204437147179 , 6.162058469144254
49.60055144686719 , 6.148941219277261 , 49.609919826401175 , 6.142421859576292
49.64508664157557 , 6.244156695107691 , 49.64405038600468 , 6.141738615127965
49.63455630270149 , 6.223005172343283 , 49.662388236283455 , 6.3119718905216
49.625400660579814 , 6.199395780578454 , 49.60412927511465 , 6.077599553632344
49.592070502353145 , 6.117311857024 , 49.63376428301781 , 6.136441389457397
49.64525254474921 , 6.148981869583054 , 49.62074730344821 , 6.157544353472439
49.63447774286463 , 6.142521415265178 , 49.603747885623285 , 6.1319775111700965
49.66188753785115 , 6.31536452541747 , 49.61326027182305 , 6.10777693590739
49.66869600041643 , 6.1153305164579566 , 49.58515216825175 , 6.149674366764584
49.605144318247866 , 6.206007162326564 , 49.62550308996761 , 6.141954034996663
49.56699932596807 , 6.2270426176176485 , 49.641095660704245 , 6.148809686713894
49.63263208146294 , 6.015700539424686 , 49.63360992944431 , 6.1308171272806735
49.587679709117985 , 6.12325207850933 , 49.61531681512758 , 6.1741111424850565
49.60839140153821 , 6.174807550704498 , 49.62290375732381 , 6.203840170458341
49.59811129984242 , 6.1385800638190515 , 49.60384681458401 , 6.149767032826944
49.612255095142885 , 6.137163043953957 , 49.608958224076524 , 6.071599684248095
49.6197481802099 , 6.108648040826613 , 49.63020435724691 , 6.160182412795206
49.620615064187945 , 6.18015372168843 , 49.61433932638976 , 6.139880285657305
49.58217321974533 , 6.120691603131789 , 49.59573123568184 , 6.131671838596717
49.62796863983604 , 6.231884271645075 , 49.6323562354618 , 6.038405762779021
49.63405300582968 , 6.03734641415879 , 49.662593628774864 , 6.101214040014631
49.59622222348866 , 6.162288991826605 , 49.63607037827047 , 6.183244418576701
49.603955882913425 , 6.09159777526629 , 49.654489896981914 , 6.089955905768174
49.63752660996715 , 6.11846365156674 , 49.59932051150689 , 6.132508999360176
49.6183934707257 , 6.155651337734949 , 49.63535832857919 , 6.149585506196349
49.619000579832225 , 6.085265382958774 , 49.60222967917918 , 6.127002540610335
49.620506584613466 , 6.156191400378346 , 49.63294626445545 , 6.097660005616369
49.614679227258115 , 6.27511548263041 , 49.60827588655071 , 6.08669572311001
49.60963376505392 , 6.131922863878808 , 49.61996089158832 , 6.157751885912301
49.58755742971049 , 6.238638382345114 , 49.60694093160086 , 6.113316197783785
49.63433265898554 , 6.13292992822714 , 49.649897838852624 , 6.129832908059632
49.61395105745963 , 6.1313152422057975 , 49.644593665726056 , 6.030797783810588
49.612804985571074 , 6.113924793883583 , 49.60741314803222 , 6.0931903737498905
49.60402849056652 , 6.138275698150298 , 49.599760222131685 , 6.124575441585397
49.61703510985875 , 6.1814749398859385 , 49.569119223729246 , 6.234327770890431
49.64772814009511 , 6.140210827087925 , 49.616194422208075 , 6.111368601428958
49.61133103876902 , 6.122434592000943 , 49.60754853448593 , 6.1412406160169
49.6240918580851 , 6.182203219700573 , 49.59981941102862 , 6.29947009877854
49.66913876027311 , 6.078138535826734 , 49.589622016870536 , 6.156343824284461
49.624330911331406 , 6.170516796601459 , 49.618851555162344 , 6.087238823938065
49.61778680970877 , 6.163709471352207 , 49.608650523043835 , 6.074029090681822
49.66280886574161 , 6.313195822905821 , 49.61827866534464 , 6.1088451092954985
49.627454707882066 , 6.187380479000466 , 49.59180349471054 , 6.2299209500505235
49.622507627209366 , 6.048571842851182 , 49.62206264144808 , 6.101444548342166
49.562301623626965 , 6.129839060154464 , 49.669513148683166 , 6.098071056965929
49.618823572623334 , 6.16216752984758 , 49.6093787323702 , 6.157296559609686
49.583068874339915 , 6.133704920578287 , 49.57622096921338 , 6.003517377641494
49.615589422269814 , 6.115611601027991 , 49.59937326077228 , 6.263908503159825
49.613274609065016 , 6.087810728467399 , 49.570407071839476 , 6.165580095727798
49.62798674592251 , 6.269725070829348 , 49.63318997621642 , 6.138484795608382
49.645264837575795 , 6.2316525053183796 , 49.630753141453795 , 6.111571684113392
49.65221796133371 , 6.221352075067779 , 49.61691810494654 , 6.124653176475166
49.64843312799699 , 5.997097839316488 , 49.66792482924697 , 6.113757523977301
49.622011150083594 , 6.130902901080061 , 49.6568250339665 , 6.133640303867618
49.60362444996412 , 6.129660254815958 , 49.60467457694275 , 6.152167887603265
49.61971676261106 , 6.122980011560447 , 49.625887212526585 , 6.131448570132101
49.643214318227024 , 6.199439707075462 , 49.57196796119452 , 6.17365158096783
49.625461904249086 , 6.04227334685847 , 49.62073585525277 , 6.179955206151247
49.57703640235836 , 6.004858695111913 , 49.601356665152494 , 6.136876670537352
49.62915328785834 , 6.134478917709349 , 49.624124474838304 , 6.225318794508124
49.59545296593171 , 6.186284275772811 , 49.583373397871846 , 6.161793579164906
49.63059328400029 , 6.198017208910847 , 49.63403203848936 , 6.2331112731034946
49.625413913776114 , 6.104592590780366 , 49.57220306687608 , 6.174185635076587
49.587727328101934 , 6.1464415468833 , 49.62782450292602 , 6.122180605522068
49.615525817927505 , 6.072023286611048 , 49.62962542590374 , 6.125178150336115
49.62231584156192 , 6.076494471877871 , 49.569210120553144 , 6.157238647051589
49.564048897454875 , 6.014807738407017 , 49.64931546442255 , 6.243135211588023
49.655328798063834 , 6.135131519199869 , 49.61098412450599 , 6.1434679709287225
49.60369764804703 , 6.113147026661002 , 49.616232492701855 , 6.145789702615065
49.61743750137362 , 6.115299835338549 , 49.630835877026456 , 6.071255697369487
49.627152308313555 , 6.122251263751875 , 49.622810134725 , 6.064036454940962
49.608696493909534 , 6.260148663728179 , 49.60939097107567 , 6.264988376169576
49.65376445540694 , 6.139250268914806 , 49.63282708459798 , 6.127120288771189
49.63398625356728 , 6.0956058172810135 , 49.604664728968785 , 6.149591049265893
49.64076628711096 , 6.162728145378474 , 49.614676010659466 , 6.10245427584583
49.61996619164304 , 6.126247369193082 , 49.65699583688961 , 6.306680084154802
49.63712039455388 , 6.137113929022014 , 49.599676962484864 , 6.1500235663239184
49.663459149210496 , 6.1489635603914685 , 49.61623891924155 , 6.099808603790265
49.623666094681305 , 6.198897266339878 , 49.59358457817542 , 6.120041877115559
49.62142770753415 , 6.104567592907445 , 49.63664168108042 , 6.1892293660907045
49.61785398660329 , 6.122002369498218 , 49.625802114875476 , 6.161327005894002
49.66275726783605 , 6.0365736734085305 , 49.59435112053066 , 6.177383794893765
49.59735558554358 , 6.1047047007608 , 49.62714064130877 , 6.13464876868575
49.62808889085739 , 6.076318352662924 , 49.628465422531 , 6.123562884233271
49.623013320636396 , 6.130478135440313 , 49.609643966980926 , 6.080743476609544
49.65346095320393 , 6.143352217100868 , 49.56680120398851 , 6.161325739870036
49.637264045886326 , 6.226094449421163 , 49.624025461399945 , 6.074483680645434
49.63991318932213 , 6.217908945114283 , 49.619421659916505 , 6.138083958352089
49.62453771341996 , 6.086694606207215 , 49.61721617238113 , 6.06895008188747
49.62602136219492 , 6.071537349666393 , 49.62975395881337 , 6.183365759093874
49.57467012226421 , 6.149419271982863 , 49.616772773391176 , 6.126057616149404
49.62688056750276 , 6.205581677334311 , 49.61545522734061 , 6.330573704609987
49.60266852459008 , 6.153195753317781 , 49.66724118580423 , 6.07970041047929
49.61296495761418 , 6.083069350067067 , 49.631614323037525 , 6.138138636331087
49.66574605060949 , 6.087543285722786 , 49.65747269149377 , 6.137101769046047
49.597084851738906 , 6.140731945205222 , 49.648608441358135 , 6.2817170829451925
49.590200456547095 , 6.18880969267489 , 49.65436522533771 , 6.120666715070468
49.57262547649966 , 6.151949644528272 , 49.62555784870673 , 6.182536764613516
49.577962536001294 , 6.166022429475912 , 49.655565997827345 , 6.131017784411623
49.616486756847664 , 6.158571245397737 , 49.611719307758804 , 6.137734860109816
49.62237293017641 , 6.128860950802029 , 49.63108516866545 , 6.014393641512458
49.62699660782202 , 6.11323560054085 , 49.61508887234013 , 6.058514531171186
49.63817918069658 , 6.1491685740700675 , 49.58757469702851 , 6.1012291696805665
49.664651457503155 , 6.133826991852936 , 49.61287396869058 , 6.13137780317797
49.63479632634347 , 6.125565420604356 , 49.61970432835372 , 6.107130730655351
49.61027465050288 , 6.135151907086552 , 49.58962797438372 , 6.026800401746525
49.57042292296038 , 6.1559835408534385 , 49.63544829428821 , 6.165487817370239
49.642987738061926 , 6.1531255058869485 , 49.621004631128784 , 6.158123535247966
49.5972877617512 , 6.13191854909247 , 49.62375345521571 , 6.115823570001482
49.635588941765285 , 6.035854107096856 , 49.624378623266935 , 6.22214700104299
49.63422347578137 , 6.14050551246211 , 49.6058547272445 , 6.058060338450839
49.60459325061332 , 6.138562717847052 , 49.57512234089726 , 6.081164476165279
49.562106630183195 , 6.0072312084384185 , 49.59562946567492 , 6.195783038672589
49.612026644126885 , 6.144692425708065 , 49.626250263645446 , 6.129982163637922
49.668365301557905 , 6.249241189228033 , 49.64753094749456 , 6.083276987169098
49.614426899689285 , 6.157346531220851 , 49.59998425925788 , 6.1196994963269535
49.62944376460716 , 6.1789388972880355 , 49.60386064489837 , 6.181637375352317
49.58623892000941 , 6.183849587336386 , 49.628924462463054 , 6.166049096211947
49.65129283431232 , 6.006499652683494 , 49.60396736058967 , 6.164925073733928
49.61340948883503 , 6.114570630704889 , 49.57910679939048 , 6.128480178417606
49.60308322052032 , 6.131930988419194 , 49.6024993611112 , 6.146757421326131
49.60554466372287 , 6.135438184666365 , 49.622678105245534 , 6.126952963655198
49.621028013493095 , 6.139113626199292 , 49.59935749293188 , 6.158307156646753
49.62467025227361 , 6.132010360896204 , 49.65957012339376 , 6.18867564735218
49.628900120585605 , 6.233726518576032 , 49.59353407870045 , 5.9906332185604665
49.58634935876114 , 6.165705139445103 , 49.603941249032786 , 6.149953780439079
49.63724526864876 , 6.197850270895136 , 49.598094333773645 , 6.282940738742414
49.607676550567405 , 6.069812695848875 , 49.61266828885361 , 6.094318957356784
49.619929939507145 , 6.048534492333194 , 49.604005331402384 , 6.120145861207216
49.6000195492108 , 6.147944324815925 , 49.57331262613843 , 6.173841323689366
49.577580560472526 , 6.1499226838631 , 49.63447198843972 , 6.146760792961688
49.61368867989508 , 6.075800920024701 , 49.60087813557552 , 6.208528541893865
49.60898519064244 , 6.111078506303465 , 49.621234407342506 , 6.135675464848947
49.58671797975572 , 6.165376432793355 , 49.60376572736501 , 6.140381572308771
49.62222802987904 , 6.081802338575089 , 49.599942386497794 , 6.229817995810788
49.60871263006073 , 6.129046439335596 , 49.5875408612554 , 6.222415338117154
49.595875116031294 , 6.100843399538244 , 49.59873361634164 , 6.128427980151541
49.60063884520213 , 6.281449752983891 , 49.61482905157184 , 6.162870983244375
49.600791868098725 , 6.157331402600294 , 49.622660764044866 , 6.144007267370718
49.57931765457554 , 6.124933053875806 , 49.591831599858835 , 6.133893359966407
49.61143545668936 , 6.13324311337338 , 49.58424805477899 , 6.126041210017295
49.61261767094573 , 6.157429854018037 , 49.58473940460695 , 6.030762700070782
49.6153922172891 , 6.055323433608437 , 49.649982190052775 , 6.329747756400242
49.62119253398369 , 6.033680464480387 , 49.62247924024995 , 6.166915498581493
49.58700192028881 , 6.140474671960608 , 49.629735639177284 , 6.147028675153109
49.593643924951536 , 6.147841484217507 , 49.62063721734914 , 6.1502648608853185
49.6082518891888 , 6.08006329540128 , 49.64376542337924 , 6.168797134172041
49.61009278570828 , 6.136300536866874 , 49.62817181954656 , 6.110643886118492
49.65256201948471 , 5.9932717074581525 , 49.62124550045125 , 6.100004235966072
49.64325041449672 , 6.199522933823261 , 49.590625932083476 , 6.171580160753174
49.61544927386524 , 6.062074838341046 , 49.65058870371998 , 6.14510659652685
49.60253573570195 , 6.138274935844042 , 49.622157669299206 , 6.1312194947476275
49.6358444000969 , 6.22091448764162 , 49.63400489527356 , 6.147753050204768
49.6112605482847 , 6.110904276565332 , 49.628893770896774 , 6.160224549551435
49.624526905385835 , 6.1384449262885425 , 49.631611200804834 , 6.028332690160256
49.59695722486023 , 6.1607931060313454 , 49.638406419151295 , 6.02029736768285
49.59799553283343 , 6.135037219364351 , 49.62315777492879 , 6.131836417124606
49.59886026639269 , 6.140216735877199 , 49.6559646241408 , 6.308584187546939
49.670750066309985 , 6.028451071407366 , 49.6077084601888 , 6.144213677651649
49.62929880107485 , 6.044032192769552 , 49.66417969591978 , 6.237075114220242
49.57930008165176 , 6.146458237607071 , 49.649234049224674 , 6.134739620896403
49.661938409743556 , 6.128763998122439 , 49.62894349957072 , 6.13522000371569
49.60228969653503 , 6.125940656376673 , 49.60341837992072 , 6.140997110354594
49.58427647722037 , 6.156029299658625 , 49.60212415321436 , 6.131765142779652
49.62380559017211 , 6.131866303405495 , 49.66443175655877 , 6.307269750604973
49.666812043495256 , 6.070852806256281 , 49.63755052571677 , 6.0255078107829085
49.587858950068295 , 6.172830154974691 , 49.63315599913691 , 6.02031041267219
49.62694668465817 , 6.089973322949096 , 49.63317900590671 , 6.039132146107464
49.57969585569669 , 6.166220684856355 , 49.59752614847943 , 6.145094420481651
49.61942341816471 , 6.120481142721559 , 49.6265235742395 , 6.131579713577889
49.644315569480305 , 6.141952509897108 , 49.63637655155663 , 6.187428041783477
49.60715337638801 , 6.147473217777129 , 49.65432884202682 , 6.08406863783008
49.563872002605954 , 6.078912020154265 , 49.61798449930923 , 6.112960905036365
49.62567596873244 , 6.100848167295395 , 49.575238219198184 , 6.16169124990153
49.63197696519603 , 6.031172260810349 , 49.6247434331434 , 6.054812540132375
49.572288278816075 , 6.170075155944335 , 49.63695657043068 , 6.144920457326293
49.59777604051976 , 6.164718314176289 , 49.605345341140335 , 6.104693257904078
49.62581919822292 , 6.149826798693653 , 49.59017212581927 , 6.181121650100646
49.62580693927616 , 6.131937192583951 , 49.62970193849284 , 6.232859052874554
49.6463498817031 , 6.237179159180409 , 49.57706517201575 , 6.168001080340091
49.64627005783766 , 6.1314945417222475 , 49.629148758366235 , 6.149898952765101
49.63633228926153 , 6.185675220259215 , 49.570804342730504 , 6.08113598399881
49.59624084315863 , 6.136302094566813 , 49.598045940631614 , 6.140289314449346
49.61234510400374 , 6.121979754124261 , 49.61245013188889 , 6.124629480238119
49.5989115731221 , 6.130721808137229 , 49.620802532460914 , 6.062632745146027
49.63747454357106 , 6.119152375704822 , 49.604699152923324 , 6.145132029303083
49.6182436519173 , 6.119543200490124 , 49.637123049184396 , 6.2697308041032755
49.60680166868173 , 6.1555235775278785 , 49.6647709866394 , 6.127788014101593
49.59924100474213 , 6.137616656475193 , 49.618698369282455 , 6.071920285451663
49.596014015453456 , 6.180863280323734 , 49.65554180653148 , 6.316778547989482
49.640510672408695 , 6.141370953652018 , 49.622320156025125 , 6.067121757676353
49.614217588655094 , 6.1138374388238415 , 49.601032634324696 , 6.129065359874411
49.62887090160432 , 6.114435822500046 , 49.63582685872094 , 6.141926945474209
49.615553892904295 , 6.130539455264216 , 49.59579392264553 , 6.123349408461604
49.56925566114047 , 5.995946186473603 , 49.65432519513659 , 6.242575972556413
49.62182772911002 , 6.1244205231237165 , 49.66091466518296 , 6.167069536245622
49.61721722198613 , 6.113828972491168 , 49.62448400255183 , 6.1065019120276
49.588083790883054 , 6.154292223374535 , 49.62153868117438 , 6.201978076006513
49.62733278832373 , 6.185869735277017 , 49.59774551083401 , 6.144767754049865
49.59763641338757 , 6.18604981522884 , 49.58732322638659 , 6.14194965319983
49.62545154116242 , 6.126979408843541 , 49.658971514476164 , 6.138279004653532
49.65637948239013 , 6.246004425640667 , 49.588843948262124 , 6.152484237624038
49.65332764605308 , 6.229017892443489 , 49.567660526143534 , 6.1569489708658285
49.61451124522276 , 6.180146017566737 , 49.6370053043386 , 6.150008360233527
49.56771845786988 , 6.170712083722184 , 49.63485614051663 , 6.0812646111931175
49.625027939366205 , 6.110624179305906 , 49.625681996968275 , 6.152511156552886
49.620792495256865 , 6.04752148624193 , 49.604145015101324 , 6.1285331653883395
49.60024595011802 , 6.124517181439929 , 49.640660539769605 , 6.037570482191142
49.588700467109085 , 6.169610068050768 , 49.623139316173614 , 6.1045792013117275
49.62083056504789 , 6.167569142864504 , 49.57271407867433 , 6.237548812261838
49.62852598410204 , 6.174029398675615 , 49.62291868201599 , 6.165376609235688
49.655156291120065 , 6.127073326311766 , 49.63760892214282 , 6.1373253758196755
49.61465644050018 , 6.103878073345584 , 49.65236509987267 , 6.218822631896019
49.57093272113065 , 6.19339709026568 , 49.62640727618124 , 6.130190098898847
49.59681429109454 , 6.139482881549002 , 49.618008642369546 , 6.111370795492377
49.655606687965665 , 6.002697662757634 , 49.584775564212954 , 6.128298005140892
49.62098838371345 , 6.094234841185871 , 49.60029630424209 , 6.136283015109676
49.65854821965179 , 6.094359914697815 , 49.58651915772303 , 6.1865638355963855
49.62940456134276 , 6.107161413485875 , 49.62268951800148 , 6.103609655255532
49.62657569082797 , 6.1205844307921495 , 49.66996226194485 , 6.072796322122235
49.615843891591446 , 6.131997409733769 , 49.57754768752864 , 6.17346701213933
49.62013027378197 , 6.263350367019375 , 49.62807121657647 , 6.087265177087629
49.615032158528706 , 6.065597121746003 , 49.58804364158485 , 6.012951540797991
49.62348109334252 , 6.182857746761118 , 49.61509287158772 , 6.161920656289069
49.58136663854586 , 6.115982374053997 , 49.612737830446164 , 6.170194915629447
49.608422020332526 , 6.2161164867963885 , 49.60104381434081 , 6.153163513233527
49.5909329415586 , 6.171588035100657 , 49.61705193762162 , 6.123615211064449
49.66045470624319 , 6.264084494253496 , 49.56941531157522 , 6.015976772138724
49.63625202863704 , 6.180739331253779 , 49.60434458638831 , 6.100084273685179
49.66827928021758 , 6.301389407157109 , 49.63348484407897 , 6.1372463747509265
49.60582151242767 , 6.137736421450264 , 49.66895961004518 , 6.005997591235284
49.58894699708178 , 6.1390256466355835 , 49.65388453963117 , 6.122819257208439
49.62207063661995 , 6.204166721420546 , 49.65266244655148 , 6.323127343808173
49.642977270045975 , 6.13935507968388 , 49.6606935944986 , 6.232467946164412
49.619576236873115 , 6.115660501807989 , 49.60396334001867 , 6.249213099142911
49.61553909459273 , 6.107482237922173 , 49.613015976640646 , 6.125447724967119
49.627139134870546 , 6.299867967661381 , 49.59525747777704 , 6.120449861196405
49.606036844234545 , 6.140626874789424 , 49.623376018932014 , 6.081314484984454
49.63185372707183 , 6.187188425156733 , 49.623848337898316 , 6.111894790679143
49.618413597470045 , 6.1057596535351495 , 49.60610669834185 , 6.143880831728125
49.61364601977853 , 6.1364131328021125 , 49.60135255149647 , 6.154973818967094
49.63071076123623 , 6.088747297769533 , 49.62488200025023 , 6.1287847980810755
49.63178494138333 , 6.118877880706677 , 49.62651973508273 , 6.178054737830465
49.62887864566939 , 6.165335747127257 , 49.62690990687146 , 6.15740952395648
49.56589370203327 , 6.012447584777593 , 49.645531277682444 , 6.166197885753555
49.65145093449956 , 6.139913867737545 , 49.619672291037276 , 6.113964597772876
49.62446541716437 , 6.329832378805343 , 49.62976448944776 , 6.153334940545548
49.592138441116155 , 6.148485305314321 , 49.60440853278738 , 6.136342487641081
49.62590158166858 , 6.0729737848095295 , 49.611282017117375 , 6.130116587001855
49.64191236097812 , 6.238440655729161 , 49.607241501004836 , 6.132258393707218
49.61224207804647 , 6.148716517650531 , 49.63602501307708 , 6.1954117061453955
49.60163637903317 , 6.130872991774261 , 49.628024935988655 , 6.106785183517642
49.608449223735796 , 6.141587498305284 , 49.620967569196594 , 6.1553331231440955
49.63629772792921 , 6.113967717423318 , 49.58842048110369 , 6.156488605626634
49.61427123854343 , 6.103240513456035 , 49.604540590047286 , 6.326067541743658
49.61930689999529 , 6.054326218756165 , 49.576109763969534 , 6.152462634755091
49.62050529690842 , 6.19964706773792 , 49.620504025618594 , 6.13645509308423
49.63819676198136 , 6.129760596113428 , 49.61625010097068 , 6.128207237515071
49.64389434252849 , 6.1775552187465745 , 49.57387661205373 , 6.023191110627021
49.62486502847973 , 6.181951094539328 , 49.58943499239879 , 5.994198876520743
49.60942713152926 , 6.099817295181709 , 49.62552478926741 , 6.070389120025597
49.59978583291813 , 6.124537069381303 , 49.62677175033734 , 6.039120828603622
49.625203836404616 , 6.093523753804574 , 49.64555092181297 , 5.999817353613338
49.59561941356836 , 5.988835770851042 , 49.61073818649053 , 6.1439742705742395
49.62267258203379 , 6.088087085987474 , 49.61197945254601 , 6.141711981535038
49.62878655694219 , 6.140898102897134 , 49.5980559152976 , 6.146173683577238
49.625067115073406 , 6.183108442795285 , 49.63089308392305 , 6.1724017724267854
49.64554298995025 , 6.013366380766883 , 49.622682080861686 , 6.1924771316733835
49.599817461616766 , 6.145029023882604 , 49.63751569268786 , 6.08948641612982
49.62085850875758 , 6.022734847811014 , 49.613038491362325 , 6.227624458864036
49.60817813450471 , 6.12306173955044 , 49.5982882009395 , 6.177345251789715
49.62479490898907 , 6.173153186290576 , 49.626515331983995 , 6.1144343780030335
49.60557229332712 , 6.047074183924552 , 49.65320581022592 , 6.154660850891214
49.63921962716009 , 6.007065656136114 , 49.59366981395142 , 6.174912419981755
49.6123227615515 , 6.14243629189744 , 49.600212920914096 , 6.225105466795282
49.64163861183352 , 6.283384944414972 , 49.64953937324929 , 6.1603137628559095
49.607387662364495 , 6.137697280607188 , 49.62055765215409 , 6.1108363275503805
49.63723680708096 , 6.1382570573812645 , 49.6550889842173 , 6.268117357814412
49.574815519551784 , 6.164146913123808 , 49.64827676889439 , 6.246564677399985
49.604527716667846 , 6.1382940792373475 , 49.622715172628894 , 6.172881767291192
49.623131153454445 , 6.163264507324459 , 49.6347460389363 , 6.201217047049618
49.601427039098525 , 6.145276443066109 , 49.593736895628446 , 6.256008125473263
49.65783111183561 , 6.114965157276288 , 49.595587789943494 , 6.164534403777496
49.64733218756319 , 6.136688760848409 , 49.59733119693299 , 6.143144806251884
49.60698960418007 , 6.15382826878184 , 49.6368683058851 , 6.116228045324531
49.568407607319365 , 6.172731208205009 , 49.61080708883021 , 6.212362072356392
49.61245903159833 , 6.110630922616922 , 49.65377142941118 , 6.143464696673195
49.604414936119916 , 6.133106418772176 , 49.602671534596105 , 6.12875851525845
49.60052199608342 , 6.146836907833341 , 49.63270416784306 , 6.15843522565913
49.611269170772765 , 6.240785418867751 , 49.63597544376996 , 6.026737601670896
49.575367903226635 , 6.166190784575237 , 49.650539654913935 , 6.109681173862968
49.59799401758681 , 6.127462128207191 , 49.66966699617514 , 6.048005774407623
49.58158116158715 , 6.162920873975936 , 49.62788573667416 , 6.191728230955389
49.59993783128418 , 6.1539433475233585 , 49.63230444386842 , 6.141844104460576
49.653622489371756 , 6.0893913863745475 , 49.62415326889582 , 6.066489507856552
49.6013237267126 , 6.1566526322744926 , 49.62366533798875 , 6.165710173573856
49.617111494414395 , 6.1611009518861275 , 49.59485568460925 , 6.175464396674855
49.57146948438093 , 6.165890835960401 , 49.61620149645763 , 6.116549609480565
49.62690001832197 , 6.180637402856691 , 49.62499372095907 , 6.139376781069847
49.64000718700621 , 6.141321773838123 , 49.63281360283264 , 6.038125333835794
49.613805878414425 , 6.111640854608544 , 49.63098206921927 , 6.315331848032404
49.56711437885355 , 6.18271820961044 , 49.62039535741483 , 6.125145929290711
49.62367634771144 , 6.127087909462782 , 49.6347370833552 , 6.082352125897786
49.62405560086195 , 6.124790648148127 , 49.664406274486765 , 6.026266186497925
49.57737076898987 , 6.154157783016902 , 49.62333038573197 , 6.177449205665629
49.61256465157719 , 6.110374010757841 , 49.59070113135451 , 6.1206476156627385
49.64547214447387 , 6.243029464064605 , 49.60572777202843 , 6.137945502761772
49.60795202725847 , 6.125563961936598 , 49.62640685131574 , 6.065604095279356
49.604293992361555 , 6.150332266602235 , 49.61176709552146 , 6.107231803443655
49.6286243928076 , 6.271607081894455 , 49.63195309876281 , 6.046262512673593
49.62498105649068 , 6.165096081320075 , 49.58331649657972 , 5.997025547085016
49.62475683863344 , 6.1666502079622125 , 49.607761563719166 , 6.12807927706934
49.62927939979731 , 6.10237235537254 , 49.64959624902372 , 6.014715391768832
49.61171455232349 , 6.144381054154638 , 49.610174797713334 , 6.079858817864348
49.62059203663644 , 6.119943815993706 , 49.616936864785366 , 6.113466293048395
49.57100932942114 , 6.287786681336021 , 49.61150209029505 , 6.140455708724933
49.595521540245656 , 6.14027921631348 , 49.641893273334915 , 6.1415303840722695
49.6211600713792 , 6.05658601651775 , 49.62079437382493 , 6.177387106663997
49.669637977372965 , 6.099037301395541 , 49.667113896075136 , 6.304463879525298
49.605006724737535 , 6.116577839791078 , 49.61211984995952 , 6.132738718495371
49.65402565184829 , 6.291893062030852 , 49.61804327705327 , 6.114323969695466
49.66848792438276 , 6.298456384421778 , 49.618049716852816 , 6.107124849617983
49.6233862069386 , 6.081957699365236 , 49.61603594171359 , 6.05142568445393
49.59870488695547 , 6.180660593973071 , 49.61532451213502 , 6.112596706351781
49.62239082302469 , 6.128774819712045 , 49.59970946343605 , 6.17616101396815
49.59639036316293 , 6.114451538805278 , 49.59877175375582 , 6.128166351422817
49.6033069780874 , 6.147089201618519 , 49.6214341457145 , 6.125285221230122
49.595631556046946 , 6.180338067993018 , 49.582240538803696 , 6.1378600470446365
49.59181249811425 , 6.053757837991481 , 49.595201691250786 , 6.1131328206600655
49.610766595299594 , 6.137059127219662 , 49.59265695715845 , 6.128593493887695
49.62279878138311 , 6.140033381889832 , 49.58315627156418 , 6.155044752899767
49.62656659797927 , 6.132645705577873 , 49.637943632775844 , 6.184842436675604
49.601702286431276 , 6.121505180701111 , 49.63877650881576 , 6.158114403211533
49.59125159332669 , 6.128409602312449 , 49.63146890827162 , 6.183860076133586
49.61229468059684 , 6.0763434108086605 , 49.633757030771335 , 6.284535141279851
49.59821004022249 , 6.049479905054637 , 49.645159797007445 , 6.207764956217654
49.662394948437225 , 6.092690635376067 , 49.583845948196995 , 5.98747572918992
49.66571355562288 , 6.091024074007212 , 49.63381049715329 , 6.1852339946375805
49.62093481651842 , 6.044702804522925 , 49.65924706549534 , 6.132013651696041
49.584109325398174 , 6.2844898678077445 , 49.60606233346961 , 6.147038755321806
49.606021208926364 , 6.145159534617662 , 49.63426547318851 , 6.163496480188192
49.606924742939995 , 6.131330396853095 , 49.580668702971515 , 6.1394427742714965
49.65875688077898 , 6.141180308541984 , 49.61953348180889 , 6.1126457278129385
49.66825697530275 , 6.292956765906349 , 49.60322152317291 , 6.152435265991803
49.58863498848021 , 6.008035385910306 , 49.60943369044254 , 6.147862343105719
49.65384604856647 , 6.300091160370804 , 49.64325096529127 , 6.179533362839664
49.62416772109511 , 6.182794597526859 , 49.61755794050098 , 6.123442649991436
49.584365062790376 , 6.005014467744158 , 49.59070969924437 , 6.149587750182676
49.62973522233125 , 6.154398643764583 , 49.609510350345836 , 6.126844958521827
49.60339036739202 , 6.1417523655983475 , 49.60114503504627 , 6.080926427063408
49.58580436531187 , 6.174032010081179 , 49.62408041604392 , 6.107544279692386
49.638152594000964 , 6.277169286418776 , 49.629457610416125 , 6.273015343331199
49.59680138681026 , 6.119892273292332 , 49.66910396878211 , 6.152444593709439
49.62779167952801 , 6.106039939300592 , 49.65914446410685 , 6.1244855703965975
49.60797639867145 , 6.134216148573084 , 49.612685849115095 , 6.140412499736133
49.595461799310264 , 6.148625242127164 , 49.583681167112466 , 6.137039919943529
49.57721400878228 , 6.156892727304692 , 49.65579033231027 , 6.11640855806925
49.60943859072431 , 6.102609946057943 , 49.59825467188608 , 6.140398764260265
49.60641669921582 , 6.130123785452313 , 49.63180531662167 , 6.053576964375987
49.58306995288816 , 6.124617254689041 , 49.63679376768958 , 6.172047550031687
49.647941387419934 , 6.09545609129862 , 49.61200361879624 , 6.115956010904405
49.576230946735556 , 6.153200101996876 , 49.60944607272523 , 6.145978692256126
49.62126064745306 , 6.176247687236501 , 49.63404356382397 , 6.289843410510539
49.61673412103202 , 6.117305129093596 , 49.61024294101004 , 6.143169448464804
49.59951351238831 , 6.146731388386373 , 49.609906084672474 , 6.1068737329631295
49.60419568904021 , 6.140458430682022 , 49.60478498984142 , 6.156616697945937
49.598892164659574 , 6.139842127403507 , 49.669270721912206 , 6.137461957763051
49.570954183142085 , 6.023233645870776 , 49.59265890511017 , 6.113628792724086
49.628255980414075 , 6.233373082350553 , 49.63415255117705 , 6.093254724830938
49.59842782057902 , 6.147796817439862 , 49.618658550431746 , 6.137397463619189
49.637685697619936 , 6.0950942526360725 , 49.607518594045374 , 6.130266433787678
49.61584180703513 , 6.116941589315936 , 49.59159049921954 , 6.162946818644233
49.60408735834758 , 6.136195071375622 , 49.64272686333766 , 6.214920395035533
49.61476562923996 , 6.13842228428176 , 49.589642414613905 , 6.145414740759928
49.65079268413934 , 6.067970089950313 , 49.64322798272272 , 6.146130905707171
49.59122751145577 , 6.093391688399128 , 49.617318316270115 , 6.079015523996895
49.62162167797235 , 6.181868019133622 , 49.62831743764966 , 6.113610649785409
49.623320778512166 , 6.121891745370739 , 49.60779583580655 , 6.137144485148046
49.60855249149897 , 6.056093255538777 , 49.64891411950458 , 6.0113913211456795
49.615800983211585 , 6.1237774527509465 , 49.637217681761 , 6.147000214874219
49.6454710902266 , 6.287747388394793 , 49.62112368798236 , 6.1654176287768445
49.65378936907462 , 5.988153221029208 , 49.608817118234775 , 6.103510308055072
49.64077858172461 , 6.152940679637725 , 49.62711010824561 , 6.047806398035607
49.56977093109699 , 6.156005718128882 , 49.60764434734523 , 6.171877442753585
49.60802768116635 , 6.136726020505667 , 49.62911810983458 , 6.023022600866886
49.57791604446733 , 6.15629172761395 , 49.63371461216329 , 6.058334078893485
49.648010080497414 , 5.995131270808474 , 49.597593929057155 , 6.129575852305238
49.59368315444622 , 6.139704273168106 , 49.62870654091035 , 6.06741756419322
49.633279813577325 , 6.188866774403277 , 49.60587335481447 , 6.139932615001788
49.63739139286447 , 6.033138348401672 , 49.60114092881757 , 6.1414765358391925
49.583210605191326 , 6.180482964347514 , 49.66054815218298 , 6.007596462318639
49.62509386892867 , 6.133253455782614 , 49.63867191609556 , 5.9998024700453625
49.6105810753529 , 6.139960720297292 , 49.61908129586838 , 6.177338289513554
49.59718700846999 , 6.146843189351854 , 49.63501791908107 , 6.272002762435808
49.62375306704926 , 6.149088674739192 , 49.623195221170995 , 6.117201928018338
49.61453977472422 , 6.182559916760871 , 49.611482040474996 , 6.145018248812623
49.634131170860556 , 6.040853773945253 , 49.59902312602041 , 6.161441737736342
49.62769710558858 , 5.996659862686508 , 49.58267518091688 , 6.1696464407473615
49.61237629180811 , 6.109642590935926 , 49.61401335567283 , 6.1308028266873045
49.62703243245847 , 6.138952325792269 , 49.62416999476679 , 6.163676105784343
49.6210669461929 , 6.130602047369527 , 49.59766836479056 , 6.143349490156849
49.62758205404284 , 6.179665230973319 , 49.660313265200905 , 6.123001680069923
49.60811543071078 , 6.104905388320565 , 49.61691944565182 , 6.214552781541418
49.585987912873 , 6.056932693902626 , 49.6198993261958 , 6.147861512040829
49.607303246338205 , 6.054467777740639 , 49.61715842619177 , 6.116912480981808
49.66778494951444 , 6.245549243851193 , 49.594225112499366 , 6.1463972035877985
49.56743611312815 , 6.1553799469434765 , 49.621102004836054 , 6.157525144592603
49.62097576866218 , 6.143587637577978 , 49.623399114452084 , 6.139951986370323
49.62935558758577 , 6.157100032444641 , 49.60885601607917 , 6.139603080434424
49.63846008804247 , 6.252598089077626 , 49.6460292181977 , 6.091095911239103
49.62697594698415 , 6.165384119508786 , 49.66488422308706 , 6.314500916391436
49.63506894295501 , 6.1878508933273215 , 49.63133655185523 , 6.154040673198945
49.641576513826934 , 6.106680338915612 , 49.60513799322761 , 6.1133025345268095
49.60020259866806 , 6.138487033658071 , 49.67050455560921 , 6.179502290273327
49.62136799256902 , 6.137455064360244 , 49.60400032159168 , 6.14039873457657
49.66666848797982 , 6.020569788509043 , 49.65317068011111 , 6.1208923483702256
49.624105918810315 , 6.116908020389438 , 49.6303712139723 , 6.143480230947013
49.57605985125631 , 6.2361165415817 , 49.634919827774766 , 6.129201907832279
49.57169952747723 , 6.155761867818139 , 49.633692837816206 , 6.070247525372804
49.65139429360787 , 6.004398541963134 , 49.61764740880523 , 6.1940431448005455
49.623171181105725 , 6.1404404194479385 , 49.582745605871885 , 6.160284371757587
49.62156418595368 , 6.11586046517932 , 49.62340003764867 , 6.134252903828112
49.60691745161236 , 6.108084192579278 , 49.619231598325534 , 6.182035482052744
49.625459798906114 , 6.122531272401857 , 49.61779289334341 , 6.122572286238693
49.66926172366084 , 6.124487626958198 , 49.63484631880837 , 6.196351423941527
49.60609073874766 , 6.138917111112254 , 49.60551513337648 , 6.121805017202847
49.61722347968323 , 6.083288486589378 , 49.625772177152264 , 6.081482097021797
49.570550654825965 , 6.116654787421119 , 49.61159207804803 , 6.135221036589067
49.57920869694191 , 6.2477729337980525 , 49.6131629521892 , 6.250408829322202
49.61237827813989 , 6.151692815281175 , 49.57386482092647 , 6.122360538335652
49.60057326569885 , 6.154258491368555 , 49.60425681530209 , 6.158335971160896
49.6125434413351 , 6.294615657031999 , 49.5962981324387 , 6.145430205865495
49.61257182021482 , 6.12294918365454 , 49.624921091937466 , 6.188903063116704
49.64753763563458 , 5.990494088024533 , 49.63351142942149 , 6.123308104814103
49.59022717947821 , 6.115184382888313 , 49.623907893447175 , 6.115749549436437
49.60886007973142 , 6.114982282092234 , 49.619968000761254 , 6.181883034002528
49.59591496687045 , 6.151379475480269 , 49.624985036884475 , 6.1296719251008165
49.64330378488703 , 6.1361841390401795 , 49.6079801962376 , 6.139455780217173
49.62590921439832 , 6.181587741638835 , 49.595677268982065 , 6.151545693731118
49.59129064840872 , 6.148274700511157 , 49.61554337409579 , 6.052492494925427
49.669488309742135 , 6.135387599521566 , 49.604292035286704 , 6.11401367946586
49.608039770950974 , 6.148030401161813 , 49.5768149863692 , 6.166548447885581
49.60639917432696 , 6.137492263266565 , 49.624194328082034 , 6.04155620673242
49.63798480919277 , 6.1929683481862705 , 49.62935860439098 , 6.181359990021682
49.64304153708896 , 6.150197404308065 , 49.57907708105963 , 6.218434316004988
49.62965696452344 , 6.123121779459298 , 49.611265895789245 , 6.130347875119082
49.638216838528905 , 6.292195611561314 , 49.61429746444991 , 6.14415774936972
49.663512854532534 , 6.141497302381672 , 49.58232657892651 , 6.139024429137679
49.581830051836974 , 6.04029671651051 , 49.65232778290895 , 6.130230820186399
49.63655821208281 , 6.1369834356721675 , 49.61422611300863 , 6.254063226138821
49.616780915197715 , 6.115621583800569 , 49.61255569258007 , 6.221786674697922
49.61526102485001 , 6.123418808012198 , 49.622608982152315 , 6.140232640652107
49.60702170213934 , 6.1384217629782345 , 49.62866097810057 , 6.075609256181587
49.61193162640925 , 6.135527820546158 , 49.6361509687411 , 6.141971912067808
49.62388511118513 , 6.171997119135107 , 49.59547025827891 , 6.119764786981324
49.62021860045316 , 6.122258522902 , 49.60096137537464 , 6.117171452343039
49.58911684176413 , 6.1895666047735896 , 49.61640025302771 , 6.106797602937192
49.617549540728156 , 6.132443154551816 , 49.62534837064931 , 6.055569892326428
49.642268975580585 , 5.980199413056279 , 49.57200856343963 , 6.129831402197854
49.57623779171434 , 6.19137367168231 , 49.61927321100812 , 6.121455179552703
49.57597054068408 , 6.152412769976046 , 49.62952230767257 , 6.14072074276276
49.62401230383393 , 5.997467793830166 , 49.63738080066251 , 6.001332847934177
49.613084682450655 , 6.122057757946164 , 49.62928869231033 , 6.10814783273703
49.61132053653542 , 6.253580399199109 , 49.60490162911776 , 6.128071364584093
49.61831513348773 , 6.1171305971777095 , 49.636326406602855 , 6.120968945401587
49.62211518338478 , 6.12159468174461 , 49.63792011952247 , 6.146562582041519
49.648792724576836 , 6.136829655512161 , 49.62276791072068 , 6.056749419867196
49.62089744515088 , 6.141175878709668 , 49.670434942253124 , 6.090545864741949
49.66980748403782 , 6.299388003109651 , 49.640147488720174 , 6.27222327513832
49.602992669016544 , 6.15447214425213 , 49.65725126126394 , 6.136537375612884
49.64515155146815 , 6.124203662750091 , 49.60876744997911 , 6.145589232669408
49.601741649927966 , 6.154512489868667 , 49.59049097842623 , 6.263378689658744
49.62701610633961 , 6.0623730040844945 , 49.64593372416936 , 6.142322074543318
49.65833037732063 , 6.095751546808915 , 49.616616356983386 , 6.130927819246968
49.633010959161 , 6.190122383098818 , 49.610175849406936 , 6.129833592414285
49.60506760012627 , 6.077730299416624 , 49.61479225844923 , 6.131566099394993
49.61388948015347 , 6.124974103483027 , 49.63534874357749 , 6.04977578121408
49.610367152499414 , 6.153621460186464 , 49.621765426191445 , 6.139552192920952
49.65164935108289 , 6.281354628509166 , 49.5644359132235 , 6.2989130310963
49.657199312359744 , 5.991985448384706 , 49.605109152912675 , 6.119883431178767
49.626903162709674 , 6.131642822780842 , 49.61704927211243 , 6.1805425351662775
49.60924259281682 , 6.123495648753763 , 49.64864692991515 , 6.1435243479522486
49.61337100542427 , 6.122142785070009 , 49.66780047044669 , 6.202895815092233
49.58558244205345 , 6.134793684123073 , 49.58515650307683 , 6.039980168876437
49.615025394250644 , 6.004516521232317 , 49.66377849983807 , 6.1643516255184005
49.6242018403412 , 6.0482502321420215 , 49.619290879680555 , 6.133230854890715
49.62810392006607 , 6.172692106494112 , 49.62400224578689 , 6.321345021686161
49.6144089018174 , 6.124957293539448 , 49.58108957661807 , 6.17177395449413
49.63738627984983 , 6.12709777082628 , 49.62095938459535 , 6.081330358073208
49.600328649807174 , 6.153476406430797 , 49.587491702721636 , 6.181226604983163
49.62731274505597 , 6.182300124985397 , 49.603602541246985 , 6.12466473386246
49.61428195359888 , 6.125172690605074 , 49.58892275206257 , 6.140808075511057
49.63776943537699 , 6.178537925011091 , 49.623550781049616 , 6.069585885947017
49.64226383698786 , 6.181749543214791 , 49.66184017569906 , 6.138337715328385
49.63942327429673 , 6.189032764034511 , 49.59679633407375 , 6.138842216781623
49.61891775750198 , 6.1215818977026215 , 49.61636030168368 , 6.140015871199395
49.6348726921796 , 6.033089421051381 , 49.642605920367295 , 6.2829414644309445
49.628301529641895 , 6.1204456570441055 , 49.564058061412766 , 6.180670730588542
49.61254926395386 , 6.126162639014515 , 49.6180407072463 , 6.1454276587907355
49.6186790198351 , 6.1799794640138765 , 49.62187284881715 , 6.122531778932805
49.664034766146386 , 6.084183601800703 , 49.6128605775232 , 6.157089189360714
49.60456499712299 , 6.229420011888677 , 49.63611059377832 , 6.078133713393067
49.61267010093303 , 6.138635134068219 , 49.58550854044863 , 6.09044518167184
49.61839941314128 , 6.117440148339147 , 49.58856359770035 , 6.1515317148198685
49.595816822746905 , 6.175541315282059 , 49.63725313392572 , 6.137560443634273
49.62309003429541 , 6.122571201417811 , 49.573716665098054 , 6.013193123439867
49.625431369739296 , 6.176820252849657 , 49.591530410222994 , 6.1379746482117
49.62024645992369 , 6.056171129143791 , 49.628310549960794 , 6.013029218970334
49.60364601576723 , 6.144895398844758 , 49.60530903395512 , 6.115187200302618
49.619435814554826 , 6.141546845635171 , 49.607527869313195 , 6.146955985517975
49.65452643281688 , 6.310978137934892 , 49.59680229072469 , 6.154645287570552
49.66986400939384 , 6.313594628899884 , 49.63017114884639 , 6.112112089405441
49.63012748231486 , 6.030529279459021 , 49.62759848996769 , 6.073859423034906
49.62842684818547 , 6.0549180921003325 , 49.6540250290985 , 6.212776890830485
49.59578312153651 , 6.132381317919807 , 49.58717464456455 , 6.128987070750048
49.6273244501178 , 6.055212244174291 , 49.60459707288907 , 6.1517977070746985
49.657273033782964 , 6.080960899829298 , 49.61755316772665 , 6.072713866292808
49.576754971967546 , 5.989030960858301 , 49.62106278819399 , 6.141305134532818
49.594723244077514 , 6.14706745518359 , 49.61915463809129 , 6.110336879136933
49.61503635452757 , 6.085075981154288 , 49.59013217932935 , 6.138625282362174
49.66297349992222 , 6.069624603686477 , 49.626272687140066 , 6.049386286936113
49.63335073978329 , 6.161374196021403 , 49.64336327136241 , 6.1627230367195445
49.57979409199145 , 6.276607661131632 , 49.62986199190383 , 6.147615270472543
49.578600386707365 , 5.982284306971835 , 49.6038830761119 , 6.143063471233007
49.61454190796125 , 6.055953788499338 , 49.604715673508736 , 6.148528408785616
49.61932822428749 , 6.1157492413559105 , 49.60001783927914 , 6.14097034762098
49.59756339510446 , 6.148357595698483 , 49.61929159438544 , 6.1642829927792615
49.61263659580626 , 6.165367691919948 , 49.64117028299458 , 6.191091871875511
49.58764042049288 , 6.174005626932369 , 49.61520514977914 , 6.088547160208282
49.6025962273405 , 6.1481585767974565 , 49.60723733995147 , 6.054235819656601
49.57702217262555 , 6.157798237847385 , 49.61796304760943 , 6.12315518861063
49.619297329084496 , 6.072209639612055 , 49.61468970396892 , 6.107952256808166
49.6549419596892 , 6.1192644724211265 , 49.58103785235291 , 6.1554629941263235
49.60975627781369 , 6.104610774634499 , 49.62096076377469 , 6.255539783037595
49.611042249023455 , 6.128174902741822 , 49.62383787192274 , 6.1910573314159185
49.606155088969956 , 6.107949895888269 , 49.634586048852704 , 6.119596557286597
49.58716645398096 , 6.199257294590098 , 49.61333123975943 , 6.129937196258526
49.59824428512876 , 6.141011111369806 , 49.61983452277556 , 6.1316664107583145
49.62086785265281 , 6.1487407998526225 , 49.618407691838804 , 6.1362613387291045
49.61720716512226 , 6.122484473449109 , 49.616345943901145 , 6.123146271603661
49.62689643753562 , 6.173280441630809 , 49.6443672490681 , 6.146139961627933
49.60916615688498 , 6.147569804066386 , 49.60989365864236 , 6.140379010005529
49.6353814024521 , 6.129571539800227 , 49.61716700554297 , 6.1199905212121415
49.620890348826556 , 6.173792826200529 , 49.62240897540377 , 6.066560358777916
49.599880249492934 , 6.211520853322606 , 49.64283160349793 , 5.986995633707371
49.60661419961263 , 6.120473058557423 , 49.641960592137245 , 6.278796592910765
49.618057282489595 , 6.16367337847838 , 49.61498671545248 , 6.141356829147617
49.62743913637242 , 6.115383076794042 , 49.5828603081452 , 6.153049341268525
49.59893538628603 , 6.144998608791055 , 49.65154830048281 , 6.149296799587298
49.598377294219084 , 6.157098177774833 , 49.63231026646741 , 6.125186212693381
49.57388102348895 , 6.127464335021208 , 49.604914542866794 , 6.103976515714181
49.599120726171854 , 6.173756205932974 , 49.60469470934703 , 6.061741618718896
49.63722084929958 , 6.007752522905021 , 49.663747160411695 , 5.987400251058864
49.576382546265 , 5.995232728332964 , 49.62947437166663 , 6.119855736302104
49.60631774604422 , 6.131360333560281 , 49.645728093826314 , 6.020400509342761
49.618713671814604 , 6.133197825538672 , 49.58205000015601 , 6.129464896671936
49.56403221184663 , 6.040675096186287 , 49.61257984834514 , 6.173028263936261
49.62495824567931 , 6.181655690770474 , 49.6251147830462 , 6.1369653016423
49.629090330008964 , 6.099892009401221 , 49.62091640672228 , 6.115974668598386
49.61717869879169 , 6.128653154981458 , 49.65885859688797 , 6.1446814761906605
49.595044726771405 , 6.068638644918644 , 49.638065168989364 , 6.03147463007466
49.62333091931029 , 6.178807859958235 , 49.60081131018481 , 6.1336938354531485
49.61873537085013 , 6.119732147217291 , 49.63887843561253 , 6.163368354614873
49.61899754878959 , 6.107022931744641 , 49.59942417361247 , 6.147093374971696
49.589722659134786 , 6.140947744935393 , 49.60539660180257 , 6.145732371386505
49.62605146098331 , 6.120836905914385 , 49.63142206588268 , 6.177367892738704
49.602092239839926 , 6.158489513397623 , 49.60921828162336 , 6.14117251160128
49.60906006143463 , 6.053535898238138 , 49.63450145693449 , 6.118884063643992
49.626208221328945 , 6.06206206401239 , 49.60756175493584 , 6.129249715227131
49.56257271198646 , 6.104114111733057 , 49.66239886618488 , 6.004891562135414
49.6323120314156 , 6.155261024451203 , 49.60619065401868 , 6.096761539247014
49.5707047106645 , 6.169725679878382 , 49.65732467374351 , 6.303807634666076
49.62708128717376 , 6.1790776696455945 , 49.66511127072091 , 6.137868960762989
49.57774856266873 , 6.18629360908541 , 49.63159339869352 , 6.169384055986018
49.58165749681123 , 6.153732952701789 , 49.6291293521085 , 6.171829868641807
49.61558204317229 , 6.109663541622829 , 49.627217395269916 , 6.063986686915202
49.61233086131384 , 6.137514105141872 , 49.60746920409132 , 6.098160662641308
49.618136367770134 , 6.132980572842991 , 49.562712240577774 , 6.096326007838478
49.629143433383796 , 6.158065729841862 , 49.6032179851434 , 6.1417115453878255
49.63155817576036 , 6.189812425286133 , 49.66847397045756 , 6.014850691203861
49.5950995357141 , 6.145649054542382 , 49.640826373948514 , 6.179697642753253
49.604226894619934 , 6.154065100361945 , 49.62343950370249 , 6.21390803041676
49.62488022132188 , 6.136637637527337 , 49.60333349771167 , 6.139487762294306
49.57101526993693 , 6.139187887006905 , 49.60494132919874 , 6.26568896402166
49.62447361240755 , 6.171270365634141 , 49.60949176094059 , 6.256193785227378
49.60804803710895 , 6.100932480358081 , 49.56362987264662 , 6.006052109868693
49.585197563783446 , 6.096633095989207 , 49.64361481556219 , 6.117170563715657
49.60671819593781 , 6.153793587057262 , 49.624467591612806 , 6.174854954110584
49.61360830574973 , 6.037673983850219 , 49.59357338469567 , 6.198821111746087
49.62812360144618 , 6.1957573929964 , 49.62869302533344 , 6.032417394818645
49.62174399795406 , 6.139603473826373 , 49.62782683081522 , 6.277658742065961
49.65536641245683 , 6.025713191545701 , 49.615258203184844 , 6.1759462577652195
49.57903871741761 , 6.138496769227012 , 49.6280405778579 , 6.136636253487248
49.57302262958923 , 6.2318552878625475 , 49.597442855439475 , 6.139875621263106
49.6076871861926 , 6.122125681801099 , 49.60832853182024 , 6.139445509976609
49.654211029759715 , 6.098951054178303 , 49.62065339717447 , 6.113161937006981
49.56358178497843 , 6.161789484366394 , 49.665535704566786 , 6.148144619769264
49.60765062199241 , 6.154173354201178 , 49.61597481660586 , 6.066682799695592
49.60207440606257 , 6.110973797037518 , 49.63943011478142 , 6.23573106257007
49.62802613831198 , 6.154111144238801 , 49.65160559570685 , 6.129850012992051
49.63786352629326 , 6.113880390727092 , 49.623143721373296 , 6.112267032023727
49.63436842433867 , 6.274000195396655 , 49.62276294340059 , 6.182228270887147
49.577682234997745 , 6.147318067626436 , 49.632893150272615 , 6.275213628032272
49.59159004924804 , 6.122394553067639 , 49.62428868854284 , 6.171819008112765
49.62404005374342 , 6.1318981501903504 , 49.662344709461536 , 6.270135182989793
49.6392873313843 , 6.069953973548242 , 49.628329107078855 , 6.114625389155951
49.636489928817966 , 6.174270008504694 , 49.640508343909325 , 6.148329589335156
49.60949605372483 , 6.154854821659676 , 49.592764571245205 , 6.1510378827881524
49.61360375410046 , 6.177039898304965 , 49.60386795906374 , 6.030032866385697
49.60820745217312 , 6.13923557922644 , 49.60247207866641 , 6.163409516995445
49.583397659123875 , 6.155206518917803 , 49.62360718825659 , 6.182420784316146
49.608985653726194 , 6.12103018723781 , 49.616131643015976 , 6.14922613270575
49.65629901777918 , 6.073718262055164 , 49.59304722074508 , 6.1822719164602535
49.56256100174955 , 6.1996872630816755 , 49.62131352866103 , 6.195384984350038
49.6233856228051 , 6.130053447528105 , 49.61501327653019 , 6.114303802503208
49.623440249606645 , 6.122489116631523 , 49.62186988196742 , 6.1221962107187275
49.62590955749832 , 6.071427128679722 , 49.62379642267926 , 6.174529284336622
49.61516135364663 , 6.116439420910724 , 49.61390384693219 , 6.280483088712147
49.56861940704558 , 6.096627815125583 , 49.63077261173862 , 6.188062030002522
49.63231288981845 , 6.132905016757449 , 49.60690941185509 , 6.155382005904411
49.58544508700562 , 6.145930422955816 , 49.627765228265524 , 6.115434628551724
49.61571788741293 , 6.104865865141078 , 49.57760375439043 , 6.122805621762442
49.59887445919859 , 6.1296937923554395 , 49.59496470698613 , 6.139445976749421
49.65810168370313 , 6.140622269066299 , 49.66408923862672 , 6.244004045222164
49.62559840928384 , 6.14574882015603 , 49.64368472123404 , 6.186532341220991
49.63406038487061 , 6.138143444661885 , 49.61134551368879 , 6.134046357771533
49.59020703384121 , 6.150875251099588 , 49.59883837367577 , 6.21502142720378
49.61720800142802 , 6.1204027133893195 , 49.59190756387512 , 6.132675939455008
49.57123858180419 , 6.151680688195775 , 49.645040615674404 , 5.987139028210109
49.6254957021913 , 6.123537391230583 , 49.61218691120626 , 6.133164862863582
49.599182949852064 , 6.15840151955614 , 49.596968842692796 , 6.141611290138044
49.610818372720566 , 6.139664386759394 , 49.612155266743095 , 6.153647654869249
49.620940557548224 , 6.185034101257982 , 49.59846555791549 , 6.140731274154612
49.62347836802333 , 6.04341828338197 , 49.604520062419894 , 6.140942616686592
49.60104743111183 , 6.325288834198697 , 49.61395193290746 , 6.120643562280745
49.62951028509442 , 6.11332992513491 , 49.59314355987266 , 6.107767052805638
49.66683393629949 , 6.124881740772978 , 49.56857271320602 , 6.0057263670752
49.61511326751354 , 6.024187291289362 , 49.62906960952877 , 6.12391421511235
49.594269941860354 , 6.17908139816402 , 49.62914150141734 , 6.0640873870919165
49.618816231660865 , 6.122167511260892 , 49.612233189673354 , 6.117986454076209
49.639927714166106 , 6.121483402319671 , 49.61410524693519 , 6.142600547300255
49.61822973049528 , 6.208068277932037 , 49.57932097496727 , 6.137856801743707
49.617085179441005 , 6.12346138893794 , 49.62272156016048 , 6.153914333300564
49.62140503894346 , 6.099361342719975 , 49.627614086633464 , 6.117384920304866
49.5783162316451 , 6.076289301105222 , 49.632913133344786 , 6.181715806003214
49.63934798420281 , 6.156298287879252 , 49.63218713839839 , 6.185765162132613
49.63091326315516 , 6.107646354195342 , 49.62879613574373 , 6.162330190785452
49.59612207541544 , 6.145756461553813 , 49.57889313275613 , 6.133341842917001
49.62270860021274 , 6.1154051291679306 , 49.633182774410706 , 6.123177396157054
49.605080098595444 , 6.171026332056106 , 49.61654058106402 , 6.1384858413808505
49.6174774729243 , 6.1497222096529045 , 49.61307364257061 , 6.1243796729001545
49.65681918687342 , 6.129879080067667 , 49.65347332496716 , 6.003985400515979
49.62938106994633 , 6.178578990874982 , 49.62560092719712 , 6.189148410779237
49.617864397741734 , 6.113317435201958 , 49.60556856844595 , 6.134655495428734
49.622679418352575 , 6.174163123289042 , 49.649495972938446 , 6.149091669392704
49.61508660134601 , 6.179264938622831 , 49.639893946470984 , 6.166768575133045
49.65594666421878 , 6.0326995645107635 , 49.599973854933474 , 6.144715794541707
49.619044938664445 , 6.161260212459326 , 49.64625232378211 , 6.128941639552939
49.639138647947135 , 6.154250225316653 , 49.64198065818482 , 6.025727096325361
49.64848478097463 , 5.99815475480157 , 49.632631974218775 , 6.171609919633279
49.62377651549261 , 6.274665742703873 , 49.592248233040344 , 6.178874184807963
49.64629046603117 , 5.998212116191923 , 49.59332898547734 , 6.239662492183492
49.588388272709615 , 6.012721147038113 , 49.61682349665388 , 6.101775246622501
49.631734901793095 , 6.280539234398728 , 49.59562977370917 , 6.2592789368132085
49.61168477575587 , 6.172940999216906 , 49.62488349540091 , 6.240470996434958
49.61494245833754 , 6.29603275092327 , 49.64605769790029 , 6.108372423325143
49.635762972036915 , 6.111801815360218 , 49.641290934280846 , 6.021115953616931
49.63220769002559 , 6.174700912566853 , 49.59892674375447 , 6.139270940475461
49.58260931064723 , 6.1280224576906335 , 49.60337922886384 , 6.152954721728501
49.62749065331145 , 6.120717734014995 , 49.62061821538525 , 6.2065476931210695
49.571454001755654 , 6.150930924294099 , 49.596636152730674 , 6.1447833953848825
49.57767268811094 , 6.166619363990936 , 49.605748605162 , 6.093050322367321
49.57219314616513 , 6.113505861238398 , 49.64609092713736 , 6.112354144955828
49.64616730268045 , 6.287953622867442 , 49.631095647111444 , 6.140057326680316
49.61325060122898 , 6.199463548778427 , 49.66341550628975 , 6.116566570108282
49.59818498778014 , 6.148229514262312 , 49.647744522032156 , 6.251776019069254
49.595419939159626 , 6.1546092573576265 , 49.61557326546561 , 6.1463513554972895
49.60534158136566 , 6.124969916266892 , 49.62231527559566 , 6.137648996577526
49.60334699281597 , 6.172708436679926 , 49.60992407054397 , 6.155275116302236
49.63616694482383 , 6.172472399053151 , 49.61279404875004 , 6.13159066265054
49.64422246650633 , 6.143079163258954 , 49.605196142399585 , 6.146202135118448
49.636704940847316 , 6.109487707319548 , 49.63989628409385 , 6.1337720578196615
49.62655752628228 , 6.291262802032301 , 49.58077664365695 , 6.098776564208905
49.653173842572734 , 6.001563754278134 , 49.65819666041576 , 5.990796181354643
49.65008126869209 , 6.224475844854447 , 49.646340947622676 , 6.130947652022174
49.60929654997045 , 6.11831185819311 , 49.60410083836186 , 6.128084939060541
49.640673302669306 , 6.144447540928917 , 49.612548399253974 , 6.182733521259567
49.624469316989156 , 6.188015294435832 , 49.589964817543425 , 6.148708164373732
49.624342032147915 , 6.111275854439432 , 49.627752248248015 , 6.187715184088638
49.634461824799 , 6.207938341730743 , 49.63328291453413 , 6.213640031426614
49.63034308012254 , 6.185131967112389 , 49.62882762949601 , 6.175003716173309
49.61272945880317 , 6.123634673246202 , 49.58740781486764 , 6.146252079647538
49.62382650526433 , 6.122782186957476 , 49.60031796553243 , 6.121329202415417
49.598153204975105 , 6.1415429645317605 , 49.62794208960132 , 6.191042553163398
49.596620207054706 , 6.164554397136029 , 49.59724153871953 , 6.1364448451873415
49.61361333580389 , 6.167180601903407 , 49.61731895091757 , 6.186301414071715
49.59229547840757 , 6.117724647410848 , 49.66647966281415 , 6.133167498446964
49.629367224279136 , 6.025071103144883 , 49.62616587026584 , 6.106195326777503
49.6193408428807 , 6.266213246314237 , 49.65043982198164 , 6.130040453335419
49.61290691388708 , 6.064938029183558 , 49.62804870535386 , 6.1824871372690975
49.603760606395554 , 6.141619672162059 , 49.64755912676801 , 6.102924086331267
49.60495697199959 , 6.140363726422158 , 49.65586062600678 , 6.2554674741126775
49.61574024474712 , 6.112577067772058 , 49.57476026545275 , 6.27848522721419
49.61716175061064 , 6.195866910143019 , 49.60866066765771 , 6.022890333853825
49.61509460022973 , 6.1143264440285385 , 49.60530507263633 , 6.1307312565407805
49.612858675466754 , 6.153362052030472 , 49.583704413416164 , 6.208335107369193
49.63853389387571 , 6.166434561148692 , 49.61257512074899 , 6.168593193617543
49.61275976890898 , 6.0817658065800275 , 49.60027606771282 , 6.156053718485374
49.646140542915205 , 6.239632165103397 , 49.62006194973802 , 6.092317227193645
49.628713251497594 , 6.286652224354074 , 49.63585403564897 , 6.15115176104335
49.65646860948619 , 5.993652844768574 , 49.607749413096464 , 6.123395065585637
49.577080800827524 , 6.117807118087566 , 49.66159288689151 , 6.140642411602775
49.64885172628618 , 6.024816597579017 , 49.61246983247813 , 6.135609572095783
49.60585325813825 , 6.1385729980558486 , 49.651680213714556 , 6.1477085618197895
49.61638679692887 , 6.110337098779851 , 49.62061155878458 , 6.108245133793935
49.616962459906375 , 6.129317505773778 , 49.62094365199381 , 6.067560691087266
49.658540192009404 , 6.090607682688612 , 49.66014531068269 , 6.097854147248665
49.57501058905762 , 6.014692479122785 , 49.61714121852645 , 6.163497059271557
49.634550726398494 , 6.043891423458684 , 49.623343708822944 , 6.124009832775539
49.58721090281318 , 6.236228813963282 , 49.648599283082 , 6.127996941625597
49.60662923512128 , 6.141429506652585 , 49.65883717017026 , 6.125715055983843
49.619354413546205 , 6.13831015434598 , 49.62359936773868 , 6.122977701835048
49.64354181107143 , 6.054474128850791 , 49.607348693386754 , 6.2159589937212925
49.60218197280679 , 6.327193007406801 , 49.595587670309236 , 6.148317605382774
49.61772980169741 , 6.127844735416768 , 49.59101695327974 , 6.137313221364977
49.64765704392958 , 6.012945477976084 , 49.61745963493299 , 6.122912007105004
49.633611129923906 , 6.142198374923797 , 49.64646659309786 , 6.150092639718022
49.64018404768595 , 6.153855561773455 , 49.585911188500916 , 6.158583784857675
49.587394876044044 , 6.136121665027112 , 49.59648683843497 , 6.223811851310389
49.59625196192452 , 6.149227170803888 , 49.611972070462464 , 6.156017390396203
49.61227920800273 , 6.138047475526328 , 49.58327851446136 , 6.145235975236579
49.5922874535394 , 6.087451162135809 , 49.613588315439216 , 6.233731258000154
49.60276664015106 , 6.146849627291529 , 49.607842364186155 , 6.1448254619405756
49.598635493838344 , 6.1390041382861575 , 49.656733781897735 , 6.133237122909415
49.64593872847417 , 6.124499320889774 , 49.6475949193068 , 6.311358853619843
49.59568568646195 , 6.135939756700564 , 49.58812496575294 , 6.155858249726553
49.59599423932119 , 6.137629646045206 , 49.62090973884016 , 6.116579843880006
49.6307237383322 , 6.131868731658648 , 49.610694863536054 , 6.123974723589172
49.6670338578627 , 6.1381725323556555 , 49.64420960252981 , 6.141910400712943
49.63227518310363 , 6.123387451065056 , 49.59919392025846 , 6.135583088561287
49.602167471146366 , 6.156516699660752 , 49.634403683395696 , 6.015399907388873
49.6347659336101 , 6.131792972997013 , 49.5984893972281 , 6.1515531917405
49.64576026973914 , 6.001799039847761 , 49.63118671874696 , 6.137315170253637
49.62174858188959 , 6.131182660670198 , 49.588556744896536 , 6.147676613156214
49.60384820450501 , 6.148196160544507 , 49.64786403661706 , 6.013234545798989
49.61355137052808 , 6.245679167864427 , 49.606576621644 , 6.133729497883577
49.60206352530123 , 6.236458026361595 , 49.616891311470184 , 6.122616618543085
49.58273207478041 , 6.129351809544439 , 49.61638106939668 , 6.114767589226503
49.637611975866264 , 6.158177271362473 , 49.622865595709136 , 6.133088117470334
49.614285543059566 , 6.083022792485437 , 49.65392473577372 , 6.2153593376312655
49.604362938757255 , 6.105594475173782 , 49.638574841869435 , 6.148648522442009
49.65607138742062 , 6.148870402191089 , 49.61902786066143 , 6.323524700085757
49.64538847807694 , 6.148416419897495 , 49.62275662272636 , 6.131657850439407
49.632017318881566 , 6.104093644133209 , 49.56662021024571 , 6.165167115407228
49.661840100708105 , 6.262408892336983 , 49.60654253962533 , 6.197077997802701
49.58933429831671 , 6.232820756427651 , 49.6124959456056 , 6.147452424043458
49.58672800314569 , 6.1536914644674265 , 49.61079791717617 , 6.225749870051362
49.61548264775547 , 6.111512186212924 , 49.61344851752983 , 6.115482892850002
49.58374586188259 , 6.223227107764064 , 49.59218355085377 , 6.104846157758714
49.594743229024395 , 6.1550415277947375 , 49.63344192638909 , 6.262051091150034
49.62691869524994 , 6.113815927746705 , 49.63437308254869 , 6.065976388189524
49.63300868967366 , 6.089694351923551 , 49.63385583663086 , 6.131995652078977
49.58925242689689 , 6.142518628013954 , 49.62380204956231 , 6.140844292878186
49.62486407833438 , 6.139773680326538 , 49.66350683864846 , 6.058320193223137
49.57240776386171 , 6.1646928731360084 , 49.64935943924853 , 6.1227864179472435
49.591289152240016 , 6.227283307214243 , 49.62445341899095 , 6.083111946913369
49.62080097685562 , 6.088374702533892 , 49.62591157247129 , 6.162906874689694
49.62095908933075 , 6.133387940663628 , 49.6186772835801 , 6.164090660290512
49.62607793277838 , 6.169672847129752 , 49.62516014903452 , 6.236891307318696
49.61042325153848 , 6.136607609222598 , 49.606188788592476 , 6.130512825535114
49.647817903457714 , 6.320753073066297 , 49.62323647715118 , 6.169985632088109
49.62862208776943 , 6.110660806092427 , 49.61727624544672 , 6.125035994327561
49.595512054642874 , 6.155845263374347 , 49.61134407907155 , 6.111751418566344
49.60623984942999 , 6.120737671823972 , 49.62898454327537 , 6.1642638853497935
49.66394818752977 , 6.142024276452408 , 49.619130734333815 , 6.106604337026676
49.646454182157576 , 6.13988215435759 , 49.6387129617475 , 6.242207622005241
49.625845112884434 , 6.1825506178265215 , 49.6334961950373 , 6.112531900717924
49.58342175128362 , 6.123038580660001 , 49.63147231040954 , 6.111693750598594
49.63378709539174 , 6.112426917961873 , 49.599569301871306 , 6.149764964620411
49.63502468041171 , 6.063009703795939 , 49.59719220711702 , 6.149865476439412
49.65118683143915 , 6.086045328657596 , 49.65875553692296 , 6.220202920680517
49.6126896132618 , 6.105518394899797 , 49.6072965385345 , 6.158191351783539
49.59634058587447 , 6.154110015743642 , 49.6065380775834 , 6.134130145962469
49.612650066671485 , 6.1111894700367495 , 49.595689195357366 , 6.209958995933465
49.58914581785406 , 6.139998640427202 , 49.59852099240482 , 6.087031269738714
49.66564910205519 , 6.261619781477086 , 49.65597568963497 , 6.291285746449087
49.615556534076454 , 6.107212844254651 , 49.56782797374793 , 6.152453155559522
49.5952226837221 , 6.215733023168639 , 49.65010508320766 , 6.007936631004732
49.6228061690738 , 6.113498549609803 , 49.648577595684 , 6.1380070432078
49.57977829245399 , 5.978065788217968 , 49.582870596542634 , 6.232361993697727
49.57489121070607 , 6.162995650985662 , 49.62561676946693 , 6.124703965330411
49.6141728455396 , 6.111384302705375 , 49.608194664300484 , 6.061201161112142
49.62525870497455 , 6.130965367715375 , 49.61230041026138 , 6.149060418305219
49.62464199026045 , 6.163731824120082 , 49.593036781624384 , 6.1718539274967865
49.59259369785901 , 6.144566141452892 , 49.60954533722856 , 6.132426662028377
49.58196608364732 , 6.132292128686003 , 49.596950115286624 , 6.143173661440527
49.60754792485653 , 6.131582958239776 , 49.618039009067935 , 6.181583216597991
49.621306580645864 , 6.078202346248717 , 49.629115663111094 , 6.184515189881955
49.59885631011769 , 6.147647666091798 , 49.629637512901986 , 6.1133745525695575
49.65402883745991 , 6.140532834680129 , 49.66020244938106 , 6.099029946168424
49.6478989580886 , 6.078154453706642 , 49.662189913394975 , 6.09419723179322
49.60588558474879 , 6.273877494179772 , 49.627123304605746 , 6.136407697405162
49.62441148029934 , 6.196472250074632 , 49.65419897753987 , 6.230897985736004
49.59210945250882 , 6.155567270465575 , 49.632709340028946 , 6.180060129747909
49.62067040924306 , 6.119770705929676 , 49.66814186667682 , 6.007001096037877
49.62833924174327 , 6.160692973001922 , 49.58249561165677 , 6.042443911620436
49.63417229942268 , 6.123333085187082 , 49.6665681665575 , 6.239383307530175
49.62090719004938 , 6.053889771982539 , 49.59883153627624 , 6.13249995895444
49.613053849266215 , 6.118386081482841 , 49.65956013623261 , 6.141056907019373
49.58434929636529 , 6.130844326196281 , 49.60474524649383 , 6.151079395787143
49.60801413102636 , 6.144873378477348 , 49.619031411171505 , 6.150810619753961
49.62139040187026 , 6.277697058157449 , 49.62336549646458 , 6.168881483810676
49.663680473485286 , 6.083494386383544 , 49.60894326346683 , 6.120402258533588
49.62176001285539 , 6.179089958771841 , 49.615259216965235 , 6.152662376195786
49.66776396072292 , 6.13943492438149 , 49.562551001129094 , 6.088756202460884
49.62536475304746 , 6.12362202116199 , 49.60845083452206 , 6.139812579170849
49.647835453671995 , 6.151641518404308 , 49.57538791964645 , 6.0053462812054015
49.651052462686465 , 6.148893092557367 , 49.588415570388285 , 6.147747637215876
49.63372601687595 , 6.213698694556853 , 49.67049580307312 , 6.019744942976888
49.596501877905595 , 6.154359226360693 , 49.58354896578 , 6.1190883896410755
49.639848916735495 , 6.1564115639782715 , 49.66646769412185 , 6.0430419591787565
49.59948602048247 , 6.155450353162737 , 49.638031186716404 , 6.145466714267034
49.63691253869544 , 6.178506626748237 , 49.614274592667364 , 6.332790706762428
49.59691989145132 , 6.1471506350268585 , 49.612982787817025 , 6.085213429438588
49.6134595164312 , 6.151793734485616 , 49.64950205383534 , 6.191431907222867
49.629748613239336 , 6.114528588422819 , 49.63318975187794 , 6.1351656416879505
49.6125122100706 , 6.109404020041348 , 49.61668814400888 , 6.114450793721229
49.646764030234976 , 6.1402291836497875 , 49.645482899415036 , 6.0190701502867
49.64236538430079 , 6.008309416053405 , 49.59171965707732 , 6.190202328289999
49.60470850192357 , 6.159634923354837 , 49.615305408140806 , 6.191776881964211
49.65592162556089 , 5.990933072274607 , 49.63657324214022 , 6.180021867778667
49.612634167525165 , 6.114682707343821 , 49.60215510720878 , 6.127401468824177
49.64018041107963 , 6.148979805218275 , 49.570061744389335 , 6.183416510629228
49.62228597206815 , 6.125689867699577 , 49.60455303319051 , 6.206689377332559
49.59966832705902 , 6.110576234637634 , 49.61439138177549 , 6.106903087122234
49.60479051209915 , 6.257666964082138 , 49.620668872863064 , 6.1493403901934025
49.63414678354827 , 6.190338650623293 , 49.63330662866389 , 6.121415500346926
49.5747659019659 , 6.166076477438455 , 49.63777889728391 , 6.0947863015056365
49.635829376790994 , 6.1306078999781315 , 49.61364196690464 , 6.121392359224011
49.63990237486506 , 6.031746468291871 , 49.63133291462419 , 6.142864048066961
49.6423929576695 , 6.240272136357489 , 49.62339035941532 , 6.1372716919604215
49.65314759752178 , 6.0409431660794874 , 49.61517235090293 , 6.179306515446781
49.600315176113135 , 6.135513286923282 , 49.62418742056558 , 5.996953229552001
49.65203341287529 , 5.978324650774769 , 49.60311586560998 , 6.146261256944113
49.614557469631315 , 6.060878939899304 , 49.57882891396313 , 6.171147231348715
49.622016138599115 , 6.122968361151783 , 49.564601534840655 , 6.089831805261077
49.62113945115214 , 6.140296020030437 , 49.63336368604045 , 6.139115543442869
49.61815875399142 , 6.120335329140116 , 49.607591642665454 , 6.243335314269955
49.59735699875289 , 6.138608020299467 , 49.66428704902548 , 6.094550643257134
49.62930050992271 , 6.170892444016431 , 49.58674405567681 , 6.143106477769537
49.600636694229834 , 6.142123987508949 , 49.61879347334215 , 6.11919869534214
49.63738367996869 , 6.124029572211236 , 49.60343187931115 , 6.1396907933208835
49.637850786878595 , 6.315474670544949 , 49.60790022198384 , 6.209290380047003
49.58370849918311 , 6.154475643598222 , 49.638473285112944 , 6.026575339278276
49.61786377698789 , 6.137931391185727 , 49.64604754958932 , 6.130588217293605
49.59604348055711 , 6.113956549683047 , 49.63905736104627 , 6.175006780819114
49.6080481285104 , 6.152899257113074 , 49.6584281538648 , 6.316593229732315
49.6691905309147 , 6.2992842675460095 , 49.59935262144012 , 6.114360301966122
49.64824923874328 , 6.078133225552661 , 49.622799610688176 , 6.0643467486453595
49.65360268432212 , 6.127821706839348 , 49.59904414187126 , 6.143757274856655
49.653835361735695 , 6.130644731701079 , 49.609561078401356 , 6.137576015667628
49.62184113428708 , 6.103064065684175 , 49.62065720560322 , 6.181351062879996
49.65962474764656 , 6.247001602487016 , 49.654544947595376 , 6.143446799420404
49.59849212316603 , 6.1312854711753415 , 49.61017487897839 , 6.128421910299192
49.59869223902265 , 6.128541915530034 , 49.62791992756205 , 6.1543552686448395
49.63475348604085 , 6.14896428652854 , 49.56419064008583 , 6.160029912534556
49.57960001762833 , 6.096844995054945 , 49.60695043017779 , 6.138575114305566
49.65281605814381 , 5.994929959148065 , 49.6275745785654 , 6.196801246656643
49.605956554578874 , 6.10628319967376 , 49.58170378405901 , 6.2129110186922984
49.59201818585835 , 6.124386582918017 , 49.60147946702987 , 6.140877949666122
49.647082807953225 , 6.130757553172426 , 49.621763097813464 , 6.170128830254037
49.62733964580596 , 6.115880759003895 , 49.631876019960124 , 6.113473879224046
49.581718847112136 , 6.130194414918641 , 49.62422011863763 , 6.188565129173778
49.606252349975925 , 6.113720923423003 , 49.56753787813255 , 6.284342468479154
49.57455114371306 , 6.1705608980676 , 49.60087541028629 , 6.142998828113167
49.59987259812128 , 6.11259742349148 , 49.6324863329161 , 6.046006001952094
49.62684780347879 , 6.19413884893808 , 49.663536523722364 , 6.026367317709125
49.62062584388619 , 6.1667606184577 , 49.624806219017906 , 6.1690013399779575
49.6250087325892 , 6.12599795423244 , 49.637610585145715 , 6.153469256705125
49.627820239978426 , 6.179640540356425 , 49.63368245689007 , 6.122929641499703
49.60805812142325 , 6.1489357067649095 , 49.61889788292522 , 6.083331769544343
49.62242338571627 , 6.207127359254966 , 49.62143495337611 , 6.1895310968318125
49.65031937689346 , 6.1416291550500075 , 49.62900969949732 , 5.999504800930172
49.61039140151485 , 6.140566390813819 , 49.623416540621285 , 6.153362167436396
49.58139888918258 , 6.1470571671505745 , 49.61103189166636 , 6.111541893559183
49.63170183989675 , 6.2808093352747365 , 49.612592730717815 , 6.0833852539525735
49.604136736566424 , 6.150108614572769 , 49.63997322566535 , 6.1574422810397165
49.643200883773254 , 6.29279043529572 , 49.59605562206645 , 6.158179530467126
49.62656406107522 , 6.14335287541403 , 49.63446992295294 , 6.0128948224803365
49.57813524808047 , 6.14673032554663 , 49.60252788440461 , 6.159636048804658
49.610900907563206 , 6.112800449231646 , 49.61760312051154 , 6.1049222941234795
49.60670799067107 , 6.142031432439464 , 49.64249430903388 , 6.221432585821367
49.611253384464916 , 6.13494375363065 , 49.61482251495391 , 6.13104527055452
49.56504246442136 , 6.130468989539338 , 49.64681054437986 , 6.2294397860138035
49.62858087272559 , 6.071596535334064 , 49.664428081819885 , 6.096107407679783
49.612705119335494 , 6.121993403242512 , 49.60034105770485 , 6.276932307043907
49.62174745331941 , 6.096514691018523 , 49.62203425670184 , 6.129541139595514
49.66037742618193 , 6.155331765031137 , 49.67104234744859 , 6.15206490605416
49.57487895804702 , 6.072685790894665 , 49.62293996084893 , 6.1260613607735985
49.63746796293093 , 6.2201808923684725 , 49.62471898693125 , 6.137600798791172
49.67046934254919 , 6.134158161660606 , 49.60431267347548 , 6.133869022539923
49.65910477406792 , 6.095462694411673 , 49.61373953590347 , 6.183433575648379
49.663692144060505 , 6.095531881212672 , 49.61836862086311 , 6.211054891439596
49.624237222340966 , 6.190173132670253 , 49.64395984363554 , 5.986426413905505
49.645288083697906 , 6.262640840719444 , 49.59762652712916 , 6.149163516382584
49.63870738646373 , 6.222461473842484 , 49.6068881068117 , 6.123044091328047
49.61770964429613 , 6.104743192481407 , 49.62998709685752 , 6.120366332811705
49.58550045349376 , 6.156376190452551 , 49.59658234848936 , 6.157583066544916
49.60798999037316 , 6.144802458504802 , 49.62097152515824 , 6.16316966273475
49.60410562883291 , 6.138583154803412 , 49.63765155589793 , 6.127996429200498
49.610172704221306 , 6.081922057934256 , 49.614561826227536 , 6.154324224303661
49.62400898657367 , 6.114829916433843 , 49.630208032436784 , 6.278005524927732
49.59425789649842 , 6.173999275407735 , 49.627108446779076 , 6.183599096917392
49.599720851760715 , 6.149737767952231 , 49.62283887928614 , 6.013805946890294
49.60006410826398 , 6.131321854550747 , 49.60492635509035 , 6.13901912466436
49.634305200019774 , 6.1346195193167965 , 49.57312510495761 , 6.165760234982752
49.581869700749905 , 6.053761892773566 , 49.618189223307624 , 6.13220372068803
49.6292221061712 , 6.278749556197514 , 49.588246583042555 , 6.098300410858564
49.62633814206076 , 6.1207130558297775 , 49.66533446281422 , 6.01418956085452
49.62634772059554 , 6.132020129088318 , 49.60424210655658 , 6.140610880148333
49.63138890047649 , 6.137493088512178 , 49.615404748749555 , 6.1153875640220345
49.62236838488225 , 6.095306755284544 , 49.62595091623357 , 6.128890893916173
49.636308789347616 , 6.124801794251372 , 49.61242140228974 , 6.172329987406559
49.5984793073255 , 6.136759566360371 , 49.599591016628814 , 6.149762607354354
49.62006483253778 , 6.097667320185618 , 49.62660048954089 , 6.17832315123687
49.66832208381649 , 6.084260735630898 , 49.63366454315422 , 6.181374081129463
49.64222890073865 , 6.2813304553394405 , 49.61729983549178 , 6.124174092280619
49.57075376097171 , 6.15446444950397 , 49.62110075036159 , 6.062881732298065
49.62837179423036 , 6.16372445826242 , 49.5642383490003 , 6.166736246488482
49.605873591569804 , 6.124191581006008 , 49.620329296637316 , 6.161295754754284
49.640708635599125 , 6.014671026855145 , 49.61944232692069 , 6.113747280335645
49.63313843173553 , 6.107589482686356 , 49.63714129449497 , 6.121355832637937
49.59961259475954 , 6.149483168231972 , 49.63697786159402 , 6.190797264457081
49.619204160348595 , 6.124480158006532 , 49.634745790678046 , 6.124833129507216
49.613883348290706 , 6.129933975998546 , 49.62369334669823 , 6.254002294850462
49.621051005717476 , 6.120824191981007 , 49.59852504064801 , 6.202868720915412
49.60664799419899 , 6.166268012747152 , 49.64560162235763 , 6.15539235140734
49.61853153836509 , 6.171924613558594 , 49.62677925171378 , 6.0820977307182975
49.63942833599377 , 6.031255410773524 , 49.635525332405415 , 6.116108023938145
49.661896844637546 , 6.112943377861528 , 49.61618695475873 , 6.070920190586447
49.63598717151614 , 6.177282574347432 , 49.60428619917967 , 6.1333340004242
49.6373066767197 , 6.142054735389353 , 49.598479650186846 , 6.162662098103065
49.61484080017133 , 6.162974068943993 , 49.63752761516389 , 6.039102579444434
49.63258252707623 , 6.137299117225242 , 49.64480138411419 , 6.235489358415357
49.598423251117474 , 6.140736091459878 , 49.61674624353671 , 6.124992510996204
49.62014949787196 , 6.1194278075127135 , 49.60783233972047 , 6.132304520351937
49.634596609551274 , 6.198221766319079 , 49.6198691854227 , 6.113736005641003
49.61387583803362 , 6.1535296465894795 , 49.62742777654012 , 6.148947394486231
49.61625861372727 , 6.123789000210076 , 49.596946393921236 , 6.120932937087649
49.628865033320636 , 6.130365764732039 , 49.588293660348704 , 6.220046403732085
49.62110561098893 , 6.200063377557669 , 49.60440387747444 , 6.150494031560755
49.605390661608254 , 6.096708361994626 , 49.61744357638983 , 6.114696991872936
49.63124929688484 , 6.025008627365198 , 49.61080737812051 , 6.107086942441335
49.586966737154846 , 6.117293039647257 , 49.66733109838974 , 6.090373180449788
49.56420243517162 , 5.978245423476777 , 49.621567362646424 , 6.170151304402036
49.61020994962955 , 6.155355985457981 , 49.65154991717775 , 6.139384778915652
49.57072840590655 , 6.072045801644315 , 49.58962080954145 , 6.233160157691738
49.58704103318012 , 6.1429327201189965 , 49.649639426566495 , 6.254327534738511
49.65900109874009 , 6.093158048853771 , 49.631176869809295 , 6.20608782950065
49.62012919512468 , 6.128803553444528 , 49.6198501201814 , 6.166127251229708
49.58084743021356 , 6.081056454476334 , 49.6263747492616 , 6.1352317274659685
49.622924000773736 , 6.1270318376130835 , 49.62972866890822 , 6.086357698287981
49.61363959855255 , 6.134208086748069 , 49.670670165759965 , 6.1470984738660075
49.60034317602187 , 6.040728396005098 , 49.62093632927023 , 6.12375814056246
49.650000543585506 , 6.137410743626405 , 49.63520113954395 , 6.215058804939695
49.59201793840006 , 6.1468839096837256 , 49.62137847080656 , 6.122558563799541
49.60283822479884 , 6.139483561046356 , 49.631500786257135 , 6.136051558908939
49.625061787776566 , 6.183341669920152 , 49.61518826973256 , 6.144606444090854
49.60409895714321 , 6.032925640394336 , 49.619677704512114 , 6.140756070804546
49.599731806108025 , 6.144811562729205 , 49.58189940690025 , 6.030748325498851
49.599817686681405 , 6.315799851358185 , 49.64140967599522 , 6.146476574249762
49.61209528041946 , 6.156512488386649 , 49.63736238213713 , 6.145732955407295
49.60695081560466 , 6.120610348900711 , 49.583617410819514 , 6.136707746948642
49.57774779458781 , 6.138809695514007 , 49.6164239813744 , 6.048983242101839
49.611133986723964 , 6.149707232633508 , 49.5969835726732 , 6.139760747390877
49.571629678551844 , 6.15854126132597 , 49.59887929915596 , 6.13305580936488
49.58565839468965 , 6.203986288372548 , 49.63234990285261 , 6.145203783961349
49.605648897640116 , 6.136813770179186 , 49.63938540388536 , 6.184214112409278
49.63959484598153 , 6.153293266745445 , 49.61320039963886 , 6.170860866900813
49.59648417036888 , 6.1578745183709405 , 49.621704287816165 , 6.127369570281174
49.602363165879225 , 6.140006937515293 , 49.626549989015366 , 6.065441507265312
49.610439672401206 , 6.115882285074889 , 49.66557695473091 , 6.121817957192135
49.58962421733096 , 6.225405958354814 , 49.63622908012271 , 6.224553016519663
49.616867268388404 , 6.1539229277029 , 49.6126506128949 , 6.103665017182145
49.61341376297803 , 6.118745242428538 , 49.59416847116226 , 6.123084182169963
49.61035214803335 , 6.137564224612676 , 49.627793529770614 , 6.144842473988104
49.59737581977309 , 6.146108119628513 , 49.62880275603327 , 6.131793990699843
49.63475346118448 , 6.274335632309483 , 49.641993198075234 , 6.013646559051651
49.61785865035726 , 6.333180978396215 , 49.58896273128698 , 6.149478373924203
49.603251518160775 , 6.159421282504191 , 49.62492443538644 , 6.176082332353271
49.615186566389326 , 6.125007071789725 , 49.670426501392505 , 6.144352788381531
49.603761025348206 , 6.090623200643908 , 49.637569900091876 , 6.123101913239988
49.632501799596966 , 6.0317455981342025 , 49.61904623217482 , 6.147636457532484
49.611536968243726 , 6.140404594633138 , 49.62963516476585 , 6.212527813644442
49.611752685166785 , 6.144804948013474 , 49.59737758460644 , 6.107282568880956
49.62175493734007 , 6.039626648286907 , 49.614488890771305 , 6.115919225624064
49.618151359181546 , 6.123799388438678 , 49.58119223967546 , 5.98641286791286
49.57143707653246 , 6.231932036845885 , 49.62275190637966 , 6.039166808800861
49.62822455133637 , 6.086383447154644 , 49.63453503597596 , 6.111790260548535
49.645334153302855 , 5.98403974367193 , 49.62319747314139 , 6.142275213569606
49.66323810401492 , 6.234827138424334 , 49.56898483462217 , 6.162388792680775
49.6046227298077 , 6.073197156794378 , 49.65662943603922 , 6.098494248077573
49.615997888134395 , 6.327709497888967 , 49.654186991126764 , 6.002661853061369
49.62316894706932 , 6.142753868919511 , 49.6166776048679 , 6.161415230231444
49.62257657846163 , 6.135705880495378 , 49.6555317106042 , 6.119766799497331
49.62501618672996 , 6.170012292922653 , 49.600711585869455 , 6.140159871108927
49.58596179476052 , 6.240649506947753 , 49.62098870096074 , 6.165806887833241
49.62545657663787 , 6.122735943251711 , 49.62484954302302 , 6.107940942067055
49.607255302240084 , 6.155386339190501 , 49.58760071781217 , 6.138383626952743
49.62346097733653 , 6.04115542632343 , 49.56748306566574 , 6.081410650348405
49.662185239190556 , 6.132147352800909 , 49.61733546429058 , 6.143949181839677
49.63449443380946 , 6.181774685629697 , 49.612731337236205 , 6.1027886717582005
49.61563293766392 , 6.113858782021761 , 49.5893776734399 , 6.170505482493498
49.63193407338949 , 6.148988982397605 , 49.58749130747221 , 6.173522418815551
49.638156624054155 , 6.157659716051146 , 49.58403029208578 , 6.148764251987875
49.59331285186851 , 6.152441732495553 , 49.6059389762018 , 6.244882020413151
49.57085555339412 , 6.1692190138454 , 49.58296566672649 , 6.137939709516461
49.61925041223493 , 5.988269155520356 , 49.63547383593108 , 6.147741577941944
49.6422174759399 , 6.166454400061172 , 49.648103054627995 , 6.002392131081872
49.59918988493529 , 6.122006858124186 , 49.61919070421871 , 6.114214054406553
49.642456678405054 , 6.164762645092131 , 49.56717751557767 , 6.157624227526417
49.62204342022419 , 6.151814331751697 , 49.60708620261157 , 6.287746125740745
49.627753997061205 , 6.154737750665796 , 49.61156548980932 , 6.127986431751965
49.615602174334846 , 6.121986494777089 , 49.630685697291916 , 6.040560190025005
49.63160499824188 , 6.195866242993686 , 49.62870043449224 , 6.050157178610295
49.60806027508078 , 6.114682965194183 , 49.61810949851002 , 6.172753756139208
49.591195941790964 , 6.1432150500808085 , 49.65394479134485 , 6.268089352498802
49.61018274156038 , 6.112678283361537 , 49.60439511089689 , 6.155935812581975
49.66765002747634 , 6.303706006200602 , 49.609980606071304 , 6.137067117236689
49.56355508849857 , 6.156982968328863 , 49.633183365993105 , 6.136611710510586
49.57468550893367 , 6.048424160882218 , 49.56927886344197 , 6.174016833456311
49.592777139142285 , 6.145285342385112 , 49.620339667878106 , 6.1808959296435395
49.6484623170531 , 6.127997306875344 , 49.60736938719618 , 6.204996599298711
49.62784634681755 , 6.173879032592668 , 49.61165813671439 , 6.1305300864174015
49.59825495448055 , 6.115537704200623 , 49.611503685239285 , 6.1326345828380475
49.6202845864611 , 6.18008611678612 , 49.624177187758264 , 6.122560682024312
49.621681220432095 , 6.13261531724838 , 49.607089619845624 , 6.126922615542165
49.63204612512457 , 6.149963108432516 , 49.60356406359135 , 6.149884943423829
49.62016484862986 , 6.166760010720454 , 49.66227001848886 , 6.116680824145663
49.60496032058291 , 6.128103649531348 , 49.602413039860906 , 6.149602456645873
49.60549612553174 , 6.135144156091794 , 49.628067160701185 , 6.064875647758278
49.62084377602409 , 6.111815219352684 , 49.600740403168096 , 6.114039210587078
49.61112589835943 , 6.151157801017306 , 49.63756902722605 , 6.145901777321026
49.57260753832576 , 5.979262824363253 , 49.5790119058804 , 6.143101545955756
49.62532564881143 , 6.127583384118654 , 49.63698212175798 , 6.125964606276051
49.64054881118129 , 6.156582415611818 , 49.60825845027825 , 6.080544695044958
49.606525729148736 , 6.131971358797063 , 49.616312113350084 , 6.154995135737622
49.57891317457555 , 6.033182691375523 , 49.6537039458631 , 6.309181937205096
49.60309577890247 , 6.156902253033554 , 49.58276178424205 , 6.1170292027311
49.61340503303115 , 6.133125835821669 , 49.61209941231826 , 6.136803267773884
49.593546824442065 , 6.145721169322121 , 49.60570816199861 , 6.14558730862224
49.61950560234703 , 6.055479729979136 , 49.59100843388356 , 6.117609727519025
49.607372461243386 , 6.317953806557537 , 49.61904651046152 , 6.087937362442724
49.61153711590317 , 6.152636001985242 , 49.64431666317409 , 6.190889851071367
49.64255526278017 , 6.2623893737374 , 49.56631753512256 , 6.028287876263499
49.614716680735036 , 6.107279800293785 , 49.59705719120553 , 6.137194906572374
49.62551230564173 , 6.187055456933376 , 49.62773484195821 , 6.0738259348740105
49.643160422403085 , 6.270498013761806 , 49.626799756977604 , 6.17537473087994
49.60164691588314 , 6.1628258868872665 , 49.628829985151356 , 6.030469993461944
49.61828565654949 , 6.1114862092632976 , 49.647077613665 , 6.147179449487775
49.57999146573359 , 6.1279782533958285 , 49.60219383050824 , 6.147474861792759
49.599021324344896 , 6.148294585581702 , 49.609434181879934 , 6.165051548931016
49.614022911441666 , 6.10581450696904 , 49.569705007503885 , 6.182850252379508
49.622116702799644 , 6.102002270462177 , 49.59455610717062 , 6.158071657119435
49.56381134128214 , 6.1723144578207085 , 49.634471902962936 , 6.182247439605322
49.63007916622878 , 6.142015080335642 , 49.5819171643185 , 5.9877057816641
49.60022395180784 , 6.129931714715208 , 49.62116999042733 , 6.123034888262204
49.60669531589671 , 6.123409730078792 , 49.629268726653024 , 6.122722171009888
49.65736548550643 , 6.240625883695034 , 49.598970963652306 , 6.1379452642469055
49.58149937297808 , 6.04310993238744 , 49.584139288831956 , 6.174497715293305
49.63737833183358 , 6.194800630716613 , 49.66732076277516 , 6.166394223398849
49.614601438132006 , 6.145675562591488 , 49.600145113574705 , 6.121890307477323
49.60418332499076 , 6.138135178863839 , 49.61367033953191 , 6.146896857773993
49.605411166452626 , 6.250728646836356 , 49.615310372146595 , 6.122495381340179
49.66334353571658 , 6.316455965302926 , 49.64947253434795 , 6.1397063973940185
49.605840317774884 , 6.156930885471077 , 49.5862818762827 , 6.101678665690451
49.60937740792401 , 6.120989646280716 , 49.62057682602444 , 6.135816190002
49.63571015779792 , 5.978034810830852 , 49.60415456626176 , 6.128102012008794
49.658644796355134 , 6.005602063138795 , 49.64995494317888 , 6.109709151153243
49.632864525286884 , 6.197837366722528 , 49.620976070739104 , 6.072995994992937
49.62274032282967 , 6.13721379517073 , 49.62230981028385 , 6.156661534196031
49.6318898099882 , 6.186055979907297 , 49.57026446767375 , 6.157049792638295
49.62778383485168 , 6.189973119375973 , 49.613594651576314 , 6.161595049177725
49.62062007492265 , 6.246014134284543 , 49.667809546516466 , 6.090660939573593
49.6145016276013 , 6.081519441343929 , 49.63699912017679 , 6.149778345268765
49.636937352010655 , 6.18030012194311 , 49.66538154985193 , 6.127973325474465
49.60447472502385 , 6.155778907738884 , 49.625051598154755 , 6.155654020367461
49.63523860033896 , 6.18797431933309 , 49.61186557295552 , 6.037952048278743
49.63452765077531 , 6.069801034039812 , 49.61158142308542 , 6.1941798105670465
49.57653639159239 , 6.142319511997413 , 49.61252264241545 , 6.106764190753699
49.582536590190685 , 6.218720768643307 , 49.615647203829184 , 6.126707261887789
49.60488537883469 , 6.1522813841876065 , 49.60203342645801 , 6.1575702668756644
49.5977501841201 , 6.140121178877027 , 49.6224620521599 , 6.080933515144572
49.580047358637145 , 6.313689978665368 , 49.61930455835898 , 6.1211257332994125
49.63038043843744 , 6.12217977814335 , 49.5863743811258 , 6.272567134407607
49.61924901391559 , 6.120320696818758 , 49.57517662183054 , 6.089494212963864
49.604470781641936 , 6.1405022883738685 , 49.6118388562372 , 6.0685876719869345
49.63198428527126 , 6.203139213680786 , 49.60413514089698 , 6.00749198687157
49.66073889633798 , 6.140865400810355 , 49.61425138305795 , 6.12543176738044
49.59605999908308 , 6.153865641079388 , 49.612684911093154 , 6.124875065248172
49.65487078333284 , 6.264355556371786 , 49.612212607798206 , 6.138690407825316
49.60009812264758 , 6.121615259477967 , 49.60077253535792 , 6.176208888904389
49.621541767262954 , 6.1085192779340085 , 49.61983870771506 , 5.99816095113754
49.59545098147918 , 6.1822916233648115 , 49.60041006443406 , 6.146295506224002
49.66583646869576 , 6.08677027193268 , 49.62771435949489 , 6.278220662865011
49.57877199168842 , 6.120605200200129 , 49.5701452817937 , 6.030763327415026
49.67071552726937 , 6.1466669537604135 , 49.636638745744904 , 6.148065802406063
49.631565840434114 , 6.050907826668338 , 49.62752636701391 , 6.064509521592376
49.57323225822715 , 6.09203573417138 , 49.62572633922684 , 6.013947041080687
49.573749920684335 , 6.169940832568503 , 49.600819251278814 , 6.139443437564495
49.609020453853994 , 6.136252743437466 , 49.61997306325943 , 6.137524334805576
49.586693090305275 , 6.155207437397119 , 49.60963515525859 , 6.143301730321127
49.61993535054004 , 6.1717571519675065 , 49.61629741553833 , 6.135426294945898
49.579489264171215 , 6.140936204332172 , 49.58768471728139 , 6.1300812104348905
49.6614655939267 , 6.111043807172799 , 49.58288016724612 , 6.330077660388524
49.59304533085285 , 5.980961096710083 , 49.616742975445135 , 6.1126264098809155
49.62229524477426 , 6.096283474647456 , 49.62121779048676 , 6.0884504714102174
49.61149893242835 , 6.071615818878771 , 49.56484794924724 , 6.1628425544313465
49.62427913186471 , 6.13225641656443 , 49.63355355341696 , 6.105362949425915
49.6044190981148 , 6.136828680338219 , 49.62290894302419 , 6.112898133079554
49.62906649229611 , 6.121128932724224 , 49.6504782812517 , 6.1242352139658776
49.595905678733004 , 6.183356438310893 , 49.62318483176217 , 6.131290147181532
49.58385857745323 , 6.188827330376536 , 49.61493797810733 , 6.132768788752117
49.581312740014226 , 6.1373774335212135 , 49.620775688520766 , 6.1057077865167955
49.60677708658905 , 6.140641338188819 , 49.61417604264185 , 6.059855758185449
49.653733144248065 , 6.005601779017597 , 49.65623516699826 , 6.139461551099863
49.62108674832924 , 6.111949515670751 , 49.630534272411204 , 6.02234658577323
49.6122739778654 , 6.13565223346764 , 49.630194663783314 , 6.044893530401339
49.64862200256157 , 6.1408398562361 , 49.60834062333408 , 6.145014589567448
49.62194550151838 , 6.104033466647629 , 49.65182006848896 , 6.156754134347956
49.596342536229336 , 6.118784128809544 , 49.63718713698708 , 6.190998435611117
49.606150220497646 , 6.128075126160831 , 49.66771786493913 , 6.003070743314898
49.572735284899814 , 6.278870771652765 , 49.59866034449908 , 6.136297117621515
49.62931162038788 , 6.21178533028467 , 49.59092497231963 , 6.238566564243155
49.653714995202485 , 6.203735526184471 , 49.62847068152347 , 6.1307576186189685
49.63316977776154 , 6.102170967239657 , 49.60430966328007 , 6.137908798427653
49.613821193661 , 6.128821823200806 , 49.58938569768504 , 6.175426989511306
49.64558394056328 , 6.324626544897118 , 49.62861195541312 , 6.113009220791068
49.62865431498989 , 6.21249446435546 , 49.61415397422634 , 6.1213790936576595
49.630513012927615 , 6.014898330454897 , 49.61150670339215 , 6.130642814100962
49.601345174163804 , 6.144699112492678 , 49.609845651921574 , 6.127084896242194
49.63355814675831 , 6.166458292981671 , 49.66813617086572 , 6.131444169118298
49.61526247300513 , 6.110528604809391 , 49.62295295623373 , 6.078090924060236
49.628968709767214 , 6.156724539415724 , 49.62235197282511 , 6.129706464974096
49.59827826197454 , 6.1844496569597265 , 49.633125390075 , 6.0655127328764715
49.66867110580565 , 6.015353897386747 , 49.62443850836336 , 6.173498832645824
49.610422750337705 , 6.138195388728886 , 49.60059507494774 , 6.142094632468814
49.61423247045235 , 6.138047440435585 , 49.56231788495048 , 6.294597052831717
49.6049362665651 , 6.15015463117435 , 49.62703562335958 , 6.1281256998319025
49.59922690800143 , 6.119959408828231 , 49.64070624603814 , 6.175169021750008
49.619147751827384 , 6.323736159426199 , 49.59677748888704 , 6.231050955151654
49.65192546609733 , 5.990498686190354 , 49.64548296605216 , 6.140951420403961
49.63751249968071 , 6.145117517813431 , 49.62721417296958 , 6.115730501829938
49.62869770416565 , 6.1285533167301915 , 49.6520715884259 , 6.138426409855638
49.64770603693271 , 6.003454120161011 , 49.613582513870064 , 6.141871955404383
49.61410789718197 , 6.104382866590749 , 49.62438775973635 , 6.1245845901427955
49.63002901607125 , 6.1739043803207005 , 49.60059897515124 , 6.139375688053025
49.61278755663653 , 6.12024552940814 , 49.60654827167912 , 6.1259860309021175
49.63982514205043 , 6.14929417778432 , 49.629189412099684 , 6.127026391059539
49.620481272127925 , 6.079749238787133 , 49.61552200115402 , 6.167467870674199
49.63262535813698 , 6.1483998596654095 , 49.60392278327335 , 6.167022814847561
49.63137311387439 , 6.18418097754241 , 49.63847332017026 , 6.145426629642681
49.62077577782136 , 6.229759106215938 , 49.64654840793671 , 6.23290550126981
49.622523341153794 , 6.113402175250199 , 49.58148740833035 , 6.219990542192235
49.634990720291405 , 6.116375915417717 , 49.60402639008959 , 6.141013506349149
49.64100886885857 , 6.146033695330857 , 49.64609823852216 , 6.144187069607957
49.63198234403413 , 6.055555292408283 , 49.604244102152705 , 6.161374896690544
49.65171540556277 , 6.08987382273412 , 49.58291749341871 , 6.097109096272945
49.587566354282096 , 6.140806180307522 , 49.57111689905552 , 6.15980627588498
49.6375395858815 , 6.144595602923905 , 49.626392740645166 , 6.17956502526521
49.615562916389315 , 6.076197422119601 , 49.61196856584714 , 6.1390457628280135
49.63043963532187 , 6.1305905479016465 , 49.59972248044554 , 6.126034222125108
49.59705231209235 , 6.145083672561706 , 49.61824412146135 , 6.0739246795046515
49.61029009984592 , 6.078516930399334 , 49.62386179052764 , 6.178242452805166
49.662260216844274 , 6.050028111082597 , 49.60611758995452 , 6.128985051284143
49.5876242504159 , 6.228831457827558 , 49.6618429577607 , 6.09160869028016
49.59826641765438 , 6.076013561499087 , 49.63265216148212 , 6.152306064934895
49.645966662953626 , 6.144094841721147 , 49.60926899981163 , 6.142397281965001
49.59895596267686 , 6.141057999963533 , 49.63343376431589 , 6.0374210498755705
49.628911390129346 , 6.179011499535215 , 49.57732502997235 , 6.140530543662121
49.61217586237397 , 6.112130366973463 , 49.59542218555884 , 6.128696716784385
49.58754284849316 , 6.149406339515007 , 49.61095136894974 , 6.11016731448562
49.62316858567588 , 6.136194992656415 , 49.60759700634806 , 6.14053147404964
49.625908569152706 , 6.148671820187395 , 49.566009601128975 , 6.140363880791058
49.6227205506569 , 6.106846125287552 , 49.629247060032725 , 6.166072302780718
49.631386749444175 , 6.177200649866749 , 49.57109467205925 , 5.992658169976202
49.636754319514935 , 6.143028258597807 , 49.63723122875502 , 6.12407513284075
49.64067303690034 , 6.01149995634263 , 49.59683896747308 , 6.144879929541758
49.61240508466516 , 6.145288541621501 , 49.62962450931594 , 6.044695727462632
49.62347372541579 , 6.074736817915855 , 49.60439622220523 , 6.024500049005151
49.62115691173998 , 6.121458923817411 , 49.606247661640616 , 6.117859857208878
49.65267650103747 , 6.124292665884661 , 49.60559709353153 , 6.140450046997156
49.586516404482175 , 6.008449411230226 , 49.61703765313945 , 6.088128360350848
49.5874041149391 , 6.180535217690831 , 49.59819801537951 , 6.096002011179967
49.618181271934695 , 6.1193096838373755 , 49.666088948069124 , 6.297061424312644
49.60452210335751 , 6.10947398090034 , 49.608535864839624 , 5.988144313609606
49.615338828788055 , 6.16960013886289 , 49.59334127317169 , 6.150927926509587
49.61383905306829 , 6.142722627394602 , 49.64442246943498 , 6.138468789127999
49.57056123655998 , 6.15512905406004 , 49.629005296129314 , 6.27260616668983
49.6206615646562 , 6.13573480735686 , 49.62257434594343 , 6.270486399245339
49.67038678641649 , 6.17027411739499 , 49.61438536507778 , 6.111432114861644
49.58207335795752 , 6.16515151325624 , 49.65275376782812 , 6.1129548243318155
49.62569160663237 , 6.1171609961456 , 49.62138949019694 , 6.130200066944664
49.585812240729915 , 6.148502059471048 , 49.59865268706821 , 6.11455469861907
49.6207067531447 , 6.105404886381019 , 49.63523724186473 , 6.122483781234801
49.62136586103005 , 6.123614083029396 , 49.60152638116188 , 6.164067962226554
49.621359088022025 , 6.178621295424333 , 49.60045175336836 , 6.091548459819515
49.60328175845715 , 6.141728940110849 , 49.61015881845769 , 6.143666964233189
49.60251428919069 , 6.132921507889086 , 49.618625329724544 , 6.106817605146735
49.60762358229096 , 6.120217332801771 , 49.58314505207045 , 6.12936898916296
49.61133889657991 , 6.063454482079279 , 49.62185285030426 , 6.2670218352847575
49.61779775538101 , 6.115451921077919 , 49.603132153538205 , 6.1498425426829675
49.6342036672625 , 6.102311299051828 , 49.57934041891249 , 6.162113130139326
49.625298015159196 , 6.169608279709436 , 49.594851048185525 , 6.1287040394840755
49.58116791333287 , 6.111379940937496 , 49.58892377720669 , 6.163670333300495
49.63629507749024 , 6.167827680396964 , 49.61563190987973 , 6.11596898131806
49.6675129433569 , 6.0857819204747985 , 49.630094941756894 , 6.275115847568573
49.653824895460126 , 5.983805681576508 , 49.66536001105071 , 6.1390105623162965
49.66447811759342 , 6.030493579473202 , 49.60908997189351 , 6.133170104019137
49.61429911622636 , 6.108998498618042 , 49.60486526248542 , 6.089323839580466
49.58495704067987 , 6.324652337112011 , 49.620514524855245 , 6.102959524713701
49.58268326358692 , 6.1034104197714285 , 49.66302971619596 , 6.158259404665799
49.60834410228892 , 6.118307618832408 , 49.6005435921661 , 6.1249108692996215
49.614255424693354 , 6.127386301344627 , 49.64461943372381 , 6.145355627522058
49.599536032018555 , 6.137066202081414 , 49.59676284182586 , 6.152859801391586
49.59522156031696 , 6.14061366186972 , 49.582974065858316 , 6.146135448985968
49.610613192036 , 6.157518393482222 , 49.61723091350548 , 6.149524737032294
49.60662113641367 , 6.214037727225721 , 49.618762991698574 , 6.108498920910495
49.63997411797903 , 6.153518449701583 , 49.61939215291144 , 6.1225972916495515
49.625204008632146 , 6.188672302278727 , 49.66261835905264 , 6.140720208488242
49.63001934162007 , 6.08247357631883 , 49.63681033079513 , 6.15585482921726
49.6418914825907 , 6.151734851275604 , 49.61910899377477 , 6.117473293771881
49.61268689107954 , 6.1252555070898325 , 49.625131321281835 , 6.120412262492336
49.60398711275957 , 6.109091066181058 , 49.6144866621964 , 6.117825322782157
49.65133471756269 , 6.140869962584113 , 49.65477058627718 , 6.088898046786301
49.58116616890126 , 6.120588751239559 , 49.648697417994576 , 6.125656599860878
49.626909222351564 , 6.076221758252184 , 49.662238062939394 , 5.994788910349431
49.62146315320843 , 6.124996866443651 , 49.57138930057774 , 6.1719689569952365
49.6088770915775 , 6.1425809914363105 , 49.64112002476009 , 6.01659116955378
49.59531990391608 , 6.166932375800865 , 49.59790530831639 , 6.1362964262862825
49.67058978941461 , 6.086378850006185 , 49.6237866520365 , 6.127544748552226
49.62994555139856 , 6.0635999239735705 , 49.64719615456376 , 6.311618135275733
49.59835514035622 , 6.143542282876547 , 49.60882247312582 , 6.141576621074235
49.606892020418094 , 6.108132260495783 , 49.635571425368724 , 6.139682094541297
49.61478352664782 , 6.181381244796899 , 49.60822566419261 , 6.130324424124225
49.65113343463143 , 6.130472302727708 , 49.612200508699004 , 6.179340779551768
49.57191387584373 , 6.069084041886502 , 49.64110515543908 , 6.178770799818191
49.63950122723869 , 6.182590911567062 , 49.60412185099514 , 6.12275995222878
49.613229881495045 , 6.12355994179977 , 49.61346797734817 , 6.163163709482168
49.631629232491946 , 6.048970264145452 , 49.63613655298797 , 6.119502542099658
49.62627364280969 , 6.248472441028528 , 49.59863740451681 , 6.144092335841772
49.66082534895741 , 6.144006461334637 , 49.60291771418694 , 6.141996465110239
49.64535156168223 , 6.09137724685846 , 49.62268434079232 , 6.05291866032951
49.58490873590432 , 6.2460364761499365 , 49.58700500498041 , 6.010353205493243
49.62655309524042 , 6.182905828539356 , 49.628997742452356 , 6.2394715829811895
49.61146905560245 , 6.132774659826154 , 49.63351161171859 , 6.1590636840018105
49.57361311235049 , 6.163319281219586 , 49.604851963705386 , 6.248047860403174
49.5971084451961 , 6.1467782521502485 , 49.61257275108829 , 6.123637732745953
49.63585999758641 , 6.11464934827485 , 49.59212236100077 , 6.100086006190564
49.61578024697109 , 6.122147380211375 , 49.62168067124743 , 6.176078831399897
49.5864473324558 , 6.130943149845803 , 49.61178710222488 , 6.147424336450592
49.65329853144327 , 5.996723298797686 , 49.605530916214015 , 6.282882326913897
49.63544423881636 , 6.132061027757969 , 49.635417603898546 , 6.148840492131838
49.606257403606485 , 6.129005363786707 , 49.63080703725986 , 6.110265812387433
49.64443649237527 , 6.141611030759231 , 49.61018256773949 , 6.1299252182056385
49.65183055858605 , 6.128257158335 , 49.62047621737388 , 6.0847536193845455
49.62732006718317 , 6.132278568917546 , 49.61832491820669 , 6.128201959526495
49.6064113689453 , 6.107658273026667 , 49.58176590044307 , 6.1404149277340165
49.67063026435289 , 6.138768628850901 , 49.59518872463199 , 6.145903987341995
49.63789098075699 , 6.224807337527463 , 49.6346597646002 , 6.147686575898995
49.65361461670514 , 6.2666609147807915 , 49.60455140672917 , 6.11952645524213
49.613499548722935 , 6.0014574393984885 , 49.6015182727513 , 6.1499411749172515
49.615517270337364 , 6.173927304272341 , 49.63160977775644 , 6.16288459579265
49.62265237469041 , 6.131317136075989 , 49.64530045317488 , 6.142460291633751
49.65710061635293 , 6.122705772257924 , 49.57361152010332 , 6.166088931194586
49.61184628562363 , 6.135547753830651 , 49.621554604120874 , 6.122482059962521
49.61612374409459 , 6.131809044102015 , 49.617396844614866 , 6.061032384950446
49.575799269697065 , 6.132548636479488 , 49.60889692942992 , 6.1426846597954174
49.61093923875703 , 6.157807872486531 , 49.58404273420929 , 6.091599116615557
49.60474540577848 , 6.132776624064762 , 49.601808421354164 , 6.132700248265022
49.62352509908501 , 6.108010684842466 , 49.61233276688269 , 6.158395823748567
49.59680064360992 , 6.149192029168645 , 49.601430718252075 , 6.178758275019714
49.65335600897863 , 6.089980064064754 , 49.6214170049094 , 6.14033263184514
49.605679515330685 , 6.095784804679554 , 49.61377088865659 , 6.120543640344923
49.62909418998138 , 6.182144950560953 , 49.61112068406453 , 6.135062908293578
49.583937066625545 , 6.221908941668692 , 49.621193441441825 , 6.093234378769531
49.635677370632266 , 6.131567030918281 , 49.58665376577433 , 6.187577166781543
49.624504672295515 , 6.171803246610587 , 49.66580675295701 , 6.1371448495938115
49.62990141215951 , 6.149407532333051 , 49.62385997795545 , 6.1735525361204395
49.6170597047846 , 6.0625492896798505 , 49.62447129399587 , 6.118491521239723
49.57964123366486 , 5.992234609157566 , 49.622075568644696 , 6.275698151139048
49.59911069001117 , 6.130999528731599 , 49.62532070229514 , 6.179812786102776
49.60884868218361 , 6.121496586370567 , 49.594733543785686 , 5.99738046191334
49.5997766490294 , 6.127150082380291 , 49.624445210279305 , 6.128970271511758
49.62662664772245 , 6.1384566293423095 , 49.5819848741124 , 6.10628035461878
49.655273993720975 , 6.267651843331759 , 49.59829156167534 , 6.14758816547609
49.62403430692176 , 6.128006597131598 , 49.62135268195831 , 6.173626624184462
49.61025454557862 , 6.155511841716703 , 49.62064210727211 , 6.104016746388553
49.605532306802495 , 6.136989806202017 , 49.574209409302114 , 6.178710058573933
49.6165461585436 , 6.175999727577179 , 49.6288645178959 , 6.324798204871008
49.60409406180953 , 6.1305016616309596 , 49.61997842364056 , 6.209761126138353
49.63624233437496 , 6.116600880946872 , 49.58413914694615 , 6.213320801403258
49.61436421805765 , 6.115832232240853 , 49.61986407516876 , 6.229015252244081
49.59264358601334 , 6.230936836987048 , 49.59821214333212 , 6.103459815665618
49.59694718397622 , 6.145761719461693 , 49.56907868335847 , 6.1568532712227055
49.609219693506965 , 6.139061142770819 , 49.64337336032841 , 6.129127328729291
49.595193948119736 , 6.140600052781802 , 49.62085190618311 , 6.12176819764369
49.574657704336765 , 6.170985541198058 , 49.65131416182002 , 6.219878480297027
49.6280535303879 , 6.1751015505485825 , 49.62680776611488 , 6.153448256611998
49.66117477333963 , 6.001257622136923 , 49.64258174001053 , 6.156340808433192
49.61541164165458 , 6.1330604018976045 , 49.65327019310289 , 6.150633246429002
49.60008167664046 , 6.315377414266585 , 49.63553293603979 , 6.15670599859162
49.63124968025355 , 6.129250484955216 , 49.62537102339798 , 6.1898237775489315
49.62077089688446 , 6.13326706153589 , 49.5875676452944 , 6.108289285751808
49.566241880164135 , 6.008910310741243 , 49.63511491897853 , 6.051318896574544
49.61651031217986 , 6.122225734369852 , 49.60673683763548 , 6.123237591981656
49.639991624816005 , 6.158276849052366 , 49.629820007518205 , 6.190217677804074
49.57384914410397 , 6.165336686636947 , 49.582954768837475 , 6.173462532761962
49.57152752241529 , 6.173916708291309 , 49.610497568490196 , 6.148028101160469
49.63477126986625 , 6.146007536266764 , 49.59860379884948 , 6.158148432746975
49.63660235808664 , 6.144036783246747 , 49.61089448812834 , 6.154703231833816
49.56785644134192 , 6.2402862505478796 , 49.611474805868255 , 6.135656738841056
49.63742350700362 , 6.187685590080418 , 49.62298500293398 , 6.132942327293755
49.64188834182423 , 6.150199717125324 , 49.655870313986775 , 6.085795211039189
49.60795715677515 , 6.138315232245215 , 49.59012966757024 , 6.106870772491499
49.620751223473576 , 6.186949350523331 , 49.61832071495747 , 6.324875623481858
49.59421652432796 , 6.182459947003321 , 49.591854480446386 , 5.998478092719499
49.66211794852355 , 6.12038834843315 , 49.62249198245671 , 6.154634721319394
49.59814427134311 , 6.122141827471022 , 49.6271787513703 , 6.137997207979044
49.64965698378838 , 6.0040314514816115 , 49.60255404807129 , 6.140543442540818
49.59940235118355 , 6.2368597524532525 , 49.612262574566614 , 6.178793191651749
49.61265682800457 , 6.132553137841962 , 49.60004530814003 , 6.146214618250843
49.62060797932252 , 6.059648745321924 , 49.64754840131129 , 6.136464238409513
49.57243449841636 , 6.002917665905293 , 49.61510841532808 , 6.122945918260585
49.624400043092386 , 6.1403710956323145 , 49.62699071932301 , 6.0465089666605385
49.62901736527462 , 6.1788461431743755 , 49.610200710289384 , 6.153859562454676
49.61234609983908 , 6.106879153784034 , 49.65911920744845 , 6.272711940995567
49.5898921592534 , 5.999256717858977 , 49.60692166336785 , 6.1548294605497285
49.63161957177779 , 6.133042350584731 , 49.62397689580599 , 6.0395145443316425
49.64730761902029 , 6.137310593703254 , 49.64536534741452 , 6.234778060851327
49.6521994504342 , 6.133528197692873 , 49.609485436711026 , 6.140677516724107
49.64928824965612 , 6.127703874186495 , 49.594187943628384 , 6.142562063240199
49.61726934097348 , 6.099686870886423 , 49.63505828641957 , 6.226057735889032
49.597079618338064 , 6.2060269074584316 , 49.59887658488347 , 6.169635215703526
49.60860136951011 , 6.085875289448391 , 49.615696953427204 , 6.13856315948743
49.61008926923121 , 6.077104272696326 , 49.60014646901848 , 6.157513471421632
49.60958579720314 , 6.079103355524918 , 49.56501184666458 , 6.162086286793938
49.63724123108421 , 6.1423691824948525 , 49.6249740624012 , 6.106725773106451
49.6207157754796 , 6.178509892284836 , 49.56484598992377 , 6.0663310208082795
49.593699659759075 , 6.149703013174929 , 49.645799766559385 , 6.091176010853352
49.62365401926379 , 6.044108392844855 , 49.645501241466725 , 6.031370504737626
49.625620102118326 , 6.256862302403865 , 49.57748208058257 , 6.173593797376232
49.573175400965326 , 6.1413243717677 , 49.633380610007194 , 6.146395147794384
49.60137172701443 , 6.137061361207658 , 49.60496419525824 , 6.144933483867687
49.66831787492174 , 6.13368792141529 , 49.64643908838198 , 6.009349664127543
49.652233538973626 , 6.1093566018926735 , 49.62755282163438 , 6.131637377596338
49.62944410675461 , 6.213649494903741 , 49.562982399404056 , 6.157352286133072
49.61414724356115 , 6.0900891674445905 , 49.61505956666348 , 6.148363298875549
49.61191985999789 , 6.133386040493225 , 49.598658328841786 , 6.182004248682962
49.609328181296135 , 6.113987199503118 , 49.6075450540537 , 6.105203164805253
49.5935454414472 , 6.169080288550869 , 49.59472694536878 , 6.149810317769899
49.60454291952976 , 6.138630349215887 , 49.60297911948114 , 6.161566056713539
49.64811774451235 , 5.983932075715917 , 49.64344284129059 , 6.172988561196754
49.60691046141328 , 6.1325519079186845 , 49.60362673387688 , 6.151194581499763
49.64905199524751 , 6.078006151828109 , 49.63562967553326 , 6.1908818783687956
49.61933461867177 , 6.080651195271805 , 49.60593651332829 , 6.148567002017804
49.6633616508491 , 6.24033503928468 , 49.59206258852335 , 6.094794036717165
49.570981396682804 , 6.014045350994151 , 49.649332636547946 , 5.999169181926377
49.56252683641169 , 6.1677741747039265 , 49.600670119486644 , 6.149614119626517
49.62334292101753 , 6.128633773603905 , 49.60599201782661 , 6.159270213576829
49.62587026802255 , 6.190883611124433 , 49.56865941969995 , 6.02903441058056
49.58612841984718 , 6.131081854767176 , 49.655740527403104 , 6.145746596615288
49.5874816356764 , 6.1446066067962635 , 49.59528136734875 , 6.066071972140019
49.669636420129955 , 6.090204187555294 , 49.663895395048236 , 6.197116576232258
49.6017716953218 , 6.129111368946801 , 49.620826025382875 , 6.122255924888476
49.620470244573625 , 6.122027272844253 , 49.65842869259862 , 6.243496511411301
49.63265470403806 , 6.110576305065702 , 49.602315928390354 , 6.1530848494884784
49.656728348442506 , 6.307908250968654 , 49.60093454385842 , 6.130905366082786
49.61705043083772 , 6.078189954569734 , 49.56936708901333 , 6.1868409794224295
49.59473004481643 , 6.113410086464014 , 49.62838852235914 , 5.9887002254751796
49.63326605316771 , 6.08020860151344 , 49.601135105574535 , 6.114275088125045
49.630877182196286 , 6.145133953401827 , 49.66562459479569 , 6.08216315405462
49.65789090778454 , 6.0151817035199935 , 49.604728047220235 , 6.111841889643045
49.606330719110524 , 6.138347444259311 , 49.60044303158526 , 6.124488287603466
49.6114601929699 , 6.200897234175639 , 49.61513882397961 , 6.11209293877392
49.62092389454244 , 6.147066484395607 , 49.6261305096096 , 6.061434299446751
49.58519523438452 , 6.1488355172527145 , 49.634791273941374 , 6.1968633382499565
49.657457584776175 , 6.1295100005337195 , 49.612263140120554 , 6.1541912222628286
49.600029340136196 , 6.1383562710644375 , 49.598179052692544 , 6.1453486563031765
49.64038844706296 , 6.145664926704336 , 49.61308780718931 , 6.1589758196152635
49.645675129473425 , 6.008009849639775 , 49.61772229150224 , 6.1843438888463
49.61411162634465 , 6.159639323427874 , 49.59140324733645 , 6.1299186990410295
49.60064855636526 , 6.141360959443718 , 49.59598334705545 , 6.166358457260908
49.57886425538 , 6.13618859887376 , 49.636510495871576 , 6.117139550265088
49.662431856600854 , 6.13991124189052 , 49.616947101630196 , 6.057886944470833
49.624595245235 , 6.170380782530997 , 49.6068359820626 , 6.084801642357809
49.63343596807926 , 6.142654419518284 , 49.620548611903224 , 6.112293890591826
49.632167265573926 , 6.20682667870413 , 49.60000850098146 , 6.1633675394398555
49.61205642274193 , 6.113356321705718 , 49.607861378834826 , 6.141526227855727
49.6013107201497 , 6.163932448259418 , 49.611312231770675 , 6.111540610997561
49.60843051956326 , 6.122765828444173 , 49.63646155239534 , 6.018065946793509
49.61270715032841 , 5.99737461487766 , 49.622099092854626 , 6.096842271396046
49.62417109317026 , 6.174551681810343 , 49.614896708822485 , 6.1662929817598275
49.61349694925861 , 6.166355186887287 , 49.61590376126774 , 6.093002268420473
49.62064391629127 , 6.11172156425881 , 49.59698334133617 , 6.1816892896682845
49.59056485180741 , 6.122878818116009 , 49.622365143563265 , 6.130766666354355
49.63532192702307 , 6.129450607566308 , 49.60759256531246 , 6.140191768923295
49.581539997894254 , 6.277226795496777 , 49.60106176544674 , 6.1446055475939705
49.66252389428203 , 6.073494712393085 , 49.604222686014275 , 6.280999540491682
49.565784224975964 , 6.2394955133471175 , 49.62882272343481 , 6.135168156255442
49.63912934192955 , 6.132668915611747 , 49.6455642393537 , 5.995130774678834
49.62910852884209 , 6.129916984589444 , 49.63257534467258 , 6.13389712561675
49.61418652342764 , 6.218818473467647 , 49.62756769371749 , 6.089125951250768
49.57075007727523 , 6.078758008411148 , 49.62295191715875 , 6.225024416031191
49.64483845535231 , 6.147016905096141 , 49.612110853412034 , 6.0369683900838735
49.63345747219085 , 6.181162011850696 , 49.610811194584144 , 6.15788109710671
49.618914091447635 , 6.134562228701618 , 49.57083007657319 , 6.189122589602582
49.66862982580723 , 6.064932435876625 , 49.66262401603415 , 6.0954984536587515
49.61823680669133 , 6.1161127021930275 , 49.62095203689343 , 6.112648148329194
49.569055570179934 , 6.216770142564764 , 49.57413545824958 , 5.9977423138814
49.65901803795817 , 6.131976131223912 , 49.611912079932104 , 6.147549714189755
49.62905680797706 , 6.1237680085587725 , 49.60429031163534 , 6.159012159853979
49.6321359356436 , 6.1211582353895135 , 49.63818476063812 , 6.041358616016022
49.639376764459705 , 6.179883060242676 , 49.63741599086042 , 6.174510530268919
49.626318800932374 , 6.172875061546227 , 49.61160525474882 , 6.154438252798544
49.575699590649414 , 6.209849877037935 , 49.62048202073758 , 6.128873362901031
49.62154769822666 , 6.040702043894725 , 49.668928093479515 , 6.097259312816557
49.60310650461816 , 6.131573524852075 , 49.6306896181709 , 6.123823316220117
49.63770204717771 , 6.130485987734759 , 49.65959062171557 , 6.1850845278494315
49.625799882398645 , 6.114590264965522 , 49.63765369862717 , 6.208302892198457
49.607016828509906 , 6.141427995857797 , 49.646910651871316 , 6.133906712236214
49.61992901761757 , 6.108022657196454 , 49.59599484644505 , 6.156683736368925
49.63137765462822 , 6.1450541904295175 , 49.60544654141482 , 6.084322820718531
49.562241528208226 , 6.13677121314212 , 49.61414692902406 , 6.0810150312952285
49.621955242226775 , 6.178508934469054 , 49.651421480432234 , 6.269690163216996
49.61946007317568 , 6.129356974626392 , 49.60271286433631 , 6.139489260033701
49.62008336836863 , 6.107526091983702 , 49.608372913727216 , 6.202420125235717
49.670233639816054 , 6.084391131026552 , 49.623361376282965 , 6.135960624733247
49.607317020823885 , 6.132133329078249 , 49.63770137097327 , 6.184271859821864
49.622082865628855 , 6.167296590826923 , 49.56717939700835 , 6.16681832539295
49.6235392707147 , 6.107847844001966 , 49.57179216237769 , 6.159340821750984
49.64348966192882 , 6.129974691888508 , 49.57408005326241 , 6.145733648906607
49.61899009558869 , 6.165768561644848 , 49.62181499605031 , 6.066060468510049
49.6081154012423 , 6.12027768464773 , 49.61005316649014 , 6.101272217377464
49.62103498218045 , 6.107394540260488 , 49.614399491707225 , 6.129220517678302
49.60770003117244 , 6.122860275948802 , 49.61055284593292 , 6.104986788372321
49.60039328209716 , 6.13135168412654 , 49.66321700407848 , 6.248347946414855
49.59752292258656 , 6.1458416609249005 , 49.61818950139342 , 6.13241437155938
49.6217479010088 , 6.118059334658083 , 49.66870029648702 , 5.984343614702153
49.607064440646965 , 6.1042117179512125 , 49.62308795686695 , 6.113696092248063
49.625430352056746 , 6.052757533024784 , 49.66109948067944 , 6.0809131834560874
49.609746679997635 , 6.136656291269132 , 49.63546459762932 , 6.197328692669233
49.57011673384844 , 6.093298381604312 , 49.58744394164018 , 6.047223330398074
49.63159272796351 , 6.154730561344548 , 49.64562594941734 , 6.149054161320178
49.57489494306179 , 6.172438544622232 , 49.604387480311665 , 6.1790866043823405
49.640080127986884 , 6.166205726922486 , 49.62261150168346 , 6.1802605616889625
49.601072605412796 , 6.1789496870774565 , 49.63706687022373 , 6.183381771785712
49.62627417709244 , 6.166535928300429 , 49.65623646746663 , 6.262152260420849
49.637573430877374 , 6.177564673367442 , 49.621626523864684 , 6.123336125560262
49.603640111356334 , 6.264250558652133 , 49.62928219988091 , 6.190600428808027
49.627261589162 , 6.174884133356098 , 49.58582608487746 , 6.187292549587878
49.617129996052 , 6.137400037442667 , 49.629080615307316 , 6.230868475898075
49.588289271093366 , 6.183123133160915 , 49.65689380233989 , 6.235983457128416
49.62820763051381 , 6.121665992415802 , 49.61629466531733 , 6.129915379273407
49.62252363391261 , 6.145694384750124 , 49.64853197069127 , 6.14852366278174
49.631344200781335 , 6.205015816134161 , 49.62535708215387 , 6.278698770297031
49.59672073006805 , 6.140235702042493 , 49.62882727384012 , 6.11536951578467
49.652142239568974 , 6.2388706711502975 , 49.59532719954272 , 6.181845678556014
49.59436687816107 , 6.127275652480573 , 49.62769764891839 , 6.14617639728298
49.61501140465683 , 6.087622037550447 , 49.65432587792725 , 6.122773829512558
49.57331738625597 , 6.156494286405154 , 49.57163257335118 , 6.185827552540874
49.62345425827322 , 6.185593930522639 , 49.62431107973556 , 6.170368183444338
49.59777741536012 , 5.9800008695864735 , 49.627578280479355 , 6.1241205685607465
49.6025538218374 , 6.144624725153114 , 49.61226156115034 , 6.1539630214134275
49.624011178313815 , 6.106378156371481 , 49.62997151755123 , 6.103428307552964
49.661810079222 , 6.020903668801408 , 49.627226197370305 , 6.14112595678965
49.578606890905455 , 6.11439146086447 , 49.651006152075475 , 6.138067151425011
49.574801891381554 , 6.205174458580407 , 49.607041753631144 , 6.124883662178511
49.61357112485898 , 6.122962647013711 , 49.62462558279043 , 6.116192748284361
49.597003877281175 , 6.131395547198171 , 49.58236706310281 , 6.120971606124097
49.6134424383663 , 6.172206978462999 , 49.61370573601902 , 6.111575828598489
49.6149473184377 , 6.077293219412158 , 49.581134178936594 , 6.0915844873281895
49.56841328174552 , 6.174908734073261 , 49.63117192552201 , 6.275883332575362
49.612460233887845 , 6.1130704355998216 , 49.62200141092979 , 6.16743156055629
49.628630110821945 , 6.181610882883293 , 49.57885840639358 , 6.121534337999441
49.62160083923574 , 6.103290282110203 , 49.64501502460612 , 6.2306091040208
49.606959740350575 , 6.155234229996077 , 49.63802801918943 , 6.156772402301379
49.602559238783336 , 6.086586258969819 , 49.62358422196541 , 6.156145506236089
49.63891397365587 , 5.9986594784557905 , 49.623703230378936 , 6.1485571332920665
49.60495274132751 , 6.128418895420099 , 49.62136666496479 , 6.262071207279206
49.64341297004123 , 5.994916322387452 , 49.63142856452093 , 6.182620516267259
49.6255254215388 , 6.170012603980624 , 49.62105453670254 , 6.130704712523731
49.56348458732697 , 6.1246932212545095 , 49.57349439712126 , 6.183630188219502
49.590737920979315 , 6.147080933243295 , 49.63193105407382 , 6.187851145141186
49.59631790344968 , 6.149257406702258 , 49.620759043035505 , 6.168946956732436
49.623992300302774 , 6.1030464554903805 , 49.62243940003824 , 6.155966583939661
49.631062319758136 , 6.121406167595287 , 49.616044029834796 , 6.180890337102254
49.630901288284605 , 6.200370318213307 , 49.614536883867196 , 6.129590851146204
49.608873505611015 , 6.104689057770534 , 49.62231296670889 , 6.182923952721426
49.63603771494035 , 6.175955275494018 , 49.615469154049485 , 6.1781345058595525
49.634740921678755 , 6.128399725266828 , 49.6627421879476 , 6.090732413778202
49.656100856183755 , 6.1378949119121735 , 49.61632652633945 , 6.160511652899899
49.621236873218734 , 6.1214429665582175 , 49.58869999686683 , 6.187847486286815
49.61257061197668 , 6.152990352845303 , 49.63237368294269 , 6.123378645820484
49.627543808335346 , 6.212257271191034 , 49.63673191706824 , 6.128314963105588
49.57583531717049 , 6.1747713787738885 , 49.65981663690218 , 6.144837815161569
49.60058440797411 , 6.197927517187014 , 49.62858392166098 , 6.162010487403065
49.623225385386995 , 6.19212374878618 , 49.57061856073481 , 6.289417222913366
49.58373778696834 , 6.161589119785924 , 49.61234191455035 , 6.146699111601808
49.60881648640327 , 6.144277658369931 , 49.63710382920947 , 6.188474927301766
49.63769685105981 , 6.151306258178167 , 49.61375333574849 , 6.112975565112981
49.63335812956225 , 6.144005231311173 , 49.62858064747232 , 6.193934885838618
49.59593854855817 , 6.146859241080684 , 49.59689022988929 , 6.142930553324266
49.6168225392297 , 6.125061664545918 , 49.61890402478173 , 6.1746579786354285
49.62098922305218 , 6.223230703341063 , 49.5782248196681 , 6.164768966919051
49.65900873834833 , 6.052788290948018 , 49.56616676851401 , 6.126995708486176
49.60463066790263 , 6.069967875657628 , 49.640471734997995 , 6.154062839030951
49.629563761998824 , 6.1289739526670095 , 49.6156278878474 , 6.075493282340451
49.64926940456931 , 6.132195100854675 , 49.59850989970446 , 6.140305613718608
49.65622601537374 , 6.137519101984773 , 49.60279700190762 , 6.153752541579188
49.59717081606223 , 6.087005924668209 , 49.63881519196586 , 6.156046685471997
49.63457920469847 , 6.148786046199765 , 49.64133065773376 , 6.167324558350829
49.61926897976104 , 6.110404642011767 , 49.662997976056616 , 6.153808557318774
49.58656499778205 , 6.144813912384369 , 49.62336136473376 , 6.135107342035957
49.62888290134877 , 6.133755485706076 , 49.58210217275437 , 6.12113278977158
49.595233263765444 , 6.136479600323544 , 49.61959585999761 , 6.120195325018079
49.590774174702474 , 6.128434431155453 , 49.63415094066912 , 6.15963402625771
49.65760277371246 , 6.125164566678334 , 49.59924533215923 , 6.1556538129601535
49.61572904300831 , 6.182966932378824 , 49.56446594565017 , 6.084196656769356
49.62095315331998 , 6.015911780122159 , 49.573320566859515 , 6.168308408191881
49.668577349753214 , 6.038842866383536 , 49.62842050944984 , 6.090036934119941
49.60738422452247 , 6.113782102362998 , 49.57733871535263 , 6.042182872784981
49.64930801379432 , 6.053241253802948 , 49.585899314382765 , 6.155559633764472
49.625919221808246 , 5.990404520271151 , 49.609944730424004 , 6.1248710780144595
49.606838986066414 , 6.1127296645813125 , 49.568196851319264 , 6.165616630209365
49.61023554429594 , 6.130952138845671 , 49.63393292655273 , 6.190714553617857
49.654583193649295 , 6.1335050642336855 , 49.65307875328921 , 6.134860579562637
49.621022052505715 , 6.064713882728233 , 49.62903752686107 , 6.274584967427991
49.60433208409099 , 6.1380017747801014 , 49.62769228973184 , 6.16557526516848
49.62669369942583 , 6.267421295504957 , 49.60248267037275 , 6.145575185964924
49.56250008314032 , 6.174510854007713 , 49.60501745442383 , 6.123364342530981
49.57921058318428 , 6.162575839040743 , 49.6404707092393 , 6.183595603923324
49.632914240714854 , 5.9989953709159956 , 49.59823193681055 , 6.153541412592878
49.62403763249776 , 6.043434095060041 , 49.61912984126909 , 6.113499608822288
49.66249378552611 , 6.1548563174304975 , 49.5778506536382 , 6.201763102600904
49.654405188453694 , 6.138430089621208 , 49.63135694543277 , 6.144973796276698
49.62830446762988 , 6.1577841056128735 , 49.625256663714325 , 6.278569674613113
49.60646831365636 , 6.125036221554231 , 49.66002040563747 , 6.124333093711025
49.63744814620593 , 6.137536322745455 , 49.65030491982285 , 6.144303515417773
49.61616826077343 , 6.124171492345127 , 49.64312606088991 , 6.1396446105048765
49.66921106586193 , 6.238702231534788 , 49.62044197136048 , 6.181388906314749
49.61487936091646 , 6.123694143443643 , 49.63349567328582 , 6.136627431917699
49.56768496199623 , 6.0795295249259516 , 49.64244108558937 , 6.146106204446792
49.59619044415094 , 6.150187809171029 , 49.62137985119139 , 6.107261107820816
49.587132302450655 , 6.148853962182937 , 49.62900027182834 , 6.121307070480685
49.609068132926446 , 6.128189818119066 , 49.63439948991325 , 6.106705905417685
49.6522934913966 , 6.153033270846273 , 49.61586834797093 , 6.138844373962446
49.57095511559945 , 6.160238538757171 , 49.62411592849803 , 6.136253430453337
49.5924067277853 , 6.187652938713623 , 49.61114136511547 , 6.1362239546481785
49.60185954311635 , 6.154489633398517 , 49.63137879112698 , 6.126342124433461
49.6373103817372 , 6.130808034102822 , 49.617862733449954 , 6.12285495445316
49.632040908160796 , 6.224881673359167 , 49.61445109196959 , 6.1187640803643335
49.66225687206488 , 6.143337954542696 , 49.57885406493932 , 6.129879990721637
49.6291557738966 , 6.0751440914552415 , 49.599575532068336 , 6.14628466775702
49.60553648784373 , 6.129744132951313 , 49.58132242671035 , 6.175425862405167
49.62177130026863 , 6.085651988543775 , 49.645917728618684 , 5.989511875173109
49.603260229788596 , 6.21414007985607 , 49.6188069133875 , 6.1808995980333785
49.64918694529942 , 5.98185983990328 , 49.65279819322399 , 6.236681778058311
49.62554187349199 , 6.1714443320791235 , 49.62922426054171 , 6.054049616045454
49.60996416228209 , 6.124739696590497 , 49.66526653702969 , 5.987354171479029
49.570916184207 , 6.1815710110230935 , 49.62021749857488 , 6.11646803433493
49.62523416912484 , 6.1887287192952085 , 49.652380474109606 , 6.130552017900469
49.57170606386224 , 6.044406031957639 , 49.62237095111657 , 6.127572451381433
49.658843508666465 , 6.135680283244001 , 49.592461016033404 , 6.1515847286862995
49.62470254906604 , 6.135696344790605 , 49.62069999114694 , 6.13254456171977
49.6258146518499 , 6.1478250613254115 , 49.621278056894795 , 6.044755809108806
49.620471256021744 , 6.139210555937838 , 49.612168457784385 , 6.108413696396959
49.61890072816187 , 6.085244562116283 , 49.62049127325776 , 6.137689919824361
49.575017634156545 , 6.147721686870829 , 49.66225294206836 , 6.082687658042315
49.621477711795386 , 6.177501782835562 , 49.64750205048228 , 5.9980464994130225
49.62224036657086 , 6.145202178513469 , 49.574807848578395 , 6.150741318035439
49.609658532200754 , 6.25505860571235 , 49.58161751753923 , 6.090769235042529
49.60580313863055 , 6.066805629565943 , 49.604682343127315 , 6.221551091356739
49.612078801803065 , 6.110131355768549 , 49.583616842850326 , 6.157966083246555
49.61098860848874 , 6.128915798905095 , 49.60645491642773 , 6.1333953092917834
49.630641858110046 , 6.140286585246444 , 49.59779335129503 , 6.162974967683554
49.59297875805231 , 6.120627649226338 , 49.63024162334781 , 6.023793103732031
49.60283010450246 , 6.138600004337428 , 49.612496400504135 , 6.113052989963596
49.63340176374512 , 6.1369452959954 , 49.61980203088331 , 6.0802683683797865
49.609930952854455 , 6.170211462592881 , 49.61175666303491 , 6.0617257927085575
49.6012110631017 , 6.156345357854772 , 49.658361610111164 , 6.124058022675531
49.62409023440292 , 6.178011040858102 , 49.62059727940961 , 6.241790003174557
49.62483417790203 , 6.122290555801556 , 49.643992968562145 , 6.032478313845036
49.56922637136281 , 6.007647912714102 , 49.59669472598844 , 6.132927345311263
49.61309372384817 , 6.128157608247808 , 49.62583013518289 , 6.130755802983536
49.65407582172891 , 6.315024306842883 , 49.624479690148654 , 6.073883850774983
49.58110360959514 , 6.122023320493016 , 49.620622569247224 , 6.276635432569541
49.63816883327111 , 6.156942567916594 , 49.62335257936754 , 6.123125057310306
49.66018655874708 , 6.296980057688122 , 49.590689163040885 , 6.26366699996572
49.583395998393854 , 6.157125381520557 , 49.65928400433261 , 6.249895700468208
49.59586509255992 , 6.147679965695388 , 49.6273185681698 , 6.06149616715798
49.60505443527838 , 6.138838848958406 , 49.61521178509342 , 6.165035267728924
49.62257527724182 , 6.133455521862299 , 49.5900865575112 , 6.1441705514230005
49.64085851253163 , 6.1695687376090556 , 49.58112516494537 , 6.14801148108983
49.60676456692307 , 6.111937572094622 , 49.61026687436383 , 6.222510926142313
49.597953189661844 , 6.1331220254083965 , 49.58128932158624 , 6.131638328292889
49.631039388043355 , 6.074304972721805 , 49.620540768465204 , 6.120184183929918
49.57081529156975 , 6.171773420937879 , 49.5975140097362 , 6.108353466765205
49.58690367050808 , 6.229413438000882 , 49.64245359848414 , 6.212067489560075
49.56839220537905 , 6.16515784038936 , 49.61365996937128 , 6.049373247089404
49.62780944806564 , 6.121801538300942 , 49.63063122549064 , 6.114453944030724
49.56627184187569 , 6.018798178134265 , 49.62434599512207 , 6.132618859130949
49.65208826897521 , 6.219492549476038 , 49.628964290250536 , 6.022701943162339
49.62850247787131 , 6.127437302398723 , 49.60555090363221 , 6.124975338479763
49.63151129863904 , 6.113057312629271 , 49.63545693481727 , 6.12684724813882
49.57249099650062 , 6.137948961964574 , 49.57906971843296 , 6.130019130640203
49.607807317497304 , 6.147365128216399 , 49.62863064625251 , 6.130532724852581
49.59766124533361 , 6.1527315637769995 , 49.6338332434893 , 6.139412743235876
49.6172653568878 , 6.133380531488779 , 49.60636589009163 , 6.1527203448435746
49.617172481532194 , 6.06429794965147 , 49.66835139139213 , 6.136265156895191
49.62188410017735 , 6.157787866375194 , 49.58081427092768 , 6.130688124431191
49.59562431616389 , 6.136823240706948 , 49.64431015547802 , 6.142335979646521
49.63827943656887 , 6.037993593894186 , 49.63073334350454 , 6.057971127239568
49.60112242898543 , 6.14958517089582 , 49.59771153408718 , 6.132700668351853
49.62071884784671 , 6.130655230225391 , 49.62538663446166 , 6.204597301841883
49.62576512253371 , 6.128747876263023 , 49.6567691823099 , 6.129680144877982
49.62923018053128 , 6.165986968707805 , 49.6039170557583 , 6.124066776234932
49.61832425494195 , 6.169806327113428 , 49.58896698952328 , 6.1500327134120045
49.58907880828653 , 6.261537722258415 , 49.64599376916183 , 6.192220110007789
49.6195306958485 , 6.124045594758342 , 49.60769500527828 , 6.12279137611112
49.62268292389713 , 6.148440617537223 , 49.6285691984842 , 6.1913253851939745
49.622780935224554 , 6.179768638802054 , 49.586791262211555 , 6.2876638635598185
49.59994634992559 , 6.142239832591069 , 49.64780776567446 , 6.1355679409642505
49.61151376651809 , 6.0637736128578785 , 49.62050808635869 , 6.107801363526749
49.595287406553595 , 6.159843469399717 , 49.6512968912299 , 6.003835888632319
49.567931092072925 , 6.2275591511848765 , 49.623022304084735 , 6.181452901884069
49.60384386435316 , 6.134605282167366 , 49.62084728606589 , 6.054154902706774
49.63584955654052 , 6.134405806286636 , 49.627286921381604 , 6.12183456620829
49.62925062300041 , 6.307654732888507 , 49.60232052197684 , 6.138520273150539
49.649498745867575 , 5.983970815993991 , 49.60216687920812 , 6.091548561174034
49.606003124188334 , 6.136398405620038 , 49.66150379496078 , 6.039261220445881
49.66213927095525 , 6.13656421401132 , 49.62709759471293 , 6.154519050091275
49.625912876003454 , 6.135672456770433 , 49.600012822555016 , 6.1094172134106906
49.63669494097662 , 6.128878192485081 , 49.59236971077783 , 6.133253738255959
49.6115803170153 , 6.12818925744937 , 49.61337653087107 , 6.090465148231154
49.62707832703388 , 6.160968226107937 , 49.564664036924114 , 6.080539523868524
49.62479218615607 , 6.276293733683486 , 49.624457681179145 , 6.105749113284675
49.57052886967708 , 6.131950193820075 , 49.585664254469684 , 6.140578763029533
49.61889634473412 , 6.148808757320178 , 49.622781101035514 , 6.149293001184601
49.616501505985156 , 6.124210772570942 , 49.61965916981511 , 6.079141653553179
49.649453648008965 , 5.995413449654167 , 49.61634042548779 , 6.1563971229818675
49.62326249597236 , 6.131960664204359 , 49.62262359139531 , 6.131254368815985
49.61627132280185 , 6.111892244791152 , 49.60077555687517 , 6.10471211876921
49.59820669221297 , 6.128958451442585 , 49.60598941018558 , 6.14092916504367
49.597963739368915 , 6.321851832631983 , 49.60824025859055 , 6.172554424423971
49.61299063831147 , 6.114241118936834 , 49.634792732879895 , 6.0199272097628524
49.62130351562716 , 6.306745765308045 , 49.63743654175754 , 6.1879323931430505
49.605772775283754 , 6.1555005938128176 , 49.65727855076001 , 6.080792716575603
49.62061904020808 , 6.27337420437501 , 49.63139190552247 , 6.053990088654494
49.66816295502246 , 6.089838180379458 , 49.62514340250168 , 6.12189026680621
49.62109334166186 , 6.167123024256615 , 49.62899825675462 , 6.024377126365428
49.57253618587326 , 6.156320041436644 , 49.59863040268357 , 6.205493231735128
49.61470983465915 , 6.155575513475075 , 49.62986457661493 , 6.142681383148092
49.623859743490485 , 6.065817625074408 , 49.586755744695594 , 6.123171229270583
49.57829027929281 , 6.1551895227978655 , 49.65752531975874 , 6.261427563182571
49.626132051340996 , 6.147866718584352 , 49.62464510091573 , 6.189533999970196
49.637633552224145 , 6.1640574778040005 , 49.66371512830998 , 6.152527355574459
49.644515418592825 , 6.122616885977035 , 49.657484985010015 , 6.146787772345499
49.62206845930748 , 6.065094421183758 , 49.610589338595126 , 6.116379704996697
49.629274619914526 , 6.186436186800302 , 49.61986389748327 , 6.23452092208125
49.62352015381939 , 6.128575406886633 , 49.604226807628095 , 6.0072090878002244
49.653704392883 , 5.9895956375252855 , 49.588994335733204 , 5.992521756391528
49.62962339045505 , 6.261471885603673 , 49.61102191070689 , 6.0757785823129185
49.662618489365194 , 6.013028553444313 , 49.599582960548126 , 6.077710660308518
49.626262436338834 , 6.0808127451053595 , 49.58030741552924 , 6.113725831923086
49.584206965676096 , 6.144241437715717 , 49.626714971680016 , 6.184193334835602
49.62328157433399 , 6.078160481783995 , 49.61537714146141 , 6.119438993155156
49.601674241622256 , 6.1189631226373375 , 49.60823859532423 , 6.121190893321383
49.61392294880021 , 6.1249695685411085 , 49.65824014618416 , 6.132736186772467
49.61506537170958 , 6.191586242070714 , 49.62635227566266 , 6.080763657274728
49.60824422349615 , 6.1217603648109336 , 49.61879511526533 , 6.179817779468527
49.669960599444906 , 6.099179821052512 , 49.6375898030241 , 6.140101495265813
49.57284604979179 , 6.166253662424453 , 49.59418702743764 , 6.007948735650868
49.634799664991434 , 6.172657788030753 , 49.595533555193484 , 6.139548076370077
49.621805376607284 , 6.150794764144928 , 49.619988056968644 , 6.06962959041464
49.657291625371386 , 6.146387569747457 , 49.593689819492795 , 6.123591597184671
49.629412413014904 , 6.266985911410045 , 49.60603306077345 , 6.156222610912744
49.62657543961634 , 6.0379001918680295 , 49.61282836006787 , 6.11159110926897
49.66102445964418 , 6.160159791633718 , 49.5988502154353 , 6.136905415222795
49.59557148140199 , 6.087842742873792 , 49.65329453790194 , 6.005318420776711
49.59681246631854 , 6.1279940226642085 , 49.608052864353176 , 6.117576660146692
49.6029828934357 , 6.1497426321001365 , 49.606920237550156 , 6.1335939489914555
49.639850074561785 , 5.984524595822231 , 49.621923377499115 , 6.179097528894309
49.633757376246166 , 6.188645297513952 , 49.67034531772768 , 6.135795488153848
49.61364670953712 , 6.122539262543604 , 49.66972195777788 , 6.14929901910783
49.643110237928134 , 6.076323082236757 , 49.587555897681376 , 6.134159991552171
49.607729798876434 , 6.140721503690835 , 49.60747051167142 , 6.149031372250638
49.58056041991293 , 6.135671866622773 , 49.636249160009456 , 6.127193948549393
49.582926593876195 , 6.162049760482455 , 49.581794481828766 , 6.133911910933898
49.64938054365231 , 6.1393656563625925 , 49.608948407788134 , 6.109006667920366
49.62332149849367 , 6.090765603819654 , 49.629124414348475 , 6.1273900940641415
49.62902803701962 , 6.158356354742082 , 49.6187434584923 , 6.140798715882982
49.62007314615272 , 6.144388608853268 , 49.66147288369271 , 6.308715813942248
49.633311280941015 , 6.163022251359694 , 49.57908354749725 , 6.128642561332578
49.64681718948278 , 6.044172726034322 , 49.61672093804708 , 6.131834902502278
49.666522941368974 , 6.087559670550361 , 49.62131299761797 , 6.115784225684029
49.660690997746336 , 5.996271266135859 , 49.62612424237039 , 6.018762172570845
49.63021652650724 , 6.1184270597896955 , 49.60711611629394 , 6.151278900482079
49.62357681914949 , 6.168739973381773 , 49.596113613338844 , 6.144720472819544
49.62784160553225 , 6.104827406328501 , 49.60036159682051 , 6.122030866398892
49.662497456903246 , 6.292176001948753 , 49.623015528143085 , 6.110668946327156
49.59643986784993 , 6.140022254300934 , 49.6285025219145 , 6.122609655854216
49.596555409270785 , 6.174344168568625 , 49.643123339533815 , 6.136256823613978
49.59239471748419 , 6.092933147597128 , 49.60236432573735 , 6.137153428632557
49.632095628771246 , 6.1324058848311305 , 49.58408692247661 , 6.164984257057778
49.62870241511863 , 6.118203190735126 , 49.66379140841674 , 6.294751197241207
49.62058864133404 , 6.176306774009927 , 49.57225668468347 , 6.113525484933374
49.61491397062349 , 6.107946945676396 , 49.63728456127055 , 6.1761183879290025
49.62338642942056 , 6.1416320278290755 , 49.60450053329154 , 6.138563177389029
49.628997469451 , 6.120528516303844 , 49.609589293378455 , 6.166940860482127
49.587598345221124 , 6.140377251566106 , 49.64536727482926 , 6.1490617597877595
49.62406357308781 , 6.199134606686891 , 49.597304962574974 , 6.141705019681389
49.61186615638085 , 6.099844312407774 , 49.662616827168954 , 6.141155707582971
49.59731051621684 , 6.139332565358953 , 49.61791514417709 , 6.1040054748705055
49.62097337803942 , 6.167519933805262 , 49.61260751603114 , 6.164695851507292
49.669719775884154 , 6.12884207080811 , 49.63480927594143 , 6.1896722744834465
49.62811463786507 , 6.07957292595939 , 49.59684981549935 , 6.163440063914431
49.62564311731097 , 6.136023772317889 , 49.6667878784977 , 6.000198919575623
49.622895189390285 , 6.154833261264811 , 49.62888628536846 , 6.187243141105737
49.61133797734969 , 6.08671633571275 , 49.6289978415424 , 6.139074908323119
49.62744881047552 , 6.133126420476828 , 49.59603341961504 , 6.096240721692797
49.59133399448385 , 6.105915428934747 , 49.6287980217912 , 6.187667381982673
49.61846870602455 , 6.114822671617708 , 49.642955507651735 , 6.278109274541377
49.60304812379167 , 6.1518493609504485 , 49.63523020084042 , 6.123148936255601
49.594685811855825 , 6.110847462283195 , 49.59973603123869 , 6.142345971578825
49.61956428279568 , 6.091404218153699 , 49.623473126601 , 6.172491389813571
49.63665894913236 , 6.148997408336689 , 49.65808208489122 , 6.090567522046387
49.56909516373271 , 6.015099506502042 , 49.638851254090405 , 6.009910898208071
49.629099444172375 , 6.033119202493181 , 49.64489743578212 , 6.048584538034347
49.62909406443265 , 6.229405965991514 , 49.63448128849469 , 6.148674942721888
49.61153401008475 , 6.1451254237333375 , 49.6032928739501 , 6.128007895975414
49.62340819829401 , 6.155677665212084 , 49.61084675692532 , 6.119616215403553
49.591310119945874 , 6.14567590921282 , 49.61805505803505 , 6.111013246300018
49.627110840231616 , 6.087392435610607 , 49.588502242493625 , 6.149649011552302
49.61976684464547 , 6.154393006416442 , 49.642495621906434 , 6.138685062111725
49.59304443638118 , 6.17150855099687 , 49.610397121255026 , 6.0781154455498845
49.62505600054891 , 6.154960850794764 , 49.6531252828077 , 6.231982684691477
49.65110768606465 , 6.1393348555004925 , 49.592524991362055 , 6.27243042227414
49.61211406265946 , 6.121656492032635 , 49.62263361419305 , 6.140992416224717
49.66187639851263 , 6.134120037556548 , 49.61249168664055 , 6.115099261215224
49.594456088993525 , 6.176701999140236 , 49.65104119032001 , 5.9972993745257215
49.62990287431904 , 6.150858076787759 , 49.65127888552924 , 6.13232111163895
49.6058517679871 , 6.145833793731687 , 49.60257179173219 , 6.230266169028911
49.61435713156471 , 6.163242249831381 , 49.62510119544024 , 6.169954916166791
49.608168888576664 , 6.179602187657657 , 49.62049784253466 , 6.137099644471925
49.658127117518035 , 6.137822935950578 , 49.605740727386774 , 6.143225230038096
49.61985902717004 , 6.111895524163126 , 49.66218461308638 , 6.140315531987367
49.617555032129424 , 6.179240234112787 , 49.610335669754654 , 6.137775008597656
49.58718674674398 , 6.169656973822296 , 49.6272018948492 , 6.170547453931376
49.6695349011041 , 6.124245603655849 , 49.6185066827036 , 6.110810560170547
49.631084342979335 , 6.078267401867274 , 49.670343884495416 , 6.13114375792843
49.58759199644371 , 6.15243384035353 , 49.6178543118701 , 6.153035307764332
49.5845944112958 , 6.1287558984807395 , 49.62773375049621 , 6.124164983491103
49.62091518181328 , 6.104197820637752 , 49.63497112102185 , 6.065078037123691
49.636847812396546 , 6.023593569794522 , 49.6622288762883 , 6.078017840080444
49.62203063890758 , 6.097610563657401 , 49.6468117023494 , 5.991985607669329
49.56984828904454 , 6.243862285560153 , 49.60491563553944 , 6.128403155234832
49.60978785500849 , 6.257243381123963 , 49.627407822237934 , 6.129583923457432
49.617108271982325 , 6.16044636145426 , 49.612452975888324 , 6.1399088508967585
49.62450078866398 , 6.106304471583041 , 49.61205603757674 , 6.117749057130632
49.60797323767486 , 6.14399995401437 , 49.62695708867541 , 6.11675832516226
49.67021215584188 , 6.13725775420058 , 49.610840934276226 , 6.113697024059725
49.64974739953224 , 6.148985523088194 , 49.57864674290139 , 6.1477601698604305
49.621804348187815 , 6.122174719948186 , 49.595842867609605 , 6.103394694804743
49.626144728910155 , 6.0941498516394095 , 49.61447522205795 , 6.125113480880131
49.62636964884813 , 6.135471467484976 , 49.66531808464272 , 6.092902380381454
49.6189182087358 , 6.163906915796684 , 49.57669944483187 , 6.172703020036574
49.60040157704761 , 6.092417561879704 , 49.6127127019498 , 6.144205008005443
49.5792843242891 , 6.003698513445353 , 49.625076448819996 , 6.13099483781427
49.60604398745507 , 6.125428709427539 , 49.617207998911766 , 6.079003086650126
49.58976815056595 , 6.107651312434117 , 49.575543621026014 , 6.041004261237246
49.62378292149782 , 6.085031025125618 , 49.57387688584895 , 6.048957355794028
49.60684413443418 , 6.144100457026908 , 49.62016826249558 , 6.112259166335975
49.62885052002582 , 6.091768135672157 , 49.6234204054078 , 6.127208395831644
49.637557587509086 , 6.149322280913196 , 49.62627633610159 , 6.207140618752541
49.62681307862463 , 6.087030380624135 , 49.66642045745093 , 6.028176977809183
49.62891838275193 , 6.1375654251506075 , 49.61655162716306 , 6.324664025086019
49.62624926478278 , 6.187988829907162 , 49.633898770059936 , 6.033128376220582
49.64949696292542 , 6.264372307594795 , 49.60182189895709 , 6.145008860500066
49.62367398621685 , 6.241403589167567 , 49.60087037365211 , 6.139758075397182
49.57151037638417 , 6.221401036418588 , 49.57314325751112 , 6.240401731849009
49.57918800552015 , 5.979628702090221 , 49.60751475347012 , 6.132168179017271
49.58876576078174 , 6.117080195061559 , 49.62954842275025 , 5.997878160200842
49.569017168228314 , 6.1532244492262755 , 49.6273830732781 , 6.223087459221562
49.594045980051376 , 6.159404011112764 , 49.60907169009507 , 6.137246740372525
49.66840857376409 , 6.141287897936289 , 49.62919796844742 , 6.116800799924629
49.627111668656575 , 6.170452184575189 , 49.61948534377963 , 6.164734886238894
49.60445552493726 , 6.085064240009118 , 49.622732981065184 , 6.163400800827166
49.59696143991224 , 6.142331457510427 , 49.57622460809694 , 6.220497663916444
49.608698624584626 , 6.3126253228980325 , 49.6072666631148 , 6.124345133400454
49.615819128753614 , 6.161392501975326 , 49.57348597079339 , 6.112811364922098
49.59547446708014 , 6.1459937825359505 , 49.637015341590974 , 6.124508260227209
49.57820518210363 , 6.003146375946948 , 49.6229607887885 , 6.180455705045401
49.62891120054208 , 6.183285982889868 , 49.62259570785013 , 6.12063834318944
49.62615351329357 , 6.074582728655472 , 49.61432276256949 , 6.139391007901608
49.65875634030002 , 6.192710079676598 , 49.63306135348542 , 6.179557266012252
49.62733172538993 , 6.187680786091962 , 49.63662859119946 , 6.190502089482119
49.578979665676364 , 6.182496182076252 , 49.62513161041626 , 6.141796794529262
49.661620994513584 , 6.0402356536390975 , 49.62934479135789 , 6.279708712181548
49.627202024176604 , 6.181759804247106 , 49.62121396953022 , 6.1455387215746695
49.56823131836732 , 6.221582636650707 , 49.6111348747685 , 6.136401723999446
49.635111236032614 , 6.036557293260069 , 49.61024122737862 , 6.070975622115595
49.616014209110666 , 6.121089870596082 , 49.60419526169578 , 6.196698439965649
49.62867124334029 , 6.068123818459266 , 49.628033558161086 , 6.194516692010354
49.652908396575334 , 6.229575105115967 , 49.617920880258225 , 6.113982511661834
49.628985047109886 , 6.179475010689192 , 49.643791963263055 , 6.271940431947927
49.620298390643164 , 6.123776312844118 , 49.62863374749531 , 6.128285373733212
49.59705834973022 , 6.1790349611706885 , 49.61350670990283 , 6.137488939306374
49.66368535284425 , 6.271497413913267 , 49.63084043603676 , 6.1145589456547365
49.66698150055488 , 6.017705837977396 , 49.643742296878365 , 6.1411137986967335
49.604994640990355 , 6.128746714509627 , 49.633831661835735 , 6.137983023376787
49.622786630113055 , 6.123697721742427 , 49.59590631847433 , 6.152507199466034
49.63387113290063 , 6.138521324858002 , 49.62748064159842 , 6.173076215249202
49.56233712874669 , 6.091071982865153 , 49.595596325305756 , 6.14301997572566
49.60308154838684 , 6.139368985533605 , 49.596362462628356 , 6.254032273035423
49.618228893494724 , 6.122039333575759 , 49.57829728654684 , 6.065421997694216
49.65397127612267 , 6.122840947686758 , 49.600876296701365 , 6.146862460333209
49.65949639849846 , 6.2431881421713955 , 49.61795707444571 , 6.125444629261706
49.63307136054089 , 6.104217694600073 , 49.610459085139055 , 6.127611036807255
49.570606864090614 , 6.219979669214978 , 49.612278323132905 , 6.153492271267927
49.60981949787556 , 6.149821211862782 , 49.64396781970737 , 6.170875280654856
49.62343212858877 , 6.153403099252176 , 49.61613741574771 , 6.133381586763779
49.593343442411765 , 6.1309190043522435 , 49.599195663510486 , 6.138498897863456
49.632339821587315 , 6.0148301539935085 , 49.62162130591801 , 6.128908615437775
49.64697923914418 , 5.998688726985774 , 49.63031837137407 , 6.20840622849585
49.568539727421445 , 6.119894192981324 , 49.63209771692675 , 6.1390147222934575
49.60990818204847 , 6.147226297321694 , 49.63864906762367 , 6.177135911027491
49.62696625542323 , 6.112062958856436 , 49.60741857011013 , 6.129313730140756
49.63423762960933 , 6.137909091144483 , 49.618909394843996 , 6.119983351030294
49.62054991695016 , 6.044663220862296 , 49.60090696746774 , 6.227574015615782
49.63126887614169 , 6.206647957106226 , 49.654601881464146 , 6.133046760143612
49.60711913490063 , 6.147253189793215 , 49.60290298774437 , 6.165462669744507
49.61406402254663 , 6.139134639858223 , 49.64304046893339 , 6.151090120224063
49.61250749834508 , 6.1387507783785695 , 49.611560948833905 , 6.16048502514482
49.61556200085346 , 6.159786434923799 , 49.66134574539447 , 6.136565257489743
49.65641353873835 , 6.128970456420625 , 49.60057879528818 , 6.154620448075503
49.60769906220069 , 6.241637465267607 , 49.61828882552816 , 6.137782802947008
49.60268957475205 , 6.04773975099225 , 49.584041673912225 , 6.087560238243771
49.61532317402304 , 6.131702289317035 , 49.57990878643624 , 6.099008663747755
49.62795836187417 , 6.045944689095339 , 49.66137212958686 , 6.140900724021157
49.579535682085165 , 6.259985915199619 , 49.641064597936236 , 6.182463897807562
49.59146285044672 , 6.27241256256558 , 49.58005003168697 , 6.1366902262558645
49.664420145403575 , 6.13599039787388 , 49.609762667592086 , 6.272025571088152
49.609908495989934 , 6.151590475405974 , 49.62039806699063 , 6.1245601916268795
49.660348984257446 , 6.211555586078951 , 49.627941486191595 , 6.1777776311084285
49.612368624525296 , 6.113590594060141 , 49.60611901634769 , 6.137449927408154
49.613384334237374 , 6.161959770757991 , 49.59162515583704 , 6.086372118066468
49.56311657343723 , 6.11201545318405 , 49.65074059920073 , 6.272222514460014
49.625165762386885 , 6.121432961780452 , 49.61238755608495 , 6.124185977581609
49.659625501813935 , 6.148444106985289 , 49.58870953833031 , 6.225030086179884
49.627872655035894 , 6.130878155636421 , 49.576788227311525 , 6.145061972916731
49.61259961833549 , 6.173681407019642 , 49.61003275891138 , 6.119973287705993
49.57083400062291 , 6.152467588175015 , 49.632946503125766 , 6.184332173969296
49.636209086505815 , 6.148976620682426 , 49.623105197346 , 6.182616027364043
49.660640867331736 , 6.297744763936556 , 49.61109100455677 , 6.146576914340402
49.61803618976837 , 6.171697311782786 , 49.634824906887346 , 6.126488484564043
49.62055937363002 , 6.07484031822206 , 49.66229012052121 , 6.14055091092826
49.621454000911925 , 6.11530664753265 , 49.59860579969087 , 6.152918151400931
49.64587597223915 , 6.29605171067328 , 49.65891282093336 , 5.983687892800316
49.60711157445104 , 6.13342656262763 , 49.58858990983216 , 6.103201217329668
49.63277482165561 , 6.113034025675632 , 49.63714435134968 , 6.272378739823595
49.59419457140405 , 6.116270540481489 , 49.623659152013126 , 6.1897838788428565
49.605520352679704 , 6.1202354586598995 , 49.57765305737459 , 6.036667443692848
49.6104164407624 , 6.130272939260092 , 49.605210299048636 , 6.004958974221405
49.60385581456625 , 6.130738930297173 , 49.6204762084339 , 6.132825823214287
49.635021810331146 , 6.253276325974605 , 49.6195602720232 , 6.1041184745952215
49.57621086076187 , 6.166512817946228 , 49.59138556786936 , 6.105240262079738
49.59933523612619 , 6.144940041988694 , 49.631034035256214 , 6.118152687968569
49.66775429939608 , 6.320562062932786 , 49.60599096828156 , 6.130575876383601
49.63661244046123 , 6.11326664468605 , 49.60425533003623 , 6.145827624671674
49.61300963727121 , 6.145221367567527 , 49.63153563302756 , 6.14369148978624
49.6306844596481 , 6.030629053841373 , 49.60375239027088 , 6.147537722813722
49.617914240356015 , 6.1158990304497305 , 49.6416607161577 , 6.153720312249196
49.60301332701551 , 6.139437113495537 , 49.599274306838865 , 6.135895277470976
49.655652087693355 , 6.3114787584803285 , 49.62449836020121 , 6.114353155889743
49.627713944361616 , 6.122455506737192 , 49.57939732793051 , 6.159831495378795
49.62116137330267 , 6.1212277322487445 , 49.59623821219436 , 6.149339283679054
49.62636759379389 , 6.173076657296612 , 49.62130887349805 , 6.196950333028928
49.596699560704494 , 6.1371800845758075 , 49.61323009366509 , 6.094813104417368
49.62916297649009 , 6.123414225619508 , 49.60086838907295 , 6.14764108640224
49.61894320477063 , 6.226687936075058 , 49.628687917255746 , 6.1569585617419085
49.60434706983889 , 6.129577314728696 , 49.607833975446034 , 6.137010798530552
49.579526134277565 , 6.128081169430344 , 49.59747351681661 , 6.319227447517118
49.62166508193862 , 6.196081649149346 , 49.59878307210453 , 6.1370221078709
49.669482515016 , 5.996202230925353 , 49.614889785788066 , 6.158543274450595
49.58203559089953 , 6.1248898371288005 , 49.60549360104642 , 6.149961863706948
49.66391512162793 , 6.046286044350586 , 49.5729266001328 , 6.1738622867476
49.60811144289665 , 6.130801374011333 , 49.617938139676525 , 6.112248715713115
49.66520050304767 , 6.135433873901569 , 49.59076520612701 , 6.125426761032468
49.61168429260581 , 6.1221762690788175 , 49.60385998336994 , 6.083180360732759
49.62915353414883 , 6.004646864306846 , 49.622784965953315 , 6.109261701285236
49.63985156730542 , 6.1703991802424865 , 49.595611395814366 , 6.115465990464515
49.58058477238682 , 6.121761535173304 , 49.61168408773365 , 6.276054128887869
49.60455289522245 , 6.133085465221125 , 49.580042034004535 , 6.178945152074009
49.587835665481975 , 6.111332028297982 , 49.62212431731139 , 6.140270128350503
49.62098795721852 , 6.124519119028735 , 49.637508326596425 , 6.179714127737574
49.61542952207234 , 6.070704846419247 , 49.62818669261273 , 6.092780398489657
49.635707233011814 , 6.161381839908076 , 49.61468395211896 , 6.09163771287965
49.598373043857535 , 6.140746629413389 , 49.60777004417677 , 6.148145169133421
49.612275677403986 , 6.1689195108580135 , 49.60343344234014 , 6.154344225339007
49.622984078063226 , 6.155572100639979 , 49.62321299874118 , 6.129970759942253
49.63634704104877 , 6.216467528058527 , 49.65155121336219 , 6.116247617655325
49.64641466761672 , 6.138338155572887 , 49.60625679415348 , 6.1043081800101655
49.63599258087263 , 6.094780768723926 , 49.64333421711823 , 6.146605827467002
49.61215466654868 , 6.11188834166509 , 49.58088630362553 , 6.132362023229396
49.59282055574248 , 6.119283955777052 , 49.60650312600983 , 6.131672541288523
49.63354248426471 , 6.047852976123532 , 49.629001379709024 , 6.18950028354645
49.63086910434926 , 6.176988298603885 , 49.58626694371651 , 6.137048596110507
49.572826097455575 , 6.105780929745426 , 49.60015285774594 , 6.208344934605305
49.60278415413731 , 6.154430332436823 , 49.60848471361524 , 6.151514730218239
49.62228275338247 , 6.167294810584489 , 49.666196373109415 , 6.099314887800366
49.59783823669366 , 6.116767101677225 , 49.58312280614375 , 6.152216515584989
49.60961153484664 , 6.138127317827197 , 49.63112025977215 , 6.131442690384936
49.62264278194834 , 6.100681550891264 , 49.59290156213502 , 6.120189861931197
49.589042937601306 , 6.131840217652446 , 49.602282722753365 , 6.155099658812808
49.629218323394426 , 6.139988957903473 , 49.62946629366631 , 6.286930604768312
49.59155292670086 , 6.165097175854102 , 49.652552892566995 , 6.129751882136815
49.624008908805955 , 6.123118054928954 , 49.61346628820034 , 6.045848180257669
49.611776864471494 , 6.156257720608419 , 49.63744044605738 , 6.168556518323941
49.60272837566751 , 6.130264828307414 , 49.63718812331684 , 6.216700844101496
49.6145904422314 , 6.09713935055778 , 49.620638945826016 , 6.102076930222847
49.60565542348094 , 6.140824031083612 , 49.6013361773097 , 6.131672150300941
49.66490593099775 , 6.264438206512597 , 49.62339129040823 , 6.171812795690893
49.562520701862695 , 6.012809915089076 , 49.60116829428377 , 6.216210827363224
49.600207706661884 , 6.152814626076331 , 49.63854882687757 , 6.144116607269313
49.5994487411214 , 6.135210838108484 , 49.610943166722855 , 6.1537849470831
49.651966227146175 , 6.159169248959736 , 49.625469366769266 , 6.071177367950478
49.56801767065317 , 6.075198824953278 , 49.64578080861375 , 5.978406008404344
49.66754065475966 , 6.089484965366652 , 49.62372266083563 , 6.132884085678797
49.61224092651636 , 6.08128553255935 , 49.61767629945945 , 6.123772037715407
49.63956315522862 , 6.142016693768962 , 49.587117513506016 , 6.143341272257787
49.60456058846122 , 6.136778856387964 , 49.601272400808874 , 6.2071249409689155
49.66914602677843 , 6.2410983976843415 , 49.612385865152056 , 6.146160701205902
49.615104885753844 , 6.2569027657129554 , 49.63870882345404 , 6.196590937617943
49.60177055234233 , 6.132027314871433 , 49.612187382427116 , 6.252854309770197
49.601297483628905 , 6.279175016267741 , 49.62236376701989 , 6.037690345073947
49.625615110491665 , 6.189399451208501 , 49.63891119974143 , 6.238568792711072
49.61326592641055 , 6.105562277763107 , 49.59902105475491 , 5.988273334458458
49.61211355749485 , 6.1194999566840105 , 49.66343889932152 , 5.997346838613278
49.66703147626352 , 6.076237980619273 , 49.650962720341276 , 6.081840306338224
49.664038341843536 , 6.064304378023254 , 49.66933586487307 , 6.296864787494288
49.59743304688805 , 6.150753509829037 , 49.59101340149367 , 6.2378357514967195
49.579442283697055 , 6.1301702687694615 , 49.63746060112635 , 6.1855409627994185
49.61020506544355 , 6.123172731146499 , 49.59181401681136 , 6.147209413875172
49.65965608101355 , 6.120063332117654 , 49.64270586094931 , 6.144777235018109
49.588965121167526 , 6.116552519358145 , 49.62925727650771 , 6.167826412338554
49.62065191395777 , 6.1816133891320755 , 49.620882755184226 , 5.9839972318571775
49.620531241656366 , 6.124192307625129 , 49.62875772837849 , 6.026655482425438
49.60092549467538 , 6.182116646721075 , 49.60982213270493 , 6.151832571303157
49.638031242977746 , 6.142961593634387 , 49.61928168292567 , 6.132464238728973
49.613134298246806 , 6.119930042542192 , 49.61347248187182 , 6.1496970532014865
49.58269823102899 , 6.170281971238795 , 49.62397857797787 , 6.13077398809631
49.599407169419756 , 6.131875277313641 , 49.61196528134273 , 6.148504635068729
49.66513209655474 , 6.157230325681837 , 49.63720145169414 , 6.189604624693448
49.62052952029648 , 6.130832261948459 , 49.63309765001728 , 6.141648394405043
49.59912146059324 , 6.051022420742634 , 49.60980910447055 , 6.121830382579658
49.60360595282105 , 6.153316193127842 , 49.62477851772992 , 6.175684503302474
49.621270973058955 , 6.163694058110034 , 49.59976561651673 , 6.147706231692474
49.60682487157325 , 6.134128494433864 , 49.61178197195713 , 6.149468542281251
49.614652593781756 , 6.131053940069453 , 49.65816333548723 , 6.1126118311422015
49.613047068801706 , 6.140921991417362 , 49.61553240920448 , 6.116633451787421
49.632263871677694 , 6.197979886617159 , 49.61053645839653 , 6.084244740703307
49.57159494902114 , 6.1710741580763875 , 49.62098098994628 , 6.138920364799338
49.609368935337386 , 6.141664657627976 , 49.62672828873099 , 6.161729990136716
49.638062587878395 , 6.14396194281574 , 49.6186173076354 , 6.16594900891064
49.64138186950813 , 5.992471740198992 , 49.664709415840655 , 6.198937911597439
49.59300832700711 , 6.180930335809223 , 49.629239870881754 , 6.150995457819655
49.58729831598247 , 6.122381913163712 , 49.621901319208234 , 6.180804286421927
49.6215824031842 , 6.125951313611104 , 49.621255891379114 , 6.123797627396206
49.6159377678147 , 6.139662656940378 , 49.57959104814539 , 6.127314482419035
49.66036692865781 , 6.138734611724232 , 49.63155988959819 , 6.222687164658979
49.61222357541222 , 6.139659014833985 , 49.64595478691323 , 6.138844452357192
49.6058199938437 , 6.06290118479734 , 49.65103703135401 , 6.25472722547155
49.6621666905796 , 6.051508937828662 , 49.6078775253252 , 6.074214409758602
49.612375697567515 , 6.115947343505034 , 49.65796152831197 , 6.1285012048696075
49.61499976560507 , 6.1407516986973425 , 49.617388463953375 , 6.086175322219419
49.66158946613146 , 6.191029927772047 , 49.57793640034436 , 6.170168910172588
49.61389007571285 , 6.113710187605369 , 49.628927691943005 , 6.110376580196561
49.628302618072865 , 6.101452339269809 , 49.6245434806318 , 6.064853896595526
49.62868468361001 , 6.18543317814216 , 49.622665764339175 , 6.237721210065555
49.61145667220105 , 6.298423359512021 , 49.62345263110858 , 6.164314562821415
49.579122316684376 , 6.001360413554512 , 49.622241466045736 , 6.1904784149641285
49.63463511024022 , 6.14267387771928 , 49.62804922345433 , 6.130873501440134
49.60079328514403 , 6.262310022113556 , 49.579178437355345 , 6.144623086549309
49.632815040138844 , 6.214568069364253 , 49.578674157695865 , 6.14693736593574
49.60495300995714 , 6.136728429615334 , 49.62654837946873 , 6.095745449695497
49.62187588589633 , 6.184981975872867 , 49.64892793369437 , 6.001070963742994
49.63802453629831 , 5.98900840752897 , 49.61990762039259 , 6.114960684671787
49.60200027171395 , 6.27104359470319 , 49.60992542489934 , 6.140567124607699
49.64960581838573 , 6.331884821306675 , 49.62498206754421 , 6.146542404482092
49.5929549289915 , 6.165039414132357 , 49.63853369305676 , 6.222722157056139
49.59601593888095 , 6.140787798995301 , 49.61555172917033 , 6.080609992545665
49.574405177735834 , 6.222314070957463 , 49.630740228368936 , 6.081482548444358
49.66504035771227 , 6.140208374046499 , 49.58709286589585 , 6.156434264240979
49.62441087316018 , 6.145575845240872 , 49.59789887842283 , 6.057098543131652
49.61341276456227 , 6.124836725487855 , 49.62928920723132 , 6.025128829547686
49.62874319026457 , 6.095732763412608 , 49.603756141140465 , 6.156868261749049
49.5999917965885 , 6.135792611442581 , 49.6177048508833 , 6.118992183616616
49.59791387121875 , 6.221216467128982 , 49.64158954582482 , 6.137444769550869
49.65102570651555 , 6.137751603296057 , 49.61808953758644 , 6.157340170034516
49.60338744859782 , 6.1718075675095525 , 49.60420947889881 , 6.213825938448174
49.604331537720654 , 6.321115237977554 , 49.61536224347297 , 6.183192788968363
49.61451433848991 , 6.153573308908417 , 49.57350747376371 , 6.089402072313617
49.619159083980094 , 6.102755030403619 , 49.63683597266089 , 6.138364050856565
49.579376320495385 , 6.090915370690145 , 49.579203708964336 , 6.107001781319739
49.6149019241425 , 6.116646340503537 , 49.63595044039519 , 6.207763604093478
49.64271341700954 , 6.019372441422071 , 49.59937778275676 , 6.20485582155851
49.670917682022264 , 6.0699878160344705 , 49.62901689320647 , 6.056528444995451
49.604801505335665 , 6.113335990145419 , 49.61451169171918 , 6.327714992715573
49.606470430570994 , 6.09277748217853 , 49.61560339036731 , 6.1209323953520975
49.61682140532418 , 6.145030662215867 , 49.656623527593275 , 6.255034358970809
49.614003140839806 , 6.105414322017459 , 49.61012668344944 , 6.098380815439133
49.60514876806097 , 6.149700846957365 , 49.588173315241754 , 6.213066067880179
49.62380658236129 , 6.126623801528652 , 49.61023789829228 , 6.0549564157166325
49.62824409322313 , 6.074171416480719 , 49.61982208415091 , 6.115860513797961
49.62545382356193 , 6.11163159251459 , 49.656369756774055 , 6.128114238636346
49.59530111753033 , 6.1570925272896435 , 49.597356743542804 , 6.137824921877405
49.6100033226858 , 6.1205195369305505 , 49.660323177623006 , 6.1530147643191535
49.594027115888274 , 6.178784539391903 , 49.59565548243332 , 6.173443862892265
49.598281415972174 , 6.19353276874014 , 49.65625095760525 , 6.08325870291676
49.60737285402765 , 6.1495075592441815 , 49.60511841083639 , 6.133314915022298
49.577617293789224 , 6.091326222227824 , 49.58043021973146 , 6.169005007989237
49.56208749688113 , 6.164751307746941 , 49.63497828525361 , 6.117188854481845
49.621247425064425 , 6.088397408676172 , 49.61120363530669 , 6.128407621441407
49.60788032030028 , 6.111167386687966 , 49.67021746888116 , 6.13737195877506
49.63415817405277 , 6.165777991856867 , 49.636911041996875 , 6.134395402871298
49.66060542023041 , 6.228315544760796 , 49.63454066203867 , 6.145528450074431
49.59824978939015 , 6.069353285811713 , 49.62431487074145 , 6.1398711310006755
49.62662853801618 , 6.11548825355411 , 49.61219104391074 , 6.121273108880041
49.61539253433884 , 6.114630485505124 , 49.608265499406436 , 6.102706607847671
49.591644473915316 , 6.134985045076927 , 49.57104498823255 , 6.07371170276055
49.60382101983525 , 6.051450114916131 , 49.621755063251804 , 6.1144649995257
49.61764272658058 , 6.117285788608821 , 49.6622612117671 , 6.1127916597909735
49.60915562586029 , 6.137369715601745 , 49.651151787750656 , 6.028009151398487
49.618093036587275 , 6.1123226773389705 , 49.604883211097906 , 6.111676375739349
49.61424924226227 , 6.096744842289536 , 49.599562931522826 , 6.135109757862009
49.62093230149623 , 6.122567832263329 , 49.66156543959552 , 6.081989395452519
49.64495972542961 , 6.1370649439100555 , 49.562931197348014 , 6.0669806775989965
49.633314366320484 , 6.13197853867054 , 49.61558653990495 , 6.180400201684318
49.62101397850855 , 6.121251970166502 , 49.66353606306463 , 6.07393572013051
49.645708517508304 , 6.099241374006908 , 49.60542431958268 , 6.107799665902223
49.612248938737196 , 6.248420095389909 , 49.61316593336495 , 6.1151195498066055
49.566434781763505 , 6.0657426527951435 , 49.57295433544467 , 5.992097734949396
49.619639613997975 , 6.132238221428557 , 49.61993280490186 , 6.097385369729196
49.643965926271534 , 6.145570832674624 , 49.63477833291659 , 6.176662076070637
49.60573200811483 , 6.149206493695823 , 49.594736234584424 , 6.129201763969934
49.61104555413383 , 6.0951547104259785 , 49.619138439365905 , 6.077740913977868
49.6307809625383 , 6.127693392314013 , 49.60474872270911 , 6.155645916459644
49.608538636608756 , 6.108917419193736 , 49.595669831606216 , 6.12679122903314
49.62058829927774 , 6.169205758791225 , 49.577600754296725 , 6.13949519311516
49.613213537114575 , 6.171657740606232 , 49.66222783979307 , 6.116205039636498
49.6066646892417 , 6.154547523655108 , 49.61228067876553 , 6.149844730546385
49.607650551528366 , 6.145196689891748 , 49.61348090408005 , 6.132862060931827
49.61870669120971 , 6.164360162185059 , 49.60154712836404 , 6.119414882432144
49.65760373088536 , 6.053002249427109 , 49.61663071987641 , 6.147525263593107
49.57644861287482 , 5.986848586517719 , 49.63034011869353 , 6.1413030417575065
49.59869607327571 , 6.1462605855916035 , 49.600041212850996 , 6.276327525814317
49.57286833107554 , 6.31637331316174 , 49.637949457506885 , 6.033800700753847
49.601928122436036 , 6.144635618374664 , 49.605777971139325 , 6.153585318285929
49.59999714820816 , 6.146520675044514 , 49.646005454601266 , 6.322861067805855
49.60203933421763 , 6.143810284686128 , 49.60356115491128 , 6.125352937867836
49.63136585370634 , 6.12382185960657 , 49.6692948208768 , 6.021164907924801
49.57892563165252 , 6.170446137007412 , 49.66850674260123 , 6.084395380874071
49.60438344497588 , 6.1490306523080385 , 49.59696940568029 , 6.139975959115338
49.58536446832528 , 6.107238185455732 , 49.637858573704136 , 6.173897684619872
49.56405189657873 , 6.229686264751554 , 49.617692747725854 , 6.065937073690905
49.634196502503194 , 6.05577521299201 , 49.669838514276776 , 6.3036881868872285
49.58627590205771 , 6.1561646019768625 , 49.59405095264034 , 6.155368843029981
49.61358252704381 , 6.0648172328279735 , 49.620432744742736 , 6.112361465673125
49.60941171995449 , 6.211454871131458 , 49.61423876386744 , 6.1173524757799935
49.61080967221825 , 6.117794397528597 , 49.62207470704991 , 6.147461618306787
49.59564897085099 , 6.1529584525627214 , 49.586336186122814 , 6.054425661014397
49.605297026847204 , 6.094809324952497 , 49.64607819010128 , 6.272502818906288
49.62825114269704 , 6.124013505699999 , 49.631990042175595 , 6.178848968394327
49.61628596665248 , 6.111731798513616 , 49.61795192221454 , 6.122988840646522
49.64399674205775 , 6.087995583432106 , 49.659987176652216 , 6.30338927246212
49.61539817783774 , 6.153518280264067 , 49.63123882195503 , 6.262048759036118
49.599723951673376 , 6.14827008809498 , 49.58766894737518 , 6.24579050772884
49.614766664402126 , 6.1123946872596715 , 49.615820063567654 , 6.11853141170231
49.61854303589042 , 6.17051819028343 , 49.61442104597868 , 6.164550525974052
49.59720298443315 , 6.129901765449292 , 49.62011427488379 , 6.1164119900576095
49.597426129357174 , 6.162119954570744 , 49.60650606508968 , 6.0861450450811345
49.57258899203161 , 6.314382356906889 , 49.67086495561757 , 6.0859944599487115
49.66266086964408 , 6.084369578916076 , 49.59670795340501 , 6.139968343639959
49.583554774535024 , 5.986542811427956 , 49.647249451966 , 6.134406193263633
49.60351896906958 , 6.140505336399852 , 49.59465781703063 , 6.148649040094314
49.60242544863104 , 6.131974380524439 , 49.609644448928634 , 6.059739365391158
49.60543736524106 , 6.077262828645248 , 49.61103310292338 , 6.327150187159225
49.62788414715692 , 6.020010250985069 , 49.625211653652265 , 6.029404983984221
49.614077881284445 , 6.113982761113149 , 49.6130729344917 , 6.169726538241216
49.63845999893982 , 6.213563988262397 , 49.582429097174284 , 6.130917913549718
49.62432422575205 , 6.137319361664803 , 49.59228225018567 , 6.140269692825896
49.66539343274641 , 6.15169691023345 , 49.57358878052483 , 5.989390593696266
49.6323639345478 , 6.155056060530225 , 49.61931119177641 , 6.15935380759439
49.639860242800495 , 6.017457966320188 , 49.57341242331672 , 5.994372788997196
49.61872890038476 , 6.138452126429714 , 49.56467767221916 , 6.176200820409849
49.62385647415741 , 6.188937768356992 , 49.62783203323877 , 6.0619235451424816
49.60656137302095 , 6.156247361960704 , 49.596895584258746 , 6.224826941034499
49.64128363921094 , 6.140069712850515 , 49.61586665443184 , 6.053081313505443
49.60443861951557 , 6.229264840107879 , 49.62745578926644 , 6.071908612621837
49.638134310738494 , 6.19134428921023 , 49.641414503579306 , 6.228322457782642
49.60640633361121 , 6.1706560816506615 , 49.56431420790814 , 6.086140017700656
49.66644577707211 , 6.294456811923669 , 49.61569700775546 , 6.028941109411533
49.637548787296105 , 6.154050987980226 , 49.592350126066854 , 6.15043403621
49.637953306821174 , 6.016718624174313 , 49.63769293282757 , 6.1735127084071975
49.621032467272855 , 6.199790467522329 , 49.60986495814413 , 6.2736843012281165
49.599271225126614 , 6.126466968628367 , 49.602048422403776 , 6.146901025933158
49.617352370291115 , 6.115123787977099 , 49.62423172111616 , 6.142570267785707
49.62191694906354 , 6.307907579022783 , 49.622427075812055 , 6.153143195361505
49.602784766042035 , 6.150788107203986 , 49.65968363673048 , 6.158138913338785
49.61228045530127 , 6.1260320489873985 , 49.63791443190295 , 6.217702250786578
49.579209120931935 , 6.1721734397128545 , 49.591316540416855 , 6.146533743789579
49.58783516453034 , 6.2159039717682445 , 49.58714675638171 , 6.257539282032579
49.62830741461725 , 6.174278196523944 , 49.614128691566584 , 6.12113815880768
49.60345477159643 , 6.055422944564919 , 49.636504287209426 , 6.081666188589194
49.610476783826385 , 6.122427869981018 , 49.64110158544363 , 6.2169586788681395
49.61010448884945 , 6.071746571720416 , 49.61551823869825 , 6.128421665018665
49.64996949026136 , 6.1284802523669075 , 49.620883069563334 , 6.123591321740614
49.64416443863825 , 6.189754693586551 , 49.633936742507736 , 6.068574512239487
49.62102651604043 , 6.075414248156069 , 49.629187783929055 , 6.088502536573399
49.596147854214145 , 6.1373833087862595 , 49.62211755291484 , 6.170671981823166
49.60204332819875 , 6.132320590103347 , 49.60604184563156 , 6.081538739980464
49.613449887116985 , 6.115013192243091 , 49.5977176653883 , 6.145367376103726
49.63512570863769 , 6.1621635901808025 , 49.58608984460812 , 6.090808006281499
49.629021817372646 , 6.08003151811309 , 49.656096189956074 , 6.255705301345734
49.62318920469979 , 6.221138072394523 , 49.60402914507134 , 6.096727287383912
49.63580564308679 , 6.146989086302048 , 49.60412075856484 , 6.141487003470145
49.63559759332376 , 6.1548649113931555 , 49.61160635884706 , 6.1559231205216545
49.63352609240057 , 6.154215753249738 , 49.66784014731019 , 6.2488938046069595
49.60450466501014 , 6.121876980919865 , 49.62110284720822 , 6.181086339893055
49.599368788152205 , 6.142844153022205 , 49.60984669051557 , 6.111207404576037
49.59564010667213 , 6.140947956011264 , 49.596414783662 , 6.156632460941193
49.6496106867395 , 6.1569699986865825 , 49.61685627495341 , 6.053237406060604
49.60418875025145 , 6.21289649576553 , 49.62118836838499 , 6.0846399849878665
49.625573870287226 , 6.1782396118259015 , 49.66811430018247 , 6.163001350035791
49.60648520926032 , 6.129388714239034 , 49.59392048735468 , 6.145157013703477
49.56629971296403 , 6.00281461100891 , 49.66209590335356 , 6.2534639486236046
49.61031735391101 , 6.136520629916973 , 49.63624913362823 , 6.031332335503578
49.62621631296221 , 6.010539822096303 , 49.62211005283415 , 6.155540549605907
49.62122640743149 , 6.181286476462339 , 49.59957537551369 , 6.131946126036685
49.62084531238201 , 6.132745284107527 , 49.66324187998679 , 6.089884562387253
49.58877363921088 , 6.147525745124115 , 49.60078532699129 , 6.154283068411908
49.6094557167297 , 6.110721665819965 , 49.62912625414482 , 6.111251561972222
49.573608525420774 , 6.158231162893209 , 49.60578393039022 , 6.1337906273057605
49.62701146068896 , 6.171645897445077 , 49.592210151366594 , 6.156214464683054
49.6031558305801 , 6.133901333136105 , 49.578797884495295 , 6.111415901603967
49.593429280794766 , 6.138596151939648 , 49.614858298911024 , 6.148377294044921
49.599413211917046 , 6.145676289714663 , 49.62348282361025 , 6.187675345277022
49.62346611436392 , 6.105489998821156 , 49.59333728613906 , 6.135388332841834
49.612230061590644 , 6.122075591952821 , 49.621054004632434 , 6.15749190068298
49.66363902715592 , 6.08976200280487 , 49.66593320657671 , 6.1449491214246
49.61473762764098 , 6.065320578366084 , 49.60943007089139 , 6.1113658866205665
49.62932439930419 , 6.17483343858133 , 49.61926718801251 , 6.063010770786631
49.62139058006217 , 6.048837455332647 , 49.59941312224448 , 6.160546105464522
49.61384457448861 , 6.134924021175535 , 49.62800358417527 , 6.128780563251026
49.62454832548095 , 6.0218164337973175 , 49.609963796677945 , 6.138940231153766
49.57905241693876 , 6.118034311629733 , 49.604151306373275 , 6.148271725127839
49.6183272782694 , 6.146816562374022 , 49.58794061548886 , 6.176457734698399
49.66153648174152 , 6.1340425662629645 , 49.616696814205696 , 6.058180264190615
49.60141292148109 , 6.223710976933367 , 49.595871729946275 , 6.1412385756562715
49.621087801610685 , 6.076335145823826 , 49.65476717738778 , 6.126515319649518
49.58830133735467 , 6.155103757306274 , 49.629357435489155 , 6.129015770929079
49.625864842974025 , 6.197211011768487 , 49.628182375430185 , 6.102756250388445
49.57020677269792 , 6.156083624314584 , 49.62862810749861 , 6.102768263082125
49.576773759087416 , 6.284421489170723 , 49.613618731725666 , 5.988330038801642
49.59380110191116 , 5.978063428792871 , 49.583410002395645 , 5.996843156878341
49.63752013439665 , 6.131945936242544 , 49.6288849971762 , 6.090447950399065
49.65590123596755 , 6.251720540589751 , 49.61543512798581 , 6.166312655454086
49.621724811795865 , 6.18778774711746 , 49.654779682921756 , 6.249982015651792
49.62235933607592 , 6.141347858687142 , 49.64253171055509 , 5.997860758498669
49.63605971018802 , 6.183298269329334 , 49.6151884136825 , 6.126043516169486
49.59504031412165 , 6.170148532455312 , 49.66382902123656 , 6.112616642182676
49.59822145181456 , 6.136772905994589 , 49.63968636396212 , 6.150070721082257
49.61572596335995 , 6.117193993768593 , 49.66521712138262 , 6.156877155628008
49.64468034559354 , 6.160684521681813 , 49.57690889401787 , 6.154145050234698
49.59726372581372 , 6.105235636329809 , 49.600838761338814 , 6.148847187826732
49.66354023665081 , 6.280717643486154 , 49.62157301973632 , 6.088776166865309
49.664993809513355 , 6.157824216083677 , 49.604024273843 , 6.123808661664372
49.60593746514945 , 6.137094312101465 , 49.6041861139972 , 6.220511761491741
49.6598305732724 , 6.264959289687211 , 49.659906602315665 , 6.130291692393528
49.60644973721451 , 6.327330579619035 , 49.60747732266294 , 6.1209172791126
49.62377602358446 , 6.279985781435951 , 49.64500068870434 , 6.032209334235769
49.62703695671913 , 6.146377206892195 , 49.640999317082006 , 6.114462177221885
49.59547404676688 , 6.162420595717676 , 49.60637484660467 , 6.1457405088516674
49.59696928612427 , 6.205929890186663 , 49.563087141191026 , 6.1149683989068375
49.630754087806324 , 6.163386884324489 , 49.62080851468161 , 6.063864958841624
49.6307850108308 , 6.1824971538838 , 49.609241715161446 , 6.150464674860863
49.61197688400674 , 6.129939549045581 , 49.60396556292368 , 6.131495327544258
49.64052549919715 , 6.020515717835857 , 49.5957986528282 , 6.190729486432168
49.611973696154024 , 6.1486132355398375 , 49.658603549897165 , 6.130440617093631
49.58775450564026 , 6.13316105441979 , 49.631683644374505 , 6.07014396568718
49.60631499693399 , 6.132236368957187 , 49.621894390969565 , 6.115113849154102
49.57037240533877 , 6.079954370556612 , 49.615161408037956 , 6.163038751245327
49.61266331733402 , 6.165697934223503 , 49.655684425217444 , 6.141893941537817
49.62076648203641 , 6.133982547915647 , 49.61187322312849 , 6.118677860675025
49.59323523114205 , 6.203552755535871 , 49.61850106156692 , 6.163649619171873
49.63196102952621 , 6.014969800432723 , 49.637141944725094 , 6.166702935974811
49.62272160477197 , 6.124635334053452 , 49.620654159218695 , 6.112841939100579
49.637401726839045 , 6.143250310090497 , 49.59720279662292 , 6.056039970818226
49.64130508141326 , 6.174782255346475 , 49.670221382845774 , 6.133350186181842
49.59786603009876 , 6.136976646695508 , 49.62400028021918 , 6.038674382999776
49.604273976768624 , 6.150381814594862 , 49.60128721196504 , 6.147593573725725
49.60502906628006 , 6.141844107474531 , 49.642305709067216 , 6.275098620313406
49.60416419422392 , 6.15571218707472 , 49.63627994244244 , 6.0245859824863315
49.59992083871142 , 6.14457330667565 , 49.66230631833339 , 6.314607817994081
49.60223376160361 , 6.1507034228673785 , 49.59373524971163 , 6.092394825042483
49.608350774983016 , 6.148625922455476 , 49.61357613699572 , 6.096589044616547
49.61642389182911 , 6.126141305769125 , 49.61311867742392 , 6.190640468870741
49.628924229026 , 6.133981388989072 , 49.612019851495106 , 6.144855433583853
49.60562916627726 , 6.133940892495829 , 49.61404040940623 , 6.116479151355995
49.579734161776955 , 6.115198937081734 , 49.670085519534624 , 6.06468584127198
49.62053613736589 , 6.099257810327258 , 49.601076704423434 , 6.13855462357985
49.61237257517028 , 6.11507786587093 , 49.62417430082813 , 6.113740021549557
49.64835193687384 , 6.091592863132925 , 49.616813612690095 , 6.1647243079059315
49.59113253706285 , 6.145021670315167 , 49.62253862221553 , 6.111504616184691
49.61284705834635 , 6.148862518579004 , 49.61988744312106 , 6.0554814718821675
49.60445135589114 , 6.057466795008359 , 49.60129277808876 , 6.132038508821846
49.630164053599835 , 6.136326760264047 , 49.60182238382138 , 6.2531519138824665
49.59378275674959 , 6.157444142663191 , 49.601706038052534 , 6.154648911866707
49.596074579584474 , 6.14283174841222 , 49.59893040630003 , 6.194752544397594
49.60497129124909 , 6.063968299708507 , 49.62485814261614 , 6.157655052142177
49.62570019756613 , 6.164562620127089 , 49.60988981767626 , 6.167998767666255
49.604918102419326 , 6.093053907167972 , 49.6314999076995 , 6.222576105119694
49.60682691843737 , 5.984167297210313 , 49.598647200385244 , 6.136879731108897
49.66289108305829 , 6.136208558255157 , 49.6563469161257 , 6.015675987444424
49.61259450032338 , 6.077194349812473 , 49.6169581575232 , 6.121834381588028
49.620132811949986 , 6.0739694792653705 , 49.585612708797676 , 6.164750681281313
49.63489810195354 , 6.145004784903718 , 49.631017946236625 , 6.1303953355286644
49.63758839780129 , 6.242286765698869 , 49.60491762108194 , 6.146352949723518
49.63989130018109 , 6.03455794286088 , 49.61464354276143 , 6.13137036222681
49.62832357697789 , 6.014198944845517 , 49.61269547141397 , 6.140381334930033
49.60192965944428 , 6.146420760307145 , 49.60518157827362 , 6.265608410321108
49.590479901212774 , 6.133245885015796 , 49.66723580105851 , 6.073338181109763
49.63375262620107 , 6.033460101783996 , 49.573550586815834 , 6.17469446913927
49.59113063031406 , 6.13662085944047 , 49.584532597477754 , 6.149102236506069
49.60688926477969 , 6.129189641462204 , 49.639653886377474 , 6.154022482422294
49.618886950410854 , 6.063937510629655 , 49.64560138037804 , 6.324283154941398
49.617438507840355 , 6.183709978540756 , 49.65255077560384 , 5.988455689546765
49.61871508657322 , 6.095836128255814 , 49.623352907611384 , 6.0714590459189886
49.656737941444334 , 6.036116255383453 , 49.59210419600578 , 6.092753927677131
49.57327149996992 , 6.157973975375483 , 49.59734365677878 , 6.15093971166365
49.594675052439754 , 5.98999284017765 , 49.60478995866684 , 6.144498848221535
49.60408732822302 , 6.131672755014026 , 49.619210347947934 , 6.11990611967235
49.58474970673862 , 6.16102310441363 , 49.59958688498619 , 6.1606526470586775
49.667881741015805 , 6.146509895926198 , 49.58357449971226 , 6.137535509664033
49.63135200864415 , 6.0373802162793035 , 49.62073113135708 , 6.101539120424747
49.65874893759903 , 6.189969697884431 , 49.63074404355501 , 6.149981598274396
49.627202626833466 , 6.117157909103191 , 49.65003213883775 , 5.993212338047021
49.604523623537176 , 6.079596075534906 , 49.604380840530006 , 6.1430084837887815
49.61069235118458 , 6.112751026577419 , 49.647657214606895 , 6.1779070579100495
49.59524333076141 , 6.170136148495641 , 49.60644832218689 , 6.111792247154858
49.58710236513517 , 6.122598407871978 , 49.62075600937368 , 6.187207614288675
49.61153215322109 , 6.147296310506153 , 49.62596222536453 , 6.125857877830843
49.63046110889664 , 6.117313928704725 , 49.63290656763178 , 6.031458258745401
49.629119336950644 , 6.118151602469644 , 49.63655163707551 , 6.114830539224717
49.60421484511376 , 6.060084313277332 , 49.63495066265966 , 6.128217682211566
49.61927055081912 , 6.116056680858287 , 49.59649463907733 , 6.2151962103375835
49.616403921666006 , 6.1344688875285875 , 49.638231554687536 , 6.1497464723945825
49.63331808697129 , 6.164702856772869 , 49.59421302134665 , 6.149003641801606
49.63849110385968 , 6.22127814386041 , 49.61502389083158 , 6.079060720589834
49.62633338973117 , 6.1186704959616955 , 49.60551946614349 , 6.080924197365953
49.624734010630384 , 6.123466662883678 , 49.585382850615154 , 6.118155584814234
49.62256840165201 , 6.131273700169143 , 49.62848236732081 , 6.138909146591968
49.59874575739907 , 6.132824765385852 , 49.60466690238995 , 6.046219963387516
49.61627161211926 , 6.113624286445778 , 49.62691739956805 , 6.17886164451633
49.595687992448 , 5.98779314819581 , 49.617725000874735 , 6.106899023788139
49.61436640197727 , 6.102560618308034 , 49.59541972570061 , 6.147727898554566
49.567441028147606 , 6.1066538182694945 , 49.61232227127238 , 6.13308571364901
49.65628736645571 , 6.2669477402848415 , 49.6181300187203 , 6.120040318488509
49.62036406550747 , 6.07081368300895 , 49.60890405846527 , 6.098567540550332
49.62906981235356 , 6.061636440557345 , 49.624180839490116 , 6.053926889250065
49.618247362377645 , 6.15457140628072 , 49.61975422004106 , 6.101086229461224
49.631070711505984 , 6.1572116895097935 , 49.634702878797874 , 6.121631990635784
49.63356991415153 , 6.278796201439646 , 49.604815145627576 , 6.131943962014545
49.64594092351787 , 6.165331366463624 , 49.59972236220223 , 6.140595277359577
49.637837728262106 , 6.108194477963514 , 49.649522466436906 , 5.999116924464856
49.60383127585203 , 6.127748213845499 , 49.64515249199067 , 6.237328225313846
49.598146244708914 , 6.17146242213475 , 49.603448427831246 , 6.149096835286288
49.626301890261615 , 6.196569449003349 , 49.60336274408389 , 6.144053127159436
49.62197468545334 , 6.122220993705246 , 49.632959596360564 , 6.014155333195153
49.634139256656105 , 6.1352504480747365 , 49.58299314100679 , 5.990079435269158
49.58982616633911 , 6.121683956419474 , 49.59933082133 , 6.147572816034153
49.60096242361435 , 6.064264854416537 , 49.58769574279154 , 6.144808262781268
49.627605574076426 , 6.1196381628087595 , 49.590317049156226 , 6.146629503445368
49.60985318178548 , 6.114551118591575 , 49.65570157617869 , 6.136822961775467
49.61793984921918 , 6.116145100264477 , 49.63125770764957 , 6.209866876951775
49.63056659404136 , 6.172113070701297 , 49.59867055879276 , 6.137812637491856
49.64347403222222 , 5.997218567779629 , 49.615047389695455 , 6.320331949398567
49.583844245406084 , 6.157643394677786 , 49.65038724067045 , 6.142328976571695
49.649725712882145 , 5.991850282021344 , 49.623276659262565 , 6.1074371393453095
49.59975376847246 , 6.122696655080303 , 49.6210433828367 , 6.171869912974521
49.62007897370022 , 6.115500592830364 , 49.61782644638903 , 6.18165373970482
49.61499862453481 , 6.188979065241493 , 49.62908899112458 , 6.187617090176479
49.609822611381034 , 6.106646144396345 , 49.57680107276551 , 6.275232057840495
49.6053923325608 , 6.118766039227827 , 49.61863985849515 , 6.1244083143161205
49.61212830729434 , 6.1788337117931915 , 49.65177958639034 , 6.138597623181448
49.638078235688496 , 6.292109952946221 , 49.633867595658536 , 6.172065461450958
49.59320766303554 , 6.14001025500605 , 49.62786366733551 , 6.077696139150769
49.611536541152304 , 6.129186414353178 , 49.65540891422084 , 6.108509916071659
49.65801957980714 , 6.2560346254901225 , 49.60095805056436 , 6.0287719302913985
49.59867664784259 , 6.129475270892303 , 49.615947852460025 , 6.063669171336831
49.57095021237975 , 6.004258778764084 , 49.62899967764581 , 6.104938316675623
49.60426292951574 , 6.113470889884635 , 49.63945600864207 , 6.179449564598501
49.59475306911888 , 6.182169628302115 , 49.62840704596804 , 6.057110741599011
49.56741506325221 , 6.147991633652068 , 49.584447317322784 , 6.1581802777852275
49.62189007881624 , 6.199712560262438 , 49.622531796820375 , 6.132926034374442
49.62245860878523 , 6.315680744825697 , 49.56337589187738 , 6.156171610377202
49.641925294972445 , 5.99333845740504 , 49.62672181494149 , 6.155128802278577
49.60307099010662 , 6.146709443136184 , 49.64781613133117 , 6.141757669573536
49.63376029018809 , 6.137451824385956 , 49.66767840328164 , 6.076522597154394
49.60262923232174 , 6.1475055938928795 , 49.59680789907306 , 6.145568892264795
49.61232427159337 , 6.211102479015457 , 49.62019547606382 , 6.112137958352851
49.663315040654204 , 6.300782201014294 , 49.61072891872056 , 6.149672977520865
49.61243368306934 , 6.144763563557609 , 49.64497852754082 , 6.209285247340378
49.61763567805496 , 6.112091958397877 , 49.57965645144484 , 6.2693825796444775
49.605427094732796 , 6.149662594043757 , 49.59969953796553 , 6.148383240972449
49.57321795338441 , 6.155557545280699 , 49.624015928352854 , 6.181307897959325
49.61224233811402 , 6.133964449826008 , 49.619638712948216 , 6.125048123346937
49.583107928356355 , 6.147844058310913 , 49.60750492401795 , 6.083633007324449
49.60637592544077 , 6.158056127097282 , 49.640183340566395 , 6.153844921902858
49.58143438446858 , 6.139013489683298 , 49.59719755124157 , 6.226126762936605
49.64217859092506 , 6.1567586251601405 , 49.63321336246404 , 6.03031091172057
49.62749900691479 , 6.189647437746561 , 49.602094330365475 , 6.130251686394379
49.610882675742495 , 6.132880779396255 , 49.6344502796755 , 6.153277029646071
49.6259808912175 , 6.166230627261163 , 49.5903930114527 , 6.140212329931632
49.65222553609976 , 5.998221998313894 , 49.62597226332604 , 6.115862768221265
49.61458218277861 , 6.061627121163152 , 49.643585393867134 , 6.137161478903525
49.57920967657616 , 6.137675747080047 , 49.61096093189919 , 6.13083240173917
49.625364942394945 , 6.207543128082606 , 49.602718242957366 , 6.110134199014882
49.64204096420399 , 6.242566588446683 , 49.6252510860814 , 6.117919015390841
49.60812318643902 , 6.147256920918399 , 49.57162516137534 , 6.160935455652367
49.61677886345674 , 6.107308186146097 , 49.58107625115108 , 6.13170661725423
49.582866585487956 , 6.140210154012493 , 49.613338600860565 , 6.114128363086899
49.603378792879276 , 6.124216740270455 , 49.61125434340814 , 6.146086768100056
49.61584317195932 , 6.141391963644641 , 49.592787018913505 , 6.270025622875943
49.621481674046045 , 6.133359694966437 , 49.582048625142164 , 6.014444246217657
49.62950528474322 , 6.16472646332252 , 49.62550217569415 , 6.130363814111084
49.65237649431044 , 5.978469854622237 , 49.662150699446045 , 6.139825239594006
49.62447247070377 , 6.18962527649104 , 49.6019425832512 , 6.122397236985829
49.56863025496708 , 6.085172955104157 , 49.645704482553356 , 6.186839340653112
49.61135741911102 , 6.131942384462349 , 49.61563749978196 , 6.103386613529348
49.58755526954437 , 6.126018085983352 , 49.628419939247784 , 6.1515955159477675
49.63417413983342 , 6.071132078676261 , 49.61053595833217 , 6.123131575123945
49.65485328648373 , 6.147250455598393 , 49.62723524506881 , 6.14452341587957
49.60760724041716 , 6.136006209092229 , 49.570882573508854 , 6.147610158973233
49.63349819443926 , 6.129359154900306 , 49.62810107564255 , 6.181003990466877
49.642382037276796 , 6.187124107844045 , 49.61221660719852 , 6.111837143640282
49.62703352171152 , 6.170753282504594 , 49.615169670553065 , 6.158035345720412
49.62241198935311 , 6.176002342117338 , 49.619645958714614 , 6.053479512177582
49.593223148575866 , 6.145411083400226 , 49.620451787249976 , 6.014876894301512
49.60674084415113 , 6.079203184647273 , 49.64798496435431 , 6.1385805594794665
49.61243384398294 , 6.137988050113529 , 49.658556317490444 , 6.123155140692831
49.60722221715868 , 6.145504968863984 , 49.62021272822515 , 6.16765687762973
49.58072593022877 , 6.044499192356148 , 49.61208386366947 , 6.1517319289358605
49.619743641348926 , 6.130182339943054 , 49.582123405178585 , 6.004997851602338
49.59991175450409 , 6.1221348031946725 , 49.640225198596454 , 6.179813110761044
49.642488300622766 , 6.279427113372567 , 49.562608866348334 , 6.084275411284756
49.63818661703113 , 6.174257107157664 , 49.62705725341245 , 6.094989179365161
49.5766115446754 , 6.283820416010081 , 49.658202836336635 , 6.080660578578023
49.631892838686205 , 6.10082854049231 , 49.60356576532166 , 6.1356378070016095
49.6024285839194 , 6.138116569972795 , 49.64135563219034 , 5.986451604468381
49.63749143033517 , 6.184030285264701 , 49.63265773840483 , 6.125072833679021
49.5980928646364 , 6.1405663975621545 , 49.61694092273664 , 6.075032917321457
49.601186741869775 , 6.1380276307655 , 49.57031580263979 , 6.1365891026948605
49.631422414983454 , 6.123372992926399 , 49.607259185886385 , 6.114968949945037
49.60509367719256 , 6.173610424978707 , 49.664265742161206 , 6.139055871757518
49.57095741732314 , 6.147523857725507 , 49.60077343742639 , 6.157794849874473
49.631744977017235 , 6.132819956207758 , 49.56789380443486 , 6.1749198211302305
49.60846561827189 , 6.132661393038838 , 49.61481316559041 , 6.2416410250290095
49.62196825457618 , 6.035737195585688 , 49.629285980614455 , 6.185972609535993
49.65305385921335 , 6.121538519488797 , 49.614329954479885 , 6.07814248808303
49.59870913033698 , 6.137235216738917 , 49.59159935253399 , 6.14810883692919
49.57680933147476 , 6.147760848862261 , 49.60698503003372 , 6.113835797063533
49.619574290321374 , 6.129698556071366 , 49.66856627280784 , 5.996293081735774
49.639821457223576 , 6.128159068300903 , 49.59187257187704 , 6.1078434654224045
49.59593064974307 , 6.017990038535023 , 49.60078530338004 , 6.1459720862170375
49.6416620833238 , 6.148743456459706 , 49.62818139767614 , 6.171527779414529
49.61207021897188 , 6.140515035511226 , 49.58015265217731 , 6.098777268053999
49.61424674271848 , 6.084227409759931 , 49.61708606494716 , 6.171557997671277
49.61056225058292 , 6.135226863726452 , 49.62906804862655 , 6.034121691675078
49.64323253735072 , 6.2424513905151615 , 49.57155804094406 , 6.157690250305753
49.610158564323385 , 6.134383545120685 , 49.576013070015016 , 6.1470228612810836
49.64477517532095 , 5.997191575728663 , 49.59706062450026 , 6.126049207721212
49.61260995696524 , 6.069953408397717 , 49.63123732591548 , 6.220792328647553
49.59425780362591 , 6.2007729197240575 , 49.6213132829033 , 6.068966686300126
49.61633524982393 , 6.130284459396952 , 49.62579438058634 , 6.261276885381377
49.66797786063883 , 6.135337886409511 , 49.66469229932431 , 6.128871925975784
49.64565774083664 , 6.180236825205685 , 49.6227142952489 , 6.184494905007515
49.63702292906379 , 6.026934833782992 , 49.599722035076944 , 6.155059271998983
49.66478457181739 , 6.080331105082469 , 49.62923857676798 , 6.131409275880653
49.63949746855702 , 6.137861005708365 , 49.61625364543871 , 6.097967955173607
49.63552443119722 , 6.172176841651929 , 49.62947760413492 , 6.029088348571411
49.6012204548573 , 6.135284062684825 , 49.589324890866266 , 6.15402238796365
49.6084567592975 , 6.143940899318331 , 49.613281797571645 , 6.16882405432493
49.60043340777871 , 6.152054415463993 , 49.58042800276341 , 6.134791188731531
49.64336472055593 , 6.133516605110056 , 49.6500546982862 , 5.989351545862519
49.579165812483794 , 6.164398939955593 , 49.66143793429505 , 6.281739274797267
49.615126914154374 , 6.266736941665899 , 49.61200617590463 , 6.129218055832239
49.61847286095772 , 6.22171927452503 , 49.64474352800105 , 6.075141981695848
49.61665372190488 , 6.1146703140035354 , 49.62567493945136 , 6.191241212233128
49.619560965899076 , 6.182427362449307 , 49.60776447340817 , 6.155494396568664
49.60842816680293 , 6.32532089481123 , 49.58986289737274 , 6.112282370917101
49.664002816059394 , 6.146048231602435 , 49.60529877506622 , 6.14404350144054
49.60239684193411 , 6.11477423501154 , 49.59571909544907 , 6.1829381056663335
49.62311131084756 , 6.1253770086734125 , 49.63692112113742 , 6.124574875662486
49.63987538323232 , 6.030949614471394 , 49.59781279074073 , 6.136608853047645
49.6284074777969 , 6.12620061492879 , 49.61104973501424 , 6.139088716992268
49.64939248857533 , 6.1394091267169815 , 49.62437136004933 , 6.181196720190576
49.61936507251366 , 6.162011208237987 , 49.63427138347011 , 6.03323603992922
49.661328161447244 , 6.1324676588191185 , 49.662122129561084 , 6.316579626935554
49.599037662519656 , 6.128593424467687 , 49.57321634330867 , 6.147349340676006
49.627793945539786 , 6.158436145643791 , 49.588438408630445 , 6.1474555789693826
49.58667180291007 , 6.141280547938172 , 49.604675192221684 , 6.137654602499823
49.626773318674985 , 6.196090835569925 , 49.63221528393397 , 6.055018095487787
49.62037000230506 , 6.047174680827446 , 49.60946643031149 , 6.144020092418418
49.66198155389784 , 6.1348795974285215 , 49.60708514851826 , 6.065119534858699
49.60530991272902 , 6.128658996454564 , 49.605003440883635 , 6.095544680383198
49.59167840740456 , 6.134490746891831 , 49.59602294191623 , 6.1184961392721116
49.62783531919667 , 6.178657329873712 , 49.62029219510879 , 6.071069366165002
49.637127677722575 , 6.171130658068444 , 49.62131554031874 , 6.11951326659793
49.62857761811883 , 6.310451720153218 , 49.61131814160216 , 6.15660940961648
49.62530664535994 , 6.12517504475225 , 49.60462147892273 , 6.115984999677225
49.61794977837894 , 6.116464643052761 , 49.61381519627647 , 6.170218280178856
49.6685745927493 , 6.083912758498301 , 49.63566954398841 , 6.156119406167863
49.612189407087705 , 6.054924152100291 , 49.61126830121381 , 6.082457534797945
49.58679567060673 , 6.094765111318079 , 49.595663703960014 , 6.15201130757004
49.6516637338704 , 6.142749627902608 , 49.631421832882346 , 6.186764711299442
49.56310112190559 , 6.02500040219713 , 49.61862398596345 , 6.114851098481184
49.62071859421987 , 6.191078477044631 , 49.617799330220365 , 6.128242367462089
49.65113903867513 , 6.082957967802078 , 49.59415187565742 , 6.145868078055523
49.595200952577684 , 6.136596381533931 , 49.629539472374695 , 6.169943870965149
49.624103634642815 , 6.1189220162693365 , 49.59887623669011 , 6.130703774151218
49.64668632093603 , 6.147861639371331 , 49.60995041288897 , 6.121699219025389
49.62873674498139 , 6.108329765786638 , 49.64437252954893 , 6.081022867229025
49.63733750310334 , 6.1875796145745365 , 49.62692173785086 , 6.13482891840736
49.616447015672975 , 6.0746430900283395 , 49.613529017599895 , 6.064195672354061
49.64334330484463 , 6.2746159578856675 , 49.61098735901682 , 6.120379859959249
49.60487800770237 , 6.009714008780698 , 49.58458517085077 , 5.9831024196162
49.621923526631996 , 6.123152376917876 , 49.61867124457116 , 6.115747215912256
49.605841158718206 , 6.155441712799382 , 49.60925979489364 , 6.153121837863409
49.58937111818233 , 6.173022949592135 , 49.65341425247371 , 6.089543929460966
49.59822423323058 , 6.128349810819899 , 49.62517536595789 , 6.206219965246048
49.58818875834639 , 6.1873879359906345 , 49.595864906476166 , 6.147023591380828
49.606852731558064 , 6.079020279700567 , 49.623901494916126 , 6.122769405745147
49.57875327805963 , 6.129377975992563 , 49.61400919806445 , 6.141541930705167
49.62724019970953 , 6.116754935522394 , 49.60972815734118 , 6.146477664799665
49.622689745658995 , 6.18401380736497 , 49.62782647545966 , 6.041300504892852
49.622441237381324 , 6.13029040343103 , 49.60335472414258 , 6.158586923464164
49.620341884334756 , 6.1870287933874675 , 49.626223498710885 , 6.17762883305198
49.66445774983784 , 6.1497349681450935 , 49.61482097971417 , 6.1556795962352435
49.61861648376734 , 6.16128818777277 , 49.6297820809588 , 6.1553520933154005
49.62046968604884 , 6.147144375731361 , 49.58550969194976 , 6.165901826813641
49.60146552105048 , 6.132816607145553 , 49.59199413755531 , 6.1297886013628435
49.599241430475224 , 6.166021496512127 , 49.62752252753742 , 6.139348603697894
49.61525488538596 , 6.072709330297836 , 49.627025297522565 , 6.117899751778096
49.620303236106515 , 5.987408130342335 , 49.57618667516108 , 6.1693350693352755
49.61647864926653 , 6.166282894005834 , 49.598037072387086 , 6.13691466538965
49.62232072650976 , 6.165010138436372 , 49.59662109272182 , 6.13278831909371
49.60733684354205 , 6.128495396506864 , 49.61164002883857 , 6.121875207762263
49.5828439022655 , 6.1389190021747115 , 49.585943278791525 , 6.130669117450759
49.633951443426156 , 6.024174317994786 , 49.6008751961039 , 6.1401441780309485
49.657745228166945 , 6.310339776131828 , 49.611623541616 , 6.146495529075922
49.58771337310349 , 5.992549805328093 , 49.62324153381041 , 6.081859572246989
49.61345526252853 , 6.25181433423333 , 49.64933534470002 , 6.136407961360785
49.6118561958528 , 6.147120832824428 , 49.596933510338474 , 6.133200809598351
49.61241836475542 , 6.119067405361701 , 49.605840628989526 , 6.142347169952375
49.575497786258765 , 6.1470434452399685 , 49.5976816607983 , 6.157845783781097
49.62777111855396 , 6.272808355735867 , 49.62918081504262 , 6.17688210186658
49.64818420557268 , 5.992864956037182 , 49.58027558223111 , 6.131779028020473
49.638049674011576 , 6.1621324263483945 , 49.644321211170585 , 6.308567055004442
49.628304803757736 , 6.138895999734941 , 49.63411709772273 , 6.144825079664024
49.62569233445756 , 6.0927812828951895 , 49.65905924971636 , 6.083459848014478
49.615253849249044 , 6.112129489195187 , 49.61095969389785 , 6.129622512095767
49.623164288944565 , 6.125013417101318 , 49.6235222893951 , 6.148979246874401
49.63557606366474 , 6.270454627530238 , 49.660067403416754 , 6.122083508850879
49.60553234737868 , 6.110898655286348 , 49.601304141682895 , 6.1274004899697365
49.62335450483599 , 6.129020291733847 , 49.62806500817442 , 6.0539177555596915
49.60419322384266 , 6.195135374093081 , 49.56530060392223 , 6.164171849047785
49.61674049895682 , 6.172588729351659 , 49.670398937769946 , 6.143868006779684
49.58098915558239 , 6.047313093477048 , 49.61262529054986 , 6.08482171498779
49.614749131252026 , 6.126746941561708 , 49.661427674266484 , 6.111474247962998
49.637085955504396 , 6.151119453097712 , 49.63355504189081 , 6.177703597681823
49.62545151391159 , 6.07922118478812 , 49.64209935182128 , 6.15011548362725
49.61570029340498 , 6.123207118846777 , 49.60414890722738 , 6.127919207497216
49.63883666607718 , 6.181957935789134 , 49.62510960280977 , 6.122961762397023
49.62428525642011 , 6.141176175908027 , 49.62306442459603 , 6.161270146117448
49.61974486767216 , 6.106626103068263 , 49.62920074412959 , 6.0271909461294335
49.669120120244784 , 6.0802648870630005 , 49.624353286317366 , 6.1206126886296826
49.614408390994186 , 6.130382073212753 , 49.60707538563189 , 6.132302437371964
49.61445782020047 , 6.157859857280453 , 49.612170152826394 , 6.116215475221184
49.618542815882506 , 6.20001574515381 , 49.62094725608158 , 6.154564924739292
49.62074774768526 , 6.079321751272597 , 49.62409521493532 , 6.124796545398368
49.665234979528584 , 6.097446956729032 , 49.60224979776857 , 6.167889150205707
49.637514905192056 , 6.114333699886924 , 49.59688173958087 , 6.141708386549187
49.5845049149446 , 6.046209325241963 , 49.638973629664044 , 6.146414131549656
49.60254036299063 , 6.1294689379811915 , 49.663511617007906 , 6.229760417776257
49.62076867417768 , 6.113922522330509 , 49.627648902815096 , 6.096849311956921
49.60118718195415 , 6.144825647709677 , 49.5710280371706 , 6.089851471189567
49.60418834778621 , 6.1413857608458375 , 49.617195651511935 , 6.328317592918206
49.658152218177726 , 6.14408528244789 , 49.60518200725988 , 6.084734536623099
49.629047594388 , 6.115674733587567 , 49.66951929968814 , 6.153101317082282
49.635905549651625 , 6.196909604366327 , 49.56504528946327 , 6.153455451415828
49.60234133672618 , 6.153124449351253 , 49.622315144654195 , 6.053806133411216
49.61951473245488 , 6.118309169308824 , 49.61130187298231 , 6.106944112010825
49.63971598133162 , 6.182277430357995 , 49.61508309701216 , 6.123578939269035
49.63170123695926 , 6.114450770513581 , 49.63471229759408 , 6.191023583846182
49.662734834650486 , 6.1197017590784375 , 49.58268838354789 , 6.135578083516274
49.63965622019545 , 6.306442499793314 , 49.59795361183323 , 6.132456885609861
49.58176434380636 , 6.136976966312276 , 49.601619176290505 , 6.2164179300676095
49.571080924265715 , 6.141651426294045 , 49.66865494565638 , 6.321985617446148
49.63258039318781 , 6.1218194445425045 , 49.607847732551825 , 6.120005053244167
49.62479366305779 , 6.26994486870278 , 49.586048294262085 , 6.16136670415476
49.63346774658858 , 6.147842716194693 , 49.604002074578865 , 6.146777943313807
49.59535908749775 , 6.184436335705648 , 49.59615470078545 , 6.1480700639403185
49.64948349375386 , 5.998918860700441 , 49.66241906448453 , 6.147530574960804
49.63169725382679 , 6.031653435473921 , 49.60933061570679 , 6.116246289108009
49.640847622173496 , 6.173155933651888 , 49.608898516386574 , 6.07383934741342
49.61702881384507 , 6.080279201925469 , 49.619730111545444 , 6.171645674289939
49.6683479533927 , 6.143708347765548 , 49.62090838385883 , 6.167902397433302
49.630251124542596 , 6.272107556806897 , 49.61105469525023 , 6.1109184732248885
49.58267264260886 , 5.986718158601348 , 49.611552517751775 , 6.153934456950045
49.638626599694014 , 6.189321112070858 , 49.60580745654157 , 6.13469900618692
49.63011239303495 , 6.048539131300224 , 49.63273928010757 , 6.199000057112401
49.60830642430178 , 6.124382331463356 , 49.65824681798651 , 6.091661263013986
49.627888484644075 , 6.188839720035962 , 49.62531792873585 , 6.150238275056607
49.62801204737253 , 6.120330823673547 , 49.59915445680313 , 6.122968150160924
49.646557533394876 , 6.152679264736302 , 49.666294163967315 , 6.143507796647212
49.63702876041152 , 6.140983709857049 , 49.60306056992067 , 6.12439341865595
49.62660103760828 , 6.111988664433545 , 49.592876579507 , 6.187471889179946
49.606021361433676 , 6.138987594076136 , 49.58742667076865 , 6.149307927499076
49.615548352661285 , 6.145783746151839 , 49.6646873466669 , 6.084438845920331
49.630557568741324 , 6.265296207543565 , 49.58057600561939 , 6.141235933853345
49.59597234338497 , 6.150724616993064 , 49.634559147674395 , 6.149140423880578
49.604041982822515 , 6.137375006397943 , 49.614956386334185 , 6.145297528999384
49.59346682375903 , 6.1226443998198485 , 49.63915905577144 , 6.250293500275012
49.63736304910788 , 6.132848112963832 , 49.62638502898796 , 6.113054793337362
49.612412078156865 , 6.081869369641969 , 49.61821030433021 , 6.118121737590873
49.578867975780724 , 6.235784016294866 , 49.633229066318705 , 6.17390275748766
49.62331505953352 , 6.281998536743992 , 49.61453984701175 , 6.1163533549686715
49.60508385438451 , 6.138946132734853 , 49.59419884131589 , 6.1737316707662995
49.62748538232262 , 6.0833726645721145 , 49.61245759043904 , 6.1485891200456315
49.654138820275286 , 6.122154954147242 , 49.639448978309204 , 6.2215182752878775
49.652795459459426 , 6.004639596944623 , 49.60932036123465 , 6.128928551387821
49.63951747630623 , 6.1213807974855365 , 49.64794898224916 , 6.128490220618085
49.64487189108654 , 5.986214793551813 , 49.607703013152275 , 6.138032786265765
49.61883023619185 , 6.120891149700821 , 49.5973604613709 , 6.141620868683915
49.57537821201098 , 6.180118347146347 , 49.62785096796213 , 6.242580359362942
49.613865819989115 , 6.126928714705318 , 49.66072004953073 , 6.089670015593301
49.656858295755214 , 6.1191107335942805 , 49.65188722212873 , 6.141409011140828
49.61163020731551 , 6.1146912497175565 , 49.5676785176405 , 6.112666116737349
49.61739771592655 , 6.132617691920945 , 49.631736769979014 , 6.0892373355519895
49.61173784999952 , 6.13388574378884 , 49.61367895738132 , 6.170912696998421
49.62518232848742 , 6.1205513969399385 , 49.620780807882426 , 6.1060969720405405
49.645886389163095 , 6.27075513923201 , 49.57905049641968 , 6.156237368347499
49.643752723086926 , 6.016327906329624 , 49.624428771571885 , 6.084357705752517
49.62440665395647 , 6.1673645857242665 , 49.57993132460446 , 6.082022710733345
49.61507050356708 , 6.084995080533165 , 49.6057028779341 , 6.1405435014217575
49.60977443894831 , 6.040637049501876 , 49.62073928365385 , 6.076345164848563
49.58078907403611 , 6.16329838653 , 49.60498124727019 , 6.143162022574794
49.622747718040436 , 6.136575059227953 , 49.6417959436098 , 6.026053092055197
49.578873231436866 , 6.105097312810519 , 49.57229209349624 , 6.17977931805076
49.62677507707311 , 6.097990459130343 , 49.62643958968127 , 6.153643620075051
49.67097420754498 , 6.17483625894992 , 49.605377744693286 , 6.097055621019726
49.63083201786219 , 6.123923390777442 , 49.638597979432035 , 6.136796784971297
49.623431809324835 , 6.172842501185388 , 49.603386817518505 , 6.128898168037247
49.5837620702083 , 6.1345366205063305 , 49.59737658363788 , 6.120793976908365
49.6189622163077 , 6.123601762015274 , 49.6332799749318 , 6.098327687946266
49.63946458328957 , 6.086994524658379 , 49.61248587419226 , 6.168011449271609
49.58245833202945 , 6.11093665455878 , 49.62580283008382 , 6.112946474231551
49.62684366463965 , 6.082849434467879 , 49.60773167423951 , 6.128888185875941
49.60697884265514 , 6.134791601705583 , 49.62746588251955 , 6.160213352079519
49.63371043566503 , 6.021351340738087 , 49.66039250081439 , 6.1294582399422435
49.577770854189374 , 6.168434835020845 , 49.630473676661836 , 6.137967499016168
49.590470431589516 , 6.323688167320089 , 49.62483007460829 , 6.221484657666092
49.66903654442534 , 6.1114473867101555 , 49.651233132909965 , 6.141411528659136
49.623650610222974 , 6.266116446504615 , 49.60407431420789 , 6.301794200243043
49.63526321959056 , 6.161482888874338 , 49.616068196138315 , 6.104083626376257
49.59844187135759 , 6.134061165610875 , 49.66267225635846 , 6.0749966817360335
49.60484072553797 , 6.109854568877602 , 49.570598759850164 , 6.153871827531538
49.623158698448805 , 6.112673612166284 , 49.639771018407295 , 6.254850787934149
49.56325469442586 , 5.988852384245191 , 49.60865929922519 , 6.109939369538684
49.59716824766698 , 6.112824474185974 , 49.63362521528093 , 6.148214656517893
49.60816320496985 , 6.137573084975381 , 49.57470734466386 , 6.226634907092449
49.66515816519549 , 6.1331799745836895 , 49.65033764100668 , 6.149634127568795
49.64956828500539 , 6.1162532650543 , 49.625633624697926 , 6.113371787923603
49.58098328031224 , 5.991432526714359 , 49.63777378583913 , 6.273308427694059
49.621944745329635 , 6.127932365765486 , 49.62616268796329 , 6.181064394818996
49.61230058489069 , 6.137919938473339 , 49.589949190035554 , 6.139054320091853
49.64624792179155 , 6.256819069639744 , 49.613687963820475 , 6.124780881239767
49.643007079173195 , 6.182054942266615 , 49.628550734750995 , 6.1185455569520855
49.57860375324576 , 6.070847455442996 , 49.61243031132881 , 6.123532102396214
49.61435499205696 , 6.1128785840949025 , 49.627237027582346 , 6.101914592772927
49.60061074367162 , 6.041094612727758 , 49.611238215491625 , 6.1412876312987725
49.65223917143059 , 6.15781618505617 , 49.61572388174356 , 6.162195649416767
49.60501694925319 , 6.108193298915622 , 49.60826363937553 , 6.13213906694832
49.587377846714354 , 6.175649778857434 , 49.62523574740025 , 6.156871880718145
49.576176948904624 , 6.155153255173433 , 49.59194384558527 , 6.0994966777951225
49.61748321831668 , 6.088585268141974 , 49.64299218624227 , 6.139673465635137
49.63979883359014 , 6.1382718116010375 , 49.62413793682724 , 6.164120746918234
49.62020527429735 , 6.085911886430932 , 49.59148271730651 , 6.1314446432496945
49.60562936315519 , 6.124492462320924 , 49.62708881071507 , 6.014755048633984
49.629667484869735 , 6.13947615011064 , 49.649996313969865 , 6.115806914812755
49.61020960097093 , 6.114455877136593 , 49.61545443569326 , 6.125715726011288
49.62950035591979 , 6.1887631577459095 , 49.608785220527565 , 6.156281464860895
49.612454182481244 , 6.121420599008952 , 49.635446834619735 , 6.044228659540354
49.648979039324644 , 6.137197694071242 , 49.61139724943388 , 6.1403517837475405
49.57650874036793 , 6.170100742691714 , 49.588349015271156 , 6.163381539681093
49.61687045252174 , 6.131351493819429 , 49.653555021078546 , 6.263923525820773
49.66037387992017 , 6.308130361231983 , 49.612868607444305 , 6.115567473138399
49.58089269936163 , 6.165853917975922 , 49.612951041831415 , 6.053741387623575
49.61777145727236 , 6.1584834986813455 , 49.59497688209753 , 6.1554085803434875
49.574089224355085 , 6.163088133907507 , 49.61498738439441 , 6.105245877886033
49.63863215662239 , 6.152898685054749 , 49.60027352792123 , 6.118122897713627
49.5672883706013 , 6.115439010845644 , 49.64679770035708 , 6.130320170658862
49.61001861142792 , 6.130567462742983 , 49.64606644261731 , 6.13645025701198
49.64624498908569 , 6.002823844847531 , 49.615508123529 , 6.125590295649719
49.593024373135826 , 6.113496197861354 , 49.634970118229994 , 6.107994442457801
49.6513022492848 , 6.253891234423939 , 49.60705559646513 , 6.127613597791054
49.56972524936155 , 6.171293883313205 , 49.596274161016396 , 6.0826642734269125
49.58931954901797 , 6.1402903018296024 , 49.636649919794216 , 6.0231805974122805
49.615399549647115 , 6.107322822952701 , 49.614981404138966 , 6.16444835434166
49.63892868794709 , 6.245071464801487 , 49.58910266484649 , 6.11074636066766
49.60006860883581 , 6.135020585983519 , 49.59379301644034 , 6.174914089848114
49.62637235609558 , 6.087170530946358 , 49.62524417191233 , 6.1333306202612246
49.66922163960754 , 6.146827628872907 , 49.62051693864988 , 6.161376613655309
49.61812040937942 , 6.137620831974849 , 49.627717632370505 , 6.174622824762096
49.666157515977304 , 6.138413105297742 , 49.573549158280564 , 6.15752255292684
49.62781425601023 , 6.121364801773654 , 49.662511603123 , 6.2403603125891305
49.615113350698046 , 6.144786067283703 , 49.576519228393536 , 6.164842861399144
49.65803616310161 , 6.303607570074064 , 49.60646888667362 , 6.153947928634786
49.61280124221218 , 6.31113154282051 , 49.630773167992636 , 6.064581752666406
49.59985702807487 , 6.130236302624521 , 49.5782436300341 , 6.139596069317064
49.60617419861267 , 6.205387988416183 , 49.637181557484624 , 6.149710622762118
49.62719075524458 , 6.173185188333019 , 49.595837652911754 , 6.172894602572135
49.63517552833603 , 6.186372802391696 , 49.63436147307051 , 6.063269659327506
49.61045968259672 , 6.147698275272853 , 49.58246729974178 , 6.0531355881802735
49.617778527994005 , 6.112326120820269 , 49.612460405402985 , 6.0226969410529705
49.58810180173178 , 6.178774517926659 , 49.60844906752174 , 6.134058795330688
49.615161397944675 , 6.113291907012561 , 49.607528932851714 , 6.131695023287485
49.62204815246414 , 6.120094283938609 , 49.60812638299463 , 6.139350266503964
49.66988986034403 , 6.331680403960328 , 49.61117279192324 , 6.149029188505259
49.598317502702564 , 6.136824273139423 , 49.568292666634974 , 6.16392941719667
49.6281432281072 , 6.074850040424708 , 49.63025679617953 , 6.18077154649159
49.56507108147698 , 6.113857602092662 , 49.58853822474284 , 6.15431454417289
49.59731191942084 , 6.155887664894694 , 49.60770221011525 , 6.140881092969775
49.62092317870169 , 6.107129152208387 , 49.60784318288614 , 6.1130763702066355
49.61229316459094 , 6.141951953980613 , 49.623342791514595 , 6.074943035410441
49.62460004934883 , 6.270741948456697 , 49.607587698039296 , 6.131662516255365
49.6134974939379 , 6.116249233772543 , 49.635080322503505 , 6.145075564809429
49.65060805296445 , 6.103642708545813 , 49.61484060481044 , 6.121285663370033
49.628931161265356 , 6.020612605592401 , 49.61868011159759 , 6.129399959784059
49.63950641468069 , 6.141400643894843 , 49.606193545549495 , 6.131489212451323
49.566859234027866 , 6.116684956161411 , 49.60714106733957 , 6.128470281194765
49.64976452633586 , 6.1453214992088405 , 49.62370190473264 , 6.13905654856651
49.62805602648159 , 6.088627376658403 , 49.59302118090844 , 6.1205502935305125
49.6218586574473 , 6.071600470837076 , 49.57958646283006 , 6.124033805109769
49.62897242268922 , 6.170490589560792 , 49.58541984095959 , 6.160972340161834
49.61106143351923 , 6.133412214205138 , 49.606948889897296 , 6.1390878707107825
49.63671092079049 , 6.121470217713524 , 49.60438349338246 , 6.205413050661168
49.622024460881086 , 6.273032797311015 , 49.61704320915243 , 6.140529429933098
49.61877031353942 , 6.107775813042826 , 49.602534643366674 , 6.143442715186073
49.63869170954718 , 6.228486867134429 , 49.64334598659909 , 6.105178967811743
49.606837269945856 , 6.130114381157944 , 49.58257095582982 , 6.149170550029493
49.63519650034504 , 6.1291351039325415 , 49.61453423974067 , 6.116418144012259
49.60901307051055 , 6.123208170101924 , 49.570137055416836 , 6.3091476117112695
49.5938178271153 , 6.1482922318282744 , 49.63071720875795 , 6.002898711939839
49.608559142594345 , 6.128824412780006 , 49.61770977237281 , 6.116412109674464
49.60869681809474 , 6.114155195563961 , 49.62896351731141 , 6.122202706824216
49.61595405650325 , 6.130280032959098 , 49.62165975534435 , 6.181229244187433
49.5971223360271 , 6.133523909646236 , 49.5728982198042 , 6.148697247942605
49.604524459784294 , 6.156764331403088 , 49.628183656605636 , 6.148660038390153
49.59524144150753 , 6.143703342747051 , 49.606069935942976 , 6.133269888941802
49.566627437250894 , 6.073154963306074 , 49.627478976465795 , 6.110406540611562
49.56529352910841 , 6.061979184302619 , 49.63103063950981 , 6.1887290090249225
49.65415056916266 , 6.131315378886143 , 49.575010328163394 , 6.118737580614097
49.617091358332694 , 6.161414377089285 , 49.59683229029641 , 6.152092776099499
49.62417744439632 , 6.097934496963339 , 49.63391580263303 , 6.132380605184661
49.602945147713854 , 6.140474795609238 , 49.61044374794906 , 6.1469573980444245
49.66678091280283 , 6.247224572619094 , 49.606806180793534 , 6.116349577614943
49.60504038929156 , 6.136898592292307 , 49.60884206895592 , 6.124437194227163
49.60150356825838 , 6.12380690222185 , 49.59409633954008 , 6.145581575691143
49.610010912699884 , 6.142344425951182 , 49.62848721727224 , 6.1666869456643605
49.61130136868791 , 6.100815091076207 , 49.5930201561058 , 6.012194079443772
49.647669463063146 , 5.997821230095147 , 49.599444846735494 , 6.1476094805132755
49.60515218955645 , 6.179032006558509 , 49.61433255602136 , 6.111125211228036
49.60412003877077 , 6.121119702072793 , 49.5850973449592 , 6.144940974795415
49.5894676750103 , 6.182670789408194 , 49.625992118258445 , 6.092921502103305
49.60372240269175 , 6.1418424690821345 , 49.56886986474068 , 6.161186609364015
49.5981848325042 , 6.157265692957128 , 49.61156079196918 , 6.127206877247926
49.614327388757 , 6.147824264833641 , 49.6392564370509 , 6.1494268897211635
49.6113088928152 , 6.091348053565738 , 49.59765969102444 , 6.148661363684848
49.56777447224183 , 6.158488138137327 , 49.60301244038512 , 6.155531849527602
49.588517997311534 , 5.990896378699588 , 49.62996241603683 , 6.1642873927715796
49.6291603352882 , 6.108927463609098 , 49.604671911720075 , 6.113149619437559
49.620327788102436 , 6.2410508216340945 , 49.60436663283629 , 6.117918305913747
49.60355897523519 , 6.057894216893605 , 49.6362588545162 , 6.156677937155075
49.62391386395641 , 6.11552612484337 , 49.61110643625629 , 6.137047143793909
49.639471769265114 , 6.2057085325149846 , 49.62563079163171 , 6.128486776346021
49.606740515954264 , 6.147569615136709 , 49.598426653862155 , 6.0731206380646165
49.59638818531639 , 6.118439827487284 , 49.608481042605916 , 6.127146871189073
49.62062023204351 , 6.120280157421896 , 49.619990011119974 , 6.112000883243625
49.599530795447734 , 6.146284530136433 , 49.66487990004429 , 6.228767535102628
49.61955157141954 , 6.163991229980345 , 49.61435843711786 , 6.119570162218638
49.59641517659417 , 6.129492957589545 , 49.585808285190424 , 6.103684003116248
49.64202938643683 , 6.187593755894124 , 49.63810590234745 , 6.01134795171887
49.61751354540005 , 6.133458824483467 , 49.599263102376575 , 6.236058769572798
49.62606640333241 , 6.152092707659387 , 49.62693559052951 , 6.120277543034261
49.6527305054388 , 6.139805566533586 , 49.65845293171324 , 6.143434021727673
49.6165243194028 , 6.14346509681609 , 49.605654570192584 , 6.138381351587126
49.61783967877139 , 6.0603576047459 , 49.65789759953356 , 6.0815358407289155
49.60657027027847 , 6.075882638993186 , 49.574538528475095 , 6.001340298752543
49.610577620046506 , 6.105894554686035 , 49.59299337780432 , 6.139701032084367
49.59367801894345 , 6.09822129328187 , 49.60543065788885 , 6.114267331107496
49.61733337186143 , 6.115890012288737 , 49.650062965254776 , 6.1196844941821364
49.59973457427284 , 6.052069013706679 , 49.625040653044884 , 6.12124087780247
49.57336842446861 , 6.2272323540224095 , 49.62660886612088 , 6.141676707823903
49.61316466264207 , 6.102879537371987 , 49.59875395978772 , 6.158401138684446
49.59895332117598 , 6.227166187254456 , 49.599721058061526 , 6.147433511224926
49.619030131514194 , 6.123049895785029 , 49.625926606185786 , 6.137780185897406
49.630789201461994 , 6.177999633644643 , 49.60249250091202 , 6.129202131703819
49.60539194122533 , 6.124854536736232 , 49.64925321811845 , 6.136859349474192
49.631791958648094 , 6.128228259355257 , 49.59774507237205 , 6.139453868826533
49.622742993160095 , 6.0995173425501505 , 49.62738513030759 , 6.124255488691164
49.58945399253671 , 6.148424141722199 , 49.60839972712153 , 6.153315614874368
49.59569638105068 , 6.152787339551777 , 49.58773670371456 , 6.115270389159979
49.57096583495384 , 6.147764736751479 , 49.5902181999452 , 6.264779838681695
49.598096608871984 , 6.137182119340328 , 49.66318331173596 , 6.305952328686798
49.60116451682086 , 6.14605618017648 , 49.62576942654731 , 6.131569133433255
49.60598832997603 , 6.091189212395378 , 49.63303979231437 , 6.142345433919571
49.62194765942242 , 6.178732152746245 , 49.66375758373581 , 6.297736123911456
49.63164038938746 , 6.162478469824052 , 49.61193539869021 , 6.150445105757473
49.56413830189175 , 6.27377025403662 , 49.598198044417515 , 6.143110599750183
49.619702498958745 , 6.103235909258849 , 49.65001519648758 , 6.112325773144827
49.62503025658324 , 6.145965744909768 , 49.596346617154296 , 6.144840819445882
49.62215699935335 , 6.14109683881848 , 49.629804070094856 , 6.042826946465241
49.62572000634131 , 6.211530124337088 , 49.6165134806799 , 6.1224671452172785
49.616695119496576 , 6.152757515767288 , 49.62329102665039 , 6.2260521110549645
49.607472463206335 , 6.086294901770127 , 49.62815500642719 , 6.138571027699321
49.66274504178182 , 6.141711284148184 , 49.596921268061365 , 6.146961181464488
49.609835390207635 , 6.147795694807463 , 49.63875969523323 , 6.20403048705828
49.627229918793034 , 6.12464416255122 , 49.61183298456688 , 6.136503235224683
49.64205839017685 , 6.186402283700297 , 49.59570708634383 , 6.134757813599865
49.62890069755817 , 6.120473345325491 , 49.60920553416837 , 6.146700336567083
49.64980513099356 , 6.130569617793321 , 49.62381501280359 , 6.181227607925766
49.64358496627147 , 6.006437315461453 , 49.626180553387194 , 6.229926033158421
49.6147765683657 , 6.046958821384909 , 49.627231944740956 , 6.032346178734293
49.60573123721324 , 6.122058276762751 , 49.61103980769514 , 6.12785158580346
49.58826776759841 , 6.146574787997427 , 49.624472034807006 , 6.122948826065672
49.60166727966908 , 6.148015855372457 , 49.595740840209146 , 6.233169957848755
49.61762221421079 , 6.2476011319824165 , 49.625936209299454 , 6.179070529649634
49.62152560224794 , 6.118374608362333 , 49.6291537536759 , 6.173855791792755
49.60408043430864 , 6.152670896564123 , 49.63920554238305 , 6.023459565023163
49.587541737144925 , 6.180787540563267 , 49.62094163809856 , 6.157698053163555
49.60664434059782 , 6.307570240159463 , 49.57603351638199 , 6.171835189120401
49.63513427868214 , 6.148820124478523 , 49.61617411568615 , 6.206892137489338
49.59803531697702 , 6.141728597051186 , 49.627572080879695 , 6.188161763776489
49.618186101994965 , 6.103458232851909 , 49.61587204836916 , 6.180725106623128
49.58608445301887 , 6.19585381107775 , 49.61811501558568 , 6.125088681023763
49.60217967928821 , 6.1430709969886035 , 49.65267698815082 , 6.137658148059762
49.63179102585725 , 6.123753680881657 , 49.573412875052114 , 6.149654216754202
49.646882099259756 , 6.239319577640612 , 49.630471396857736 , 6.144785383324893
49.62593253843784 , 6.131264719699561 , 49.63600067877464 , 6.270158908234472
49.58656328743383 , 6.127639024643391 , 49.62094725402153 , 6.129153025214529
49.59166640225344 , 6.192203913690284 , 49.61981779967497 , 6.123222857380619
49.664622648173236 , 6.084885377597155 , 49.65728193184862 , 6.088703566948306
49.614876441637044 , 6.053002189248396 , 49.6143161002347 , 6.17962701296481
49.650671139633204 , 6.131977880951394 , 49.65443556845399 , 6.097369781056452
49.59657338385966 , 6.054917885017188 , 49.625001242582954 , 6.152999839451516
49.57587689230664 , 6.142183612025895 , 49.61764240951204 , 6.167605110592808
49.636126824379936 , 6.186604555128991 , 49.66252614181079 , 6.292385754635653
49.66413196601473 , 6.141101716649006 , 49.637797914045784 , 6.17788791122935
49.61352568440876 , 6.12309963174561 , 49.61778932823136 , 6.184805180119525
49.58094342134316 , 6.183630145461382 , 49.62767184667585 , 6.270806076711941
49.62935883940127 , 6.081712001715934 , 49.61850684308711 , 6.12908649481981
49.64468605155222 , 6.153755295098488 , 49.6428147641836 , 6.146564470649844
49.65119710780836 , 6.097381271340774 , 49.5960529690442 , 6.131807634637907
49.612247361076285 , 6.126543056679073 , 49.62626020955273 , 6.118836984320901
49.61259328944109 , 6.170309097378295 , 49.62289033063194 , 6.0917470362553585
49.65860394059468 , 6.086010073592908 , 49.66463932338016 , 6.141334543673599
49.65713630627656 , 6.132274548778484 , 49.5723235302356 , 6.228659445751333
49.567831610698526 , 6.314918918029558 , 49.63550396378186 , 6.194211219613856
49.6455370067127 , 6.242463084653121 , 49.642318884668406 , 6.180320177175851
49.64524064629419 , 6.15004661948741 , 49.62952218533979 , 6.174666411558631
49.60920046121904 , 6.1524437291757845 , 49.60237468615851 , 6.105873113369676
49.60948655238518 , 6.14528539476486 , 49.63766033200116 , 6.033166840850137
49.63704194836832 , 6.148145167773213 , 49.602856007146016 , 6.143502585547759
49.65814366775542 , 6.30247396364321 , 49.58528502094806 , 6.068584802475947
49.60144697545065 , 6.145252404116322 , 49.58223837324307 , 6.045078150356321
49.60486396238053 , 6.149313484136935 , 49.61921467873502 , 6.112010746462865
49.62131174393651 , 6.087379246550044 , 49.60042560771945 , 6.139880780134202
49.624055800321806 , 6.215279551455717 , 49.637234740820794 , 6.033546375609796
49.56978741251751 , 6.321055681811458 , 49.624146247255226 , 6.1846356706874595
49.62627768169673 , 6.182670774186502 , 49.62261112151945 , 6.1178297998075974
49.62601858435652 , 6.126435856235839 , 49.568296046100485 , 6.247170431303686
49.58405419828193 , 6.140303582060798 , 49.59883191181826 , 6.213329198014443
49.637139376995336 , 6.181067035624141 , 49.625870873306965 , 6.162414632647787
49.57708087779521 , 6.164743669245203 , 49.597784886800106 , 6.149780546152437
49.60221744039388 , 6.139758914523471 , 49.62314634681041 , 6.144524219755444
49.62307802101925 , 6.185530922909232 , 49.63041001255894 , 6.180084732037133
49.59627834915426 , 6.13281040911349 , 49.61668623961768 , 6.158460407530772
49.60299637123509 , 6.161795925146702 , 49.59788323085644 , 6.150360494488923
49.604935110194766 , 6.25578392868169 , 49.588745359476015 , 6.315350854349945
49.57745384185598 , 6.122686576369804 , 49.67044972492473 , 6.149858151558392
49.59820025543846 , 6.160940300671202 , 49.63555117600622 , 6.009028139020601
49.61923511955224 , 6.11763675916831 , 49.60442245119749 , 6.147578013227852
49.597497929401996 , 6.096526866357809 , 49.60768573899152 , 6.149648691740017
49.5819972299484 , 6.034933238386996 , 49.63480706837937 , 6.121014239798718
49.65615562420664 , 6.125612204768279 , 49.617353991078645 , 6.119849327762032
49.595969745359675 , 6.2150255271037 , 49.64479154979846 , 6.1477931716552385
49.624461613295274 , 6.062637629809759 , 49.6177204823467 , 6.139331094708143
49.62232728980279 , 6.138989198964441 , 49.58918201858267 , 6.143537744291885
49.66620727226764 , 6.130665226727093 , 49.60655687068823 , 6.151727955468203
49.59805293191663 , 6.131507667267959 , 49.62559475779196 , 6.122587170745566
49.62352050934931 , 6.083032367540254 , 49.60590599883217 , 6.149470389430208
49.609543796540514 , 6.139507019642586 , 49.60385192836042 , 6.17260605936094
49.64601646088347 , 6.14374518654828 , 49.62527554919346 , 6.263122535145194
49.65385331366428 , 6.007356147116433 , 49.58809762637647 , 5.989140520560888
49.62047727234548 , 6.062891007103034 , 49.58298365978512 , 6.299478123744687
49.585107684995165 , 5.992965078062074 , 49.570419079887166 , 6.1355456811873035
49.643246786913515 , 6.147993353265759 , 49.631676891877 , 5.995297048649032
49.616133063041005 , 6.104897266581472 , 49.57886726103084 , 6.153934084546814
49.64658872515215 , 6.10300892260029 , 49.667401002307 , 6.157908493023765
49.66510892019762 , 6.154023348290556 , 49.66471924997534 , 6.3226297545905
49.621107119657474 , 6.097654545193238 , 49.66779819694231 , 6.033462153586737
49.62808447855121 , 6.131043815788359 , 49.597442638522935 , 6.156633551856097
49.61836259983598 , 6.039675995868743 , 49.599166635881105 , 6.097002278974487
49.599381220374596 , 6.216427924369219 , 49.66843664979855 , 6.08176231833591
49.58285839585161 , 6.142158048957296 , 49.61893589084987 , 6.130674868126364
49.660626625448955 , 6.147917393901489 , 49.62571129673821 , 6.132688665298581
49.64812723411052 , 6.1408398919665865 , 49.60945019636765 , 6.143434769870578
49.63414426410157 , 6.170209016521765 , 49.622891417171715 , 6.101570145690978
49.62073728923485 , 6.2561020751142715 , 49.60882999708143 , 6.162835672626265
49.604827865787215 , 6.136645723587755 , 49.65392964079993 , 6.321820211556471
49.61682342593666 , 6.189178333594057 , 49.6293660839406 , 6.060899599710865
49.63972829891821 , 6.207719246851569 , 49.59391952267986 , 6.128094693581551
49.635897237265524 , 6.182832359451987 , 49.61826152417549 , 6.102758213789826
49.655153689864854 , 6.148975763276383 , 49.655131455161836 , 6.128262040250071
49.654197593775265 , 6.1452127598057285 , 49.659600864872914 , 6.24144747152135
49.652912068221774 , 6.007493552369342 , 49.6244881159566 , 6.253455605707097
49.585323229814506 , 6.17489299150442 , 49.621547401892315 , 6.1247918193231214
49.574541836555426 , 6.157354998764447 , 49.623889458211146 , 6.1142675412803325
49.652443810795 , 6.147256281696033 , 49.5881597914595 , 6.148561821839325
49.57402055596093 , 6.227079790018286 , 49.603183711224965 , 6.109745350841989
49.662511252567484 , 6.121063525638851 , 49.610931392634775 , 6.140589038051986
49.609800125146485 , 6.112045607965095 , 49.60795602301561 , 6.081236696822763
49.621794091161306 , 6.181613239710274 , 49.58478332241086 , 6.13699069471197
49.636667617112984 , 6.182196063649969 , 49.61700547791743 , 6.210258795302042
49.56229756786062 , 6.235929089516536 , 49.62930765993021 , 6.112038968047372
49.634839168409535 , 6.142095774387884 , 49.57568052533541 , 5.9881192303133846
49.61109724640371 , 6.267521369938626 , 49.579812491153795 , 6.166137698368997
49.607248827032755 , 6.15605951742511 , 49.6094649014286 , 6.045027102633747
49.59195479941824 , 6.137055693167404 , 49.61101717127175 , 6.134977920877129
49.622786268490636 , 6.132395766688584 , 49.62128710041557 , 6.1127262420756425
49.58270206876612 , 6.16348674229272 , 49.62308838081945 , 6.105756797730612
49.60983171775881 , 6.064888422084979 , 49.611886765073805 , 6.102038897937027
49.616600359255365 , 6.114353283414124 , 49.59599712634466 , 6.166349915560269
49.650934997319936 , 6.290196937486034 , 49.615474721526354 , 6.171053432662038
49.657379419199984 , 6.149668159839787 , 49.63533075934007 , 6.049074204741398
49.5777323609322 , 6.01638177492334 , 49.59115061381249 , 6.119673235319564
49.58424494353977 , 6.126556021754621 , 49.638601601606275 , 6.142435516013194
49.613134434207616 , 6.095506222183719 , 49.62854595075704 , 6.134862717993315
49.63357816671519 , 6.113385474152072 , 49.62270370822218 , 6.125451281932259
49.627962782437 , 6.094004862325902 , 49.589808818207814 , 6.098531694198537
49.62277809239975 , 6.1671746841887 , 49.604135707875606 , 5.998066141625226
49.66498097120506 , 6.211497345574409 , 49.579029665245855 , 6.141663354293201
49.601246162461294 , 6.233041169829311 , 49.62571434183509 , 6.120668184504492
49.656246578841525 , 6.125057402273834 , 49.6084662537198 , 6.0714859511722725
49.616633755336856 , 6.152362492859382 , 49.60127852406516 , 6.205916653311339
49.621015033809364 , 6.136772076147799 , 49.60509276612736 , 6.294671269847589
49.620885693063826 , 6.11654232972053 , 49.596879714764306 , 6.1425053066097375
49.585052258228664 , 6.121954219120932 , 49.6014463633669 , 6.1585905171937165
49.59829670617065 , 6.138969459407521 , 49.61286587568132 , 6.11318242772396
49.6294081901234 , 6.138070789434577 , 49.613732844710036 , 6.158831753986225
49.60371367158593 , 6.0905919210389845 , 49.59294800333081 , 5.988774289568629
49.60215125999628 , 6.136865343415882 , 49.667764757094915 , 6.220959044476247
49.62654246202776 , 6.189981151796723 , 49.5978405106989 , 6.14921120651733
49.608812475369334 , 6.110572896122008 , 49.626040489037536 , 6.191319992709816
49.62601120458919 , 6.199049109997781 , 49.604040759654524 , 6.139861557689365
49.63126597323076 , 6.145367660741589 , 49.64733968546957 , 6.008367623396149
49.61342862871785 , 6.11393040420416 , 49.63529663699574 , 6.116282486175965
49.66811565352964 , 6.136344836401887 , 49.66704695125661 , 6.180415503816973
49.62306332483804 , 6.0741009793718375 , 49.6216316818374 , 6.201090662993947
49.61715820931721 , 6.148004228599711 , 49.62892322245003 , 6.13269060368966
49.61239979334839 , 6.1273667056397345 , 49.579174917501845 , 6.174122072551634
49.65181540219526 , 6.197782318625841 , 49.66502387451106 , 6.140570881794715
49.62395037142231 , 6.195631828785749 , 49.67090553694273 , 6.101703828695733
49.61000204816762 , 6.123402709627993 , 49.632859342176225 , 6.132850008152234
49.586414887812566 , 6.148918730853401 , 49.611738859530526 , 6.148967962625493
49.634027965130876 , 6.145796280459444 , 49.61217278147858 , 6.1368805042077055
49.61240139574831 , 6.126363112059212 , 49.615643798020834 , 6.1827465077498225
49.65939876673047 , 6.312128338290381 , 49.64565611665844 , 6.1395823133993455
49.562887913635 , 6.0115947195236865 , 49.596694436159574 , 6.15640190386301
49.61997361141926 , 6.047628375792912 , 49.605162608499825 , 6.2709092942622915
49.569154701009836 , 6.158558331157102 , 49.62648050327661 , 6.181976333083726
49.566782328236464 , 6.08011899845925 , 49.6516143560174 , 6.101757505772813
49.61617410444886 , 6.102957863982466 , 49.61302327660572 , 6.109509895822618
49.63245105531928 , 6.159800505587599 , 49.62879356754255 , 6.155401603099779
49.638831913690375 , 6.019936885430002 , 49.61478298365332 , 6.10500547314411
49.61478390026845 , 6.064701333931969 , 49.61601687765643 , 6.111615283693622
49.62173207848919 , 6.099491732285349 , 49.644363669964186 , 6.138821727618735
49.590286096049816 , 6.166496068714723 , 49.60525193957574 , 6.153063611608599
49.567654913968695 , 5.992441399727578 , 49.65430762426365 , 6.147810409166786
49.617392539809615 , 6.181018995715047 , 49.589998156582084 , 6.2726141202842856
49.644592755521025 , 6.161404187293597 , 49.61190071686822 , 6.096903108832774
49.62149096289394 , 6.116352409397875 , 49.64867641575445 , 6.141469183106664
49.63120920797585 , 6.298657591833591 , 49.66710284858151 , 6.138983268082392
49.60803816996591 , 6.132090309969036 , 49.60904766462984 , 6.129125308563765
49.62363916819836 , 6.1137087314994965 , 49.61853927420248 , 6.123025106431299
49.63424898242817 , 6.210363696698716 , 49.627902231796114 , 6.147349615179383
49.61693722467954 , 6.149524897877319 , 49.59898633941818 , 6.112671734334797
49.62688310682799 , 6.09093295141961 , 49.568096590867796 , 6.26155151602469
49.594069693047054 , 6.178984572566467 , 49.60705508068624 , 6.150090504939577
49.659624323093766 , 6.1419938281486015 , 49.62409646039063 , 6.130524139735739
49.603877634535834 , 6.231958511134263 , 49.57521838583472 , 6.168065518533197
49.60699914751336 , 6.137808904350478 , 49.61366499159678 , 6.178449725716556
49.602412691006336 , 6.147036169821964 , 49.5880727823678 , 6.1392347595632755
49.608954946171075 , 6.138080912797638 , 49.60318508927224 , 6.0897660789601
49.63581042803081 , 6.114742615270517 , 49.617269608866266 , 6.158327492319188
49.611845824492725 , 6.150558858362264 , 49.60916199179401 , 6.007960211063948
49.61797526052392 , 6.056468070518597 , 49.589369059652135 , 6.13663198723454
49.62331834339379 , 6.114041815964717 , 49.608063851013895 , 6.10551861363452
49.58638537683438 , 6.1330781547747915 , 49.6123325452141 , 6.08284064656455
49.61593082107468 , 6.107309275113542 , 49.611053979368265 , 6.074217417003813
49.631849409363475 , 6.325051966951976 , 49.656567117123714 , 6.097814920500545
49.61689883316144 , 6.157286499405462 , 49.62089506551357 , 6.19057808287055
49.601712907123996 , 6.081854762797435 , 49.610413826277004 , 6.0883438519745425
49.60751048859293 , 6.0703055578297125 , 49.60138826271402 , 6.131835455778621
49.61431718334312 , 6.174714471315897 , 49.63118342635714 , 6.272492872921596
49.60010190038062 , 6.153740418049363 , 49.58567287328489 , 5.995485136117492
49.61672320094713 , 6.251182305490437 , 49.60852029676823 , 6.148440224848854
49.604429003655035 , 6.147790330204867 , 49.59825778388811 , 6.154093358990859
49.611172909760185 , 6.2086169736598995 , 49.612950061087865 , 6.160459356301599
49.62075452740783 , 6.144975190955511 , 49.62630438306974 , 6.2160198903258985
49.59995617673301 , 6.208283683291731 , 49.60547685377277 , 6.114637684019345
49.60745750210649 , 6.128998198220188 , 49.59592546435498 , 6.146163834283798
49.60537532563675 , 6.265504688930156 , 49.595203454497415 , 6.244191842737983
49.60606016173602 , 6.129428242462683 , 49.60867542619299 , 6.281731244103159
49.61463226004914 , 6.121715212679899 , 49.59947415053461 , 6.159920501184572
49.65801417907595 , 6.148847633628655 , 49.62694231326288 , 6.122388551483799
49.629949377145934 , 6.124139269605067 , 49.61545333254188 , 6.112804167139228
49.66588516088704 , 6.135660982668103 , 49.61095475790056 , 6.132410506455907
49.62776881902601 , 6.172014749751894 , 49.60912184396196 , 6.136870716494464
49.62384423884243 , 6.164955950352335 , 49.63754232461807 , 6.172980469708935
49.65818275071856 , 6.000807299931149 , 49.59865761576318 , 6.137123362235948
49.6121136638317 , 6.121096474722027 , 49.65510200926359 , 6.135122984410609
49.62743006832915 , 6.171362769644845 , 49.66943253911453 , 6.036943359649187
49.6213299205503 , 6.124588199080844 , 49.66637647191942 , 6.032709777119873
49.63347925875635 , 6.111570969024263 , 49.56894254432954 , 6.089797352906698
49.57383135276234 , 6.020348172933221 , 49.666180592478476 , 6.1362605544226865
49.574304088398605 , 6.146157538974113 , 49.62481106464568 , 6.165828748799323
49.596567149032424 , 6.141226996598117 , 49.6398615838328 , 6.145116981590312
49.63632255350507 , 6.204685104591463 , 49.64644353052219 , 6.1465698175560215
49.623680208221465 , 6.186688317892229 , 49.59780086817604 , 6.146956795366664
49.60722529015941 , 6.122910449987503 , 49.57893013351521 , 6.150660241270478
49.607994823822374 , 6.140664545708474 , 49.58926114292323 , 6.072264676086394
49.647045171112815 , 6.005556913026617 , 49.66634657065018 , 6.147105206199579
49.57117231911555 , 6.168734156733397 , 49.60732915954236 , 6.141199715715756
49.636386852444254 , 6.14788148383313 , 49.64143088690421 , 6.253679086364142
49.634570368795956 , 6.183819686635604 , 49.65091670987822 , 6.239437023412752
49.61121730553524 , 6.153386234022483 , 49.600219995899295 , 6.1478169494099
49.62085572071651 , 6.17317453483227 , 49.621045001860686 , 6.213321958452369
49.622283445721756 , 6.115635227588849 , 49.60909148188447 , 6.1373416854687175
49.625420484175066 , 6.118895909074226 , 49.64538609247603 , 6.143747565769287
49.62629557762118 , 6.148352501627604 , 49.60437673996307 , 6.104517574822993
49.59068478157712 , 6.14267414671234 , 49.62713367428208 , 6.139815428252078
49.61261859329116 , 6.138187607377408 , 49.60197343963908 , 6.129264265884098
49.63282457929673 , 6.144141221032142 , 49.608247531320174 , 6.1123408484404
49.62907439312109 , 6.089638804108348 , 49.654853515154485 , 6.140702625703521
49.66822985644043 , 6.004318513157436 , 49.57237709567862 , 6.179519754554893
49.64582213647436 , 6.00084069634441 , 49.646025650188214 , 6.0218799265675695
49.59895643990697 , 6.148787136199178 , 49.63157070764024 , 6.181862921741919
49.56846435774863 , 6.169158482893174 , 49.62539292301884 , 6.116189663105214
49.62627591945031 , 6.130047886520609 , 49.60006242321607 , 6.133371367859215
49.61284092303689 , 6.118341611870552 , 49.612710484644474 , 6.117989622766631
49.611384528896586 , 6.137140079476683 , 49.615011043116866 , 6.119543599769919
49.65201098774929 , 6.0166446762562416 , 49.586369037048065 , 6.191980994686894
49.603621740305485 , 6.138116195334364 , 49.66846125838541 , 6.096500558008697
49.63663063633934 , 6.130503286756885 , 49.619471555459356 , 6.130726158513623
49.61562033499301 , 6.107521723816792 , 49.653637092441336 , 6.223199085389128
49.620766848610444 , 6.098044004432943 , 49.64824646665217 , 6.251726762186382
49.57448639311987 , 6.147796299537766 , 49.65179364480249 , 6.139227098477767
49.643977509395846 , 6.157753256322409 , 49.632669102569665 , 6.175236602001099
49.63449084107954 , 6.023118560348079 , 49.630631130506345 , 6.024297032752028
49.60681455395321 , 6.114836335338385 , 49.61270384952005 , 6.1244574047029605
49.62343009831015 , 6.0955582017552405 , 49.56728123006454 , 6.164956453963265
49.60677210088746 , 6.154520198983597 , 49.620571430182714 , 6.131653212559855
49.60288277334608 , 6.1282900944164975 , 49.657442206184015 , 6.016383396499135
49.59855716126618 , 6.218386326005078 , 49.624195400678545 , 6.114915861447692
49.629767414964896 , 6.059792710636577 , 49.624387402999645 , 6.163386832872796
49.64828200743412 , 6.140657585478037 , 49.63734767012442 , 6.145853906976911
49.61074370563659 , 6.115265892456219 , 49.624130131022255 , 6.17035763998211
49.616876206299125 , 6.3271339574499725 , 49.625550946241 , 6.181666474232315
49.610515924505464 , 6.142321212335594 , 49.657957785550195 , 6.147186515852332
49.64340277430294 , 6.141616313462586 , 49.62545989541128 , 6.082107580326155
49.62068370657808 , 6.096575136193746 , 49.639894875254555 , 6.176994423674262
49.623437171666545 , 6.12908149328923 , 49.62717730691619 , 6.195930008969886
49.57969514769839 , 6.122098113061897 , 49.609222744664926 , 6.1618681848737324
49.621508953618594 , 6.124827218059163 , 49.63137996272507 , 6.137307109021132
49.63297394903089 , 6.280847628495044 , 49.63432586322281 , 6.171258997910884
49.59613364385584 , 6.1446832898611 , 49.58871970219071 , 6.272648129772733
49.655814862770335 , 6.086136489801032 , 49.595871910411084 , 6.138625584341379
49.670068202070475 , 6.2392716985869034 , 49.6214162528245 , 6.112817253792958
49.610449241767206 , 6.136584121089545 , 49.606011492854655 , 6.141303963733555
49.65404538044793 , 6.317423931005364 , 49.658181601501106 , 6.116529635083227
49.62128569215189 , 6.132107229360701 , 49.60896518364303 , 6.139378081792823
49.597932542096444 , 6.233014266018428 , 49.626691477161756 , 6.182756240239027
49.63887300958426 , 6.023650314148408 , 49.63437716405405 , 6.2253892727619125
49.56545920981116 , 6.1556154486114005 , 49.608245901275644 , 6.156279603882018
49.599706913600734 , 6.166081614438721 , 49.58148179153038 , 6.162806056359383
49.61211644111653 , 6.14636889237885 , 49.583798466086016 , 6.095057762415382
49.56410840699482 , 6.16152018005403 , 49.63269109955947 , 6.103573131791101
49.62912400205303 , 6.04162006363857 , 49.607904856018436 , 6.086475389278855
49.629227055110626 , 6.285433162693053 , 49.5909797039982 , 6.122955232139482
49.60761491596206 , 6.148053490210053 , 49.61473955735672 , 6.181639807288054
49.61395982288068 , 6.124036258786655 , 49.628854771303324 , 6.130703319903781
49.63477168001729 , 6.180358814615933 , 49.63065182399193 , 6.17767823529798
49.66249667853565 , 6.0409483935585255 , 49.61274499315263 , 6.1372608731832665
49.61652043402457 , 6.263732492800442 , 49.60817989251008 , 6.132004977872917
49.63302893051103 , 6.211405502709671 , 49.63578786195623 , 6.271622440613616
49.596667088563045 , 6.1408806360883945 , 49.61089991581823 , 6.136433402563105
49.61187837553165 , 6.145181613667604 , 49.59741361794259 , 6.209023169015993
49.598127949877046 , 6.037873178889388 , 49.612824214809 , 5.999713458434103
49.63700719622927 , 6.140747719096147 , 49.61085451929652 , 6.111409929350629
49.59925984952528 , 6.139421876271465 , 49.65000317298908 , 6.247185711285676
49.62798426385875 , 6.122076598182424 , 49.6075542201433 , 6.148507503739459
49.60321177508004 , 6.104448802252102 , 49.59632197672193 , 6.128141615146042
49.61396654911537 , 6.076824820552041 , 49.63029053620559 , 6.055981486612328
49.66895928250159 , 6.224426605022839 , 49.60800806228755 , 6.145260985325871
49.58123361148411 , 6.138413044212571 , 49.619085414907865 , 6.138123095508461
49.61689179897971 , 6.189760061855967 , 49.61347596899153 , 6.096516491768532
49.60245819539473 , 6.128658661162187 , 49.61260874448815 , 6.0830935304846765
49.62327556991582 , 6.14671200033105 , 49.62974880507297 , 6.168553674268559
49.624480052298765 , 6.138791562407844 , 49.58113194276763 , 6.1124120634307175
49.67082363611718 , 6.040577803384557 , 49.59627506914193 , 6.132817621644669
49.62097402753898 , 6.14370899172267 , 49.657411724319026 , 6.130103455556856
49.63671595603254 , 6.129709352319929 , 49.63889736691651 , 6.2132994669925985
49.61089763472216 , 6.114839022082598 , 49.60871691474969 , 6.151514736867364
49.60598729481611 , 6.149650538383119 , 49.609648887874705 , 6.1317569870810935
49.646274880921744 , 6.215533899671053 , 49.57579310063351 , 6.182622599706959
49.59007309493119 , 6.146208917933112 , 49.64037086928728 , 6.220758271311711
49.61088978288939 , 6.0816893040882585 , 49.63576516260932 , 6.115519526456458
49.619917948762286 , 6.123447823802533 , 49.66273673176623 , 5.998042177352001
49.61262312360792 , 6.232296445791801 , 49.58985195726909 , 6.157424272248662
49.61043374038399 , 6.1458208861602035 , 49.61326490662819 , 6.166175356211168
49.64111497326623 , 6.2995239092538355 , 49.60425725791594 , 6.114311296179004
49.644877734705666 , 6.187163669436699 , 49.595596260036984 , 6.238044787081377
49.630790627946666 , 6.1724907991564235 , 49.60807287685892 , 6.147727388205706
49.57519074100637 , 6.043858670754954 , 49.62914430239943 , 6.127992559126489
49.61725707054537 , 6.181060958124301 , 49.57150582484527 , 6.219558910373469
49.62294829728418 , 6.10431540938865 , 49.59480366562711 , 6.315774735835555
49.615499248119555 , 6.12370934882939 , 49.62459953010484 , 6.122958442136372
49.57084244614019 , 6.114348239111357 , 49.620478507280666 , 6.126847602082465
49.608443709419184 , 6.121619818886531 , 49.586931020023265 , 6.223136172635361
49.651645221235135 , 6.129547553624329 , 49.64990515246055 , 6.139238184608529
49.62771573139168 , 6.196242465144792 , 49.65958986586504 , 6.099988149374276
49.570331951681574 , 6.1688443720797785 , 49.60240731452884 , 6.144353773277038
49.61273669638126 , 6.063369836544721 , 49.578517566977105 , 6.08598204651328
49.60906753572419 , 6.156307559086966 , 49.61502182289259 , 6.280766795298795
49.60672322074968 , 6.144756638242791 , 49.65522493315055 , 6.142630618811832
49.64260807666244 , 6.181508107032715 , 49.626875564356084 , 6.129195140891708
49.60078143848666 , 6.128859265275612 , 49.61670471403269 , 6.122160670169473
49.62710247876731 , 6.054872759637321 , 49.57053336565821 , 6.154430805158474
49.59042565729169 , 6.151727853109829 , 49.59971587045778 , 6.122132199880292
49.58724236614251 , 5.999411608491141 , 49.61386660920095 , 6.160085183246051
49.61861738724971 , 6.162226442689516 , 49.629102268522225 , 6.191255805648685
49.61167790067621 , 6.116165842379972 , 49.58044932536008 , 6.1189356477767065
49.6344123901108 , 6.054133298808931 , 49.570738169738725 , 6.155069838220235
49.59140950917661 , 6.1637937409406645 , 49.623134137843614 , 6.124857325308785
49.65477767461115 , 6.150221635636249 , 49.598103379550665 , 6.147951978405359
49.65675933236666 , 6.237390684394379 , 49.597699073954715 , 6.122716970542236
49.60336187628473 , 6.095945833502271 , 49.59378067889641 , 6.174951248208178
49.66340605375633 , 6.165535562455681 , 49.61013453474203 , 6.083543292294312
49.604224022033904 , 6.149162868009671 , 49.65401247033647 , 6.095602578988699
49.59947216223389 , 6.149541488723925 , 49.62272493627032 , 6.163460375924457
49.60376767676299 , 6.142445896862722 , 49.590954233342124 , 6.1885342719551435
49.61596685423373 , 6.1290164958629845 , 49.59832826085293 , 6.140088483749249
49.62884346075183 , 6.0415610087029865 , 49.66750661376446 , 6.105031611524084
49.65368502080621 , 6.307563251005471 , 49.58811298380204 , 6.141361308247855
49.57748376918944 , 6.031618412581743 , 49.625032762993065 , 6.122110720520705
49.607390854823784 , 6.143611782659174 , 49.612334885493745 , 6.144803949325877
49.62374043419037 , 6.116045768869654 , 49.62174300563432 , 6.116439798942607
49.590183351773774 , 6.158312110823349 , 49.56816969004171 , 6.12147473872996
49.61752150293845 , 6.1142014757503 , 49.617033875117656 , 6.182075679051907
49.60379038648282 , 6.1322978749765396 , 49.60176289155427 , 6.1451413999937845
49.61194859311223 , 6.140666311093713 , 49.59676755727787 , 6.128538168084
49.626551718484635 , 6.103330448341447 , 49.65734223902873 , 6.146837464616377
49.64543872417067 , 6.003244009044152 , 49.63258122592826 , 6.272566572989476
49.59840727226227 , 6.117191576363029 , 49.62886601258953 , 6.174983881026826
49.63632638217155 , 6.293904301582687 , 49.629502889259875 , 6.307991756004799
49.59890014985657 , 6.147586566535434 , 49.634499685045384 , 6.157978823475177
49.61427035760575 , 6.039122078862772 , 49.6229065621199 , 5.984936842303074
49.62882688158425 , 6.220261629736398 , 49.62909869091776 , 6.168155724694104
49.61568950452638 , 6.063485062216889 , 49.61327739633095 , 6.238719789764662
49.60722020469207 , 6.08322566673043 , 49.64455754526392 , 6.148264270467834
49.629103073680504 , 6.131129273722298 , 49.628563687185 , 6.147504713167475
49.623122082225805 , 6.149022256246757 , 49.62791282227659 , 6.079340513211819
49.58184213321517 , 5.9846691004507395 , 49.60813928660428 , 6.092787899385035
49.56405693306219 , 6.020654168929576 , 49.61260595701515 , 6.128496392593421
49.61488240216743 , 6.135460717221758 , 49.6188822921784 , 6.115765900762133
49.62091471504604 , 6.176440009153679 , 49.62827001280101 , 6.138311957574578
49.60304978842148 , 6.145885599553385 , 49.665066978215926 , 6.024217565896823
49.6291666291253 , 6.175105472804343 , 49.602425610475116 , 6.170397830449078
49.601562160252 , 6.154709237845538 , 49.619002791481904 , 6.120472173343142
49.6173453820972 , 6.105128917080541 , 49.61149689869705 , 6.130613842717595
49.6260852208236 , 6.129267622143301 , 49.64575530521741 , 6.141047906350087
49.64462222553697 , 6.092319798982009 , 49.601925161871435 , 6.165233855448038
49.57512304279327 , 6.156003841884728 , 49.57677156833961 , 6.1637624105088324
49.621027824265475 , 6.134682650703234 , 49.62903283426872 , 6.1484241731851155
49.61487325402415 , 6.076633011507226 , 49.61068727891321 , 6.094796463136306
49.615866161529446 , 6.131183908949047 , 49.61400398306703 , 6.1295200179986935
49.610733517890914 , 6.141548712941674 , 49.61882081263657 , 6.179185700778325
49.613373524187054 , 6.154353110287791 , 49.635908265696884 , 6.025630566734495
49.59843716422427 , 6.232940756260877 , 49.670905829651204 , 6.079717707088136
49.60502965288681 , 6.146472106779048 , 49.64094517725834 , 6.178696568753315
49.60732840979577 , 6.147714408692667 , 49.62455469291972 , 6.277603115111951
49.626729605479944 , 6.122822627670086 , 49.606992918852974 , 6.088459573947876
49.57931547062331 , 6.150918946074858 , 49.62409305557733 , 6.213178801740042
49.631895628466516 , 6.146538313780396 , 49.60714167821923 , 6.138330049929396
49.63381679249078 , 5.99153665479858 , 49.63259037025786 , 6.141074393099638
49.625124082341415 , 6.114222793536055 , 49.62534193965405 , 6.134202335979151
49.6146144022432 , 6.118751760278042 , 49.62618776744337 , 6.171609923074103
49.62089255599063 , 6.162246299762045 , 49.59220654348736 , 6.14581270303787
49.60829680323505 , 6.2639853873176845 , 49.58019875774118 , 6.104413646733447
49.60212982867077 , 6.174232355966691 , 49.6002232163687 , 6.206856191212913
49.63567450780875 , 6.2706574855797275 , 49.6236454766199 , 6.087755172277301
49.67006765597916 , 6.253349448190545 , 49.601576000854394 , 6.1492943582738135
49.64668618583178 , 6.265414360018533 , 49.62110990793233 , 6.160073391178891
49.61566121140632 , 6.097243111483259 , 49.656916118296245 , 6.128116014746421
49.60082240454254 , 6.188280443296118 , 49.57706821704978 , 6.09367485539603
49.63054929834832 , 6.220533604289187 , 49.61847951836481 , 6.175060174244198
49.628588513833506 , 6.147881852148947 , 49.64273132025672 , 6.022274847536973
49.60791580662388 , 6.178073693033853 , 49.64806886474475 , 5.995568333467291
49.664880401952 , 6.087429793494736 , 49.613478403743734 , 6.094366135055162
49.61465105459355 , 6.239576762916361 , 49.615167903331006 , 6.146506616958741
49.60810285676617 , 6.122196224057014 , 49.603681364035495 , 6.1425760916356404
49.59747911796079 , 6.153607180252833 , 49.612575398193485 , 6.077385804335973
49.65540838834481 , 6.121537347692231 , 49.634127402143804 , 6.1409051707381686
49.63065773235499 , 6.131723932089231 , 49.6594776838913 , 6.152283400800992
49.58971027782383 , 6.190190967126265 , 49.61544820872954 , 6.1866587245800835
49.62831489369107 , 6.172369786308897 , 49.56851429511683 , 6.197294763400654
49.64731633007712 , 6.228497886547912 , 49.650303413620335 , 6.000834704509799
49.65250059748879 , 6.099160566375833 , 49.638806407479585 , 6.181438609537437
49.61258400205144 , 6.142065163294144 , 49.62294710957534 , 6.074123042510209
49.61715557285053 , 6.11713371173659 , 49.62935527428002 , 6.095987392030769
49.628829020624465 , 6.117480518458352 , 49.60550560956222 , 6.068176850453606
49.63362713788048 , 6.257878071857987 , 49.607005873043576 , 6.138446232659732
49.62298716740206 , 6.163963874794669 , 49.614677427940926 , 6.1202525511061445
49.61615158802038 , 6.10907595936699 , 49.632078051340805 , 6.167039077600472
49.64372003146639 , 6.012609420583941 , 49.63157169237981 , 6.089843506692384
49.614401936428756 , 6.136997655944312 , 49.62284594829669 , 6.104502142181467
49.6370511878027 , 6.108205068048584 , 49.605327321450595 , 6.10526498938418
49.64116470776201 , 6.01968554068211 , 49.629239039697886 , 6.129879005936292
49.61521169962148 , 6.062638320322419 , 49.61276488767806 , 6.149549287180433
49.67017394418001 , 6.014282013261308 , 49.642692131784095 , 6.18171119866718
49.60805362316431 , 6.144968020687613 , 49.59137099538529 , 6.136233206057689
49.61775455549924 , 6.145417522454589 , 49.574269719036 , 6.180815605407199
49.60102255259059 , 6.132134799730211 , 49.60973454930527 , 6.104070504724988
49.63759140580661 , 6.147235197489539 , 49.62585909468385 , 6.196140389025461
49.65745512799149 , 6.129576772110937 , 49.65241779418932 , 6.137037609535503
49.566651898090406 , 6.18394442248939 , 49.57831491280239 , 6.133396891228506
49.64514941530065 , 6.154158520780867 , 49.58365533976614 , 6.119882682686073
49.6059397166352 , 6.146079989536925 , 49.565160793770076 , 6.103392298334965
49.626018352630865 , 6.1503275818130625 , 49.59394668191596 , 6.1577619044779555
49.65234586466546 , 6.129351734556519 , 49.59624123175082 , 6.143202972123697
49.62425366899459 , 6.108432661031976 , 49.600881154754035 , 6.117447383467301
49.65981072755586 , 6.093558456046078 , 49.56856851096803 , 6.124048020616193
49.60588029930392 , 6.106045635049037 , 49.631702341075865 , 6.023960596990644
49.571075295914724 , 6.170838749411348 , 49.63121936315055 , 6.124153712001257
49.602136679352476 , 6.0843405141426645 , 49.62628260883979 , 6.039365046730516
49.615280411309904 , 6.089881266842126 , 49.59208221253311 , 6.167817965652118
49.625200884306395 , 6.0603936906100495 , 49.623576859762515 , 6.120903807184046
49.65395359356972 , 6.130750881123023 , 49.661673735790984 , 6.125257477994143
49.60407843493878 , 6.2023657520911035 , 49.62846811682064 , 6.109212129056952
49.609291465310754 , 6.134913707903292 , 49.6154411930065 , 6.111324400887888
49.58029945314782 , 6.05393038864266 , 49.620416505143254 , 6.0571715924607155
49.604136004234064 , 6.113495857609417 , 49.62724113965076 , 6.1843333480295515
49.614579145610634 , 6.112984067958114 , 49.616152821053156 , 6.129427448359653
49.5741518174405 , 6.165915428709442 , 49.59003086333845 , 6.148202927611453
49.62192280813695 , 6.172506612159265 , 49.646734041775886 , 6.134715106130257
49.663432607788835 , 6.127886531562384 , 49.581198956891306 , 6.151314250167481
49.58144111073254 , 5.9897772497269735 , 49.62041949608186 , 6.177991297184921
49.66249238157345 , 6.286751000486682 , 49.612121829898506 , 6.130462951143974
49.63911416195213 , 6.1487330709334245 , 49.66886153703398 , 6.123456962742076
49.62756811563619 , 6.278078133083495 , 49.581364592113765 , 6.1825030689369145
49.62036968153002 , 6.114961819218138 , 49.62097240633306 , 6.117537325159264
49.60447246119956 , 6.141347257887361 , 49.5715466521041 , 6.1376237789423795
49.624183652018786 , 6.1186356914140925 , 49.59754399353209 , 6.150030997070471
49.61502228101041 , 6.150646524298654 , 49.563682077424836 , 6.1246686457004165
49.611071793351606 , 6.178164505955641 , 49.63430508915967 , 6.1586539458515235
49.61814737004421 , 6.133008089526629 , 49.60754200854101 , 6.152910573910052
49.6566785975192 , 6.131231709335777 , 49.59714874769789 , 6.013792245450261
49.62725130815928 , 6.030796272486208 , 49.62193977385468 , 6.141804271751945
49.61116702506502 , 6.146324466975988 , 49.604332160413264 , 6.2312107941379145
49.59220188052856 , 6.2712366033271945 , 49.59698423730496 , 6.147691752263708
49.62108525060937 , 6.1205157196383855 , 49.612395539311905 , 6.1464557994699955
49.653046305440235 , 6.123612088828812 , 49.63573292742894 , 6.213008684652469
49.61119540335675 , 6.104986450078322 , 49.622276759140995 , 6.23757426164797
49.66580079230432 , 6.304401628090745 , 49.61388210859473 , 6.060657698550945
49.62062290939108 , 6.047405767492123 , 49.64035341988755 , 6.146813108301941
49.604782137349964 , 6.137175534378968 , 49.61297886359696 , 6.147695066579537
49.61111877725949 , 6.149407012720635 , 49.62283998816354 , 6.223172394786271
49.60599133517323 , 6.146896559243136 , 49.6562729361918 , 6.121622714479437
49.63309325815423 , 6.136349407075075 , 49.625643786103275 , 6.130560651286312
49.644469211497366 , 6.193530834534537 , 49.62213973932806 , 6.178228903711121
49.66474289951895 , 6.307811812902995 , 49.646028760944816 , 6.2428246713842865
49.58954484977526 , 6.148961438054489 , 49.63148810499776 , 6.1380894059632345
49.60550673527024 , 6.137729148223232 , 49.62553418999085 , 6.152708285940659
49.60473513718449 , 6.148031527908147 , 49.636446613353286 , 6.071978737677265
49.605667805698715 , 6.079308381457871 , 49.603042911913725 , 6.145581392267516
49.605801810184026 , 6.149761958382825 , 49.6094239370124 , 6.310131427261628
49.615754526169034 , 5.986728427149767 , 49.61663109762716 , 6.127620320807067
49.610867253026726 , 6.134487921115224 , 49.62505541582237 , 6.096871758793032
49.57937046645681 , 6.281511443204017 , 49.60783587903025 , 6.152276144095837
49.60395172944346 , 6.13288757653333 , 49.599348431182534 , 6.264982323555024
49.61921126073102 , 6.132647366228111 , 49.65508058104742 , 6.030515044967026
49.62509677116995 , 6.14010404920193 , 49.59580986607647 , 6.102936288120768
49.628483215784776 , 6.133242149091263 , 49.619226070518074 , 6.116716080780512
49.62445492970479 , 6.159586311737943 , 49.61264189500676 , 6.064544374101906
49.592238058263916 , 6.255423950865695 , 49.655094114139196 , 6.103958148558696
49.60667074299916 , 6.115297036261148 , 49.61823526091248 , 6.130369606173066
49.59741601909252 , 6.135239913868042 , 49.63071053660367 , 6.215512366634016
49.61291515393394 , 6.158545488789507 , 49.60920598244586 , 6.17866273508302
49.60041626544404 , 5.997311286505374 , 49.5809192215634 , 6.138059747642313
49.610334920882046 , 6.115412641969692 , 49.62454718078719 , 6.130415612745718
49.581148184850704 , 5.9900889178764425 , 49.6273207471548 , 6.144965667683711
49.65251841368844 , 6.01834137418773 , 49.61481658630427 , 6.120370059974895
49.623984926329335 , 6.183343923451676 , 49.62354840650183 , 6.082581107050824
49.62078005341002 , 6.180603885143864 , 49.60999330442001 , 6.11069691349088
49.628935958974715 , 6.075159446402041 , 49.666515604548024 , 6.038032790104218
49.580965770327275 , 6.121111715528863 , 49.58252281177737 , 6.159436879325807
49.62742811316683 , 6.18531816766745 , 49.63744260296535 , 6.149700813885812
49.62896098940336 , 6.1803837370109616 , 49.61699214841058 , 6.051184993406186
49.58291809123748 , 6.022393543676358 , 49.58962155140201 , 6.181252747286827
49.66807017350026 , 6.012364833244489 , 49.59333309925089 , 6.150917245500654
49.60754223509744 , 6.1455656378516546 , 49.62378689791786 , 6.11469764829312
49.621153649471424 , 6.169220569577113 , 49.60982248231774 , 6.142754907019981
49.61669281824965 , 6.13982653783257 , 49.628610924148816 , 6.168218694054792
49.64152307395667 , 6.090919595507366 , 49.63410031586363 , 6.143532316207941
49.64607916283189 , 6.138994638311915 , 49.624949624680916 , 6.1355528595785795
49.62077503131586 , 6.1309775975421665 , 49.649449797707355 , 6.148543435961836
49.62427621028266 , 6.204605171418324 , 49.65602736690038 , 6.120768879041321
49.65948396981486 , 6.171262090449465 , 49.603248511784535 , 6.128131604647298
49.64547891030569 , 5.999446006579706 , 49.66695474591001 , 6.144416248783684
49.64603528206077 , 6.307387028726778 , 49.59814136883654 , 6.149851596598429
49.62752256355711 , 6.128114860522831 , 49.636448743173716 , 6.124416551471543
49.6022742758626 , 6.114608862879843 , 49.58056568303415 , 6.006552634633531
49.62168549237767 , 6.059694885371525 , 49.5757340538777 , 6.1835970189247655
49.61655600910816 , 6.078542998935396 , 49.638578852271564 , 6.139408781994737
49.597920176845264 , 6.140876306898983 , 49.62338408697739 , 6.096651332044387
49.6167739439122 , 6.129453450150634 , 49.62040628855061 , 6.07556595213154
49.63119290684296 , 6.090781325199392 , 49.587425014730634 , 6.176479838182929
49.63287415398947 , 6.083616445372726 , 49.620990609766174 , 6.28317340109385
49.586380512929864 , 6.237889904176206 , 49.60598871485504 , 6.160745371251564
49.62783660141331 , 6.200650369142573 , 49.579820027721915 , 6.130045877196498
49.67104890755397 , 6.0996990688840125 , 49.637106292517444 , 6.179467331917008
49.60416958194718 , 6.142886275423066 , 49.58980193665551 , 6.142994707353655
49.62479793510833 , 6.128223099851801 , 49.60003134721403 , 6.14819484528219
49.58328725975653 , 6.229558763940793 , 49.60031155374746 , 6.153644765420981
49.640058950484885 , 6.2198432489563995 , 49.61261127027457 , 6.090148968197789
49.59891816350209 , 6.098446833401509 , 49.6032028086085 , 6.093685672140013
49.62142001168845 , 6.2696322704038225 , 49.66542906009579 , 6.131495990921003
49.62919963379924 , 6.181921871630541 , 49.61403302134141 , 6.132950540027514
49.56323820331851 , 6.1685217003491335 , 49.629389616665485 , 6.156623358111056
49.64871984841847 , 5.983319214883645 , 49.60360759351039 , 6.0529980468165565
49.648995984788485 , 6.136305233162001 , 49.6170973610445 , 6.161624463069142
49.62727538532681 , 6.121718188032471 , 49.584243494631615 , 6.139861622606148
49.57720898852457 , 6.1739014651701964 , 49.61887360027114 , 6.103123604934419
49.60405146062978 , 6.134797353020165 , 49.62488936743872 , 6.087585618977128
49.62567509834841 , 6.27675557202183 , 49.622451097248074 , 6.080275574384979
49.62913132343884 , 6.109748674016482 , 49.602279447636704 , 6.158417858046016
49.604619145474615 , 6.055382665044091 , 49.60244854427763 , 6.101703096320421
49.60779885738449 , 6.105122589349438 , 49.62889382170567 , 6.05630294975501
49.566949391855715 , 6.230830693641249 , 49.60135144179295 , 6.126760068470022
49.579507289801214 , 6.101975137635089 , 49.61914899313737 , 6.091198133552514
49.598319841998695 , 6.139071999802707 , 49.61638190908195 , 6.109488945159127
49.62075374320604 , 6.172476843899566 , 49.60765270551506 , 6.146950462393767
49.634564704317434 , 6.164393411320218 , 49.603725662354414 , 6.147234420798752
49.63502392288962 , 6.022388454084253 , 49.60870189571468 , 6.136607837434924
49.604466054414374 , 6.115939805684898 , 49.62024594746466 , 6.146817266151895
49.60449422399322 , 6.145786382539327 , 49.66916950396426 , 6.155377864125971
49.622864559953484 , 6.116711657285372 , 49.62879783702823 , 6.047132813535569
49.62937366938864 , 6.029960623229422 , 49.62543327305752 , 6.129278180343717
49.64561204167029 , 6.145159523344854 , 49.61107941704257 , 6.281699368908129
49.633249591370024 , 6.19843891389263 , 49.59984315654402 , 6.128314867547301
49.636912654654566 , 6.198700288234516 , 49.64263348262744 , 6.195547111562672
49.621696806827735 , 6.297661847015524 , 49.64764193284953 , 6.147320375721612
49.64478818776468 , 5.983559740338586 , 49.668272413573014 , 5.991955629793525
49.62073965881033 , 6.114401705621426 , 49.632497940740386 , 6.156476609817015
49.61412365652431 , 6.121550794350762 , 49.65517415510947 , 6.099180488990504
49.59512128494891 , 6.138345734876047 , 49.622837970205026 , 6.16615266986425
49.64827739120952 , 6.251094446929152 , 49.61227010594594 , 6.1408412881447845
49.57075919272218 , 6.105661304408258 , 49.62789492704442 , 6.134839563806011
49.60112932038401 , 6.158940177691322 , 49.60789375867021 , 6.150190482829875
49.61264599853756 , 6.1828308548451965 , 49.60797764948797 , 6.147476824383517
49.66869023512125 , 6.139390840138408 , 49.65063709510919 , 6.281123842153633
49.645538929027275 , 5.999699127298 , 49.6676316072152 , 6.1365952273652775
49.62123512753347 , 6.079806744025558 , 49.615143616631876 , 6.11981884520288
49.618170371319025 , 6.110553767590441 , 49.575916806444084 , 6.1665613666080485
49.58811771086313 , 6.2662014378944475 , 49.61095268111126 , 6.154902291966536
49.62035384314476 , 6.07659376651343 , 49.61097901289568 , 6.188559443251017
49.6142831064519 , 6.05584271415403 , 49.59641347938366 , 6.006233522217492
49.61225736681264 , 6.128090081269125 , 49.654463598555765 , 6.126262441627326
49.611974751544636 , 6.156841639077163 , 49.64204437616379 , 6.155773015683417
49.61176430461289 , 6.103447887611441 , 49.60288223506242 , 6.142924209835507
49.63043931727316 , 6.235075372492918 , 49.56679306723351 , 6.151613549200977
49.623888704807214 , 6.07247615718857 , 49.61294558577351 , 6.273252035037162
49.620204354205 , 5.992433136756309 , 49.628778481234676 , 6.191452310989881
49.60683143475303 , 6.099557679918435 , 49.66343576122894 , 6.131919520430488
49.598626223558746 , 6.1148130491675685 , 49.60607208386989 , 6.141034347610855
49.635146764518396 , 6.241665176828453 , 49.6055358231221 , 6.311118660153337
49.610952149355036 , 6.116128419282801 , 49.62811226402508 , 6.225803062675184
49.618522240976205 , 6.120319944471776 , 49.62118211459963 , 6.165428296340561
49.63217994715316 , 6.2122305452343705 , 49.60746434954316 , 6.135637434837566
49.59853015275491 , 6.288466137079201 , 49.65436195821555 , 6.140723887820686
49.62583031463502 , 6.133014514485258 , 49.65879660736428 , 6.315001148887548
49.61886338525761 , 6.133821158504262 , 49.63750404127601 , 6.145871363975523
49.62871766444985 , 6.111658200061344 , 49.58501948654566 , 6.290215846417701
49.62639599715185 , 6.1264392441985205 , 49.60784021218771 , 6.148730395292392
49.602172868172815 , 6.112470705347582 , 49.56856302867446 , 6.079007087579464
49.637474367252274 , 6.14591921190052 , 49.62517335272877 , 6.130863206666517
49.66091092837948 , 6.144009055912757 , 49.60617728259921 , 6.256324532030247
49.62322192289354 , 6.210315162551098 , 49.60606102814964 , 6.140568051662038
49.609095496026626 , 6.149948623820206 , 49.62310884560313 , 6.127586660118844
49.576916408635626 , 6.154815823906833 , 49.583204095474095 , 6.1223914928464875
49.61197332838007 , 6.120237883255132 , 49.615943366159954 , 6.080557474270552
49.62231690540736 , 6.190870165514683 , 49.603892612498846 , 6.131282382693143
49.635659730076924 , 6.148336459497919 , 49.666082114700565 , 6.0303197436798675
49.60101155698172 , 6.075607905085653 , 49.61258332669961 , 6.253244029164902
49.61976225381871 , 6.131269030068205 , 49.659120502854 , 6.081396172189634
49.62147676505043 , 6.280438309204987 , 49.62013932015759 , 6.139238262406782
49.64946480898039 , 6.146301445059621 , 49.57099204349231 , 6.140258017414561
49.64769087406284 , 5.981171232442434 , 49.600496647741835 , 6.15078201474692
49.62113311535475 , 6.112739437917499 , 49.63980233269592 , 6.2126307309304325
49.61110449459854 , 6.146949042826406 , 49.61576846932787 , 6.130988695210788
49.62610317544978 , 6.15835483565119 , 49.60738942387028 , 6.13168687770471
49.607716635347145 , 6.120518224493462 , 49.62520656670183 , 6.061337111700489
49.60487455498447 , 6.1466237093004565 , 49.588053681535506 , 6.128692338306113
49.57340696987394 , 6.0825515555109115 , 49.63188220118448 , 6.030322452645628
49.66132668648814 , 6.1192836490384535 , 49.59764443396773 , 6.162708030749194
49.625334005786364 , 6.084856280539279 , 49.62088832412419 , 6.122159918321875
49.62282862046023 , 6.091311260009929 , 49.65990917920462 , 6.264281764933239
49.60200461067257 , 6.20760216304064 , 49.5885908851375 , 6.038264005985064
49.59585610037814 , 6.140339930927517 , 49.64966588127066 , 6.1135305224221375
49.59169374108901 , 6.125349232575192 , 49.65487342388029 , 5.993605246110864
49.59157238617698 , 6.23556209412444 , 49.65806344693871 , 6.228062188333995
49.64082379008106 , 6.0215564351968585 , 49.58152620516007 , 6.1451952922777515
49.63015038489231 , 6.113431204367599 , 49.62163098995468 , 6.273790572997049
49.61791774107211 , 6.188646773312385 , 49.62537438358609 , 6.170090607445986
49.59445540145266 , 6.144495296447322 , 49.60982012665595 , 6.12447082331164
49.62069042769913 , 6.082107577421782 , 49.58074201097302 , 6.158191151432557
49.585925492272466 , 6.221741044108271 , 49.65683190858462 , 6.144953984536212
49.64887333945873 , 6.128468387054908 , 49.58069861672355 , 6.150867304872043
49.60527401526493 , 6.130475947193646 , 49.6322917413097 , 6.04073073086912
49.620011524042816 , 6.231359441384092 , 49.66688399092015 , 6.095844302497129
49.59797025552315 , 6.158356218456748 , 49.62503413042594 , 6.124121215957998
49.624616808587994 , 6.121681666644586 , 49.60412039089201 , 6.148767628126535
49.625098358492735 , 6.19064239874088 , 49.615186550030856 , 6.120091299786333
49.63749359975638 , 6.123746925588009 , 49.5965463090611 , 6.177321903602422
49.595396415770104 , 6.146207370230743 , 49.606181180829495 , 6.1395728276104435
49.59013640534156 , 6.24869610320175 , 49.61595609144445 , 6.166383799966531
49.57049186602676 , 6.07874215276971 , 49.656990745400236 , 6.084845272106572
49.61240058634981 , 6.145382204509775 , 49.596505851195914 , 6.132050901088658
49.6131761720339 , 6.114854841031185 , 49.60032380848199 , 6.172369639993457
49.60148480092583 , 6.128985416810739 , 49.61584845343627 , 6.147383240929997
49.60104753581735 , 6.15155673306344 , 49.60010650166407 , 6.1481442604471335
49.6268781423257 , 5.997773400677198 , 49.59595620769376 , 6.258010883904046
49.60353981424951 , 6.142794815673172 , 49.58521318521088 , 6.116286776804591
49.63144817381485 , 6.136718029426529 , 49.605954702690376 , 6.136302975029737
49.60661695341374 , 6.144957609699296 , 49.64452309920765 , 6.154599561866694
49.63958191065774 , 6.028293052481101 , 49.61058173699856 , 6.272661861958309
49.65595069343418 , 6.094549340156759 , 49.61149786185672 , 6.139678451334666
49.61265139961342 , 6.1391316430389775 , 49.608928482029356 , 6.1142676111452445
49.607795339824165 , 6.14662690156086 , 49.62580596652807 , 6.126008889700797
49.606714709203096 , 6.273791503283026 , 49.58441699633406 , 6.161710769925812
49.619692779003145 , 6.162379737969682 , 49.59083463952918 , 6.080451316885234
49.594804279433106 , 6.108611233599305 , 49.626792132895815 , 6.131580361118841
49.6204402885923 , 6.12987777758394 , 49.62109665214429 , 6.0955493433094645
49.645526537065585 , 6.1397726018955385 , 49.624495162161715 , 6.037066687292298
49.622978463989405 , 6.126763581461777 , 49.611696602273796 , 6.131103271638201
49.59841701290131 , 6.0525429882430055 , 49.624187580306476 , 6.044927456176089
49.62058347738437 , 6.0420567823028355 , 49.661772426947934 , 6.0719242453451985
49.62983830105405 , 6.024551912781414 , 49.66174768369862 , 6.091365259691636
49.668462164988 , 6.03016866647907 , 49.631712221579626 , 6.146228702695077
49.58719324749939 , 6.155179821396772 , 49.62719103658047 , 6.086894237254094
49.62945149159921 , 6.08850577902741 , 49.57400941374812 , 6.006840777882992
49.62953413361032 , 6.154075542130493 , 49.580709672178315 , 5.998081732011918
49.624849833196016 , 6.065651374817418 , 49.611060528923055 , 6.047488249349355
49.65706797746573 , 6.143468545794688 , 49.64911147838862 , 6.116043365017114
49.61473072690448 , 6.262299243432078 , 49.65390518045185 , 6.056399500590295
49.631726134967536 , 6.182486887700385 , 49.57116717684752 , 6.045892836809246
49.600061144266185 , 6.157055926193565 , 49.595701527277875 , 6.140465963034587
49.600684351629035 , 6.086315210770176 , 49.56749927330781 , 6.015367286844175
49.61760209303519 , 6.1317462563519705 , 49.64605734255214 , 6.141262074692597
49.636352785024314 , 6.1699521901979955 , 49.614313967119905 , 6.057458788972859
49.6127027968227 , 6.111126113070476 , 49.61071538228623 , 6.089254068545347
49.6203236802963 , 6.126955580633465 , 49.61671660864618 , 6.180580679410741
49.582911597782186 , 6.145503806953371 , 49.61109082801729 , 6.10893788323353
49.64646573017228 , 6.241574375289481 , 49.66764939849278 , 6.01911897367146
49.64562220137344 , 6.128219125587894 , 49.61209400594708 , 6.081105430856871
49.6071984961777 , 6.22857749927835 , 49.61909891135046 , 6.167175655925402
49.58743809042858 , 6.096412135171493 , 49.642404849177254 , 6.1461173807066265
49.6186943822372 , 6.1651446253756585 , 49.59596065225574 , 6.150792777680338
49.622593076867425 , 6.258968970980577 , 49.59269412420581 , 6.13961871967304
49.62715734034618 , 6.09801234440977 , 49.63386849370348 , 6.139390163833382
49.60249488578276 , 6.141606829338367 , 49.664870139701755 , 6.037196884142317
49.6314826846448 , 6.14471900127023 , 49.635518709397694 , 6.191055026504742
49.63163628780689 , 6.286539933946749 , 49.63157965863928 , 6.02584111403138
49.628778495496576 , 6.133223115756243 , 49.63070026177057 , 6.152536271139015
49.644697192977574 , 6.137801798986985 , 49.6019446856173 , 6.163068383730637
49.64990771110082 , 5.996894269456487 , 49.58804889977276 , 6.153025985483229
49.6300414655093 , 6.16477070920458 , 49.63695912056992 , 6.178502891305626
49.65618087359701 , 6.263422946130162 , 49.61656341087524 , 6.112778908814404
49.64184668716736 , 6.018527665296046 , 49.63044868721946 , 6.1681711945322375
49.60725925455195 , 6.1414517333332155 , 49.61662618976275 , 6.11374898234144
49.62006221827218 , 6.123942126175306 , 49.622728298652454 , 6.1232785793624736
49.58216156040026 , 6.178879394534021 , 49.62063672386199 , 6.178279893830359
49.613023394471995 , 6.182248449400235 , 49.61948780131553 , 6.141016611367924
49.58206749286908 , 6.158097187086447 , 49.573681556868806 , 6.141195077424804
49.63237714858425 , 6.120363875803733 , 49.60005505570968 , 6.298160309151491
49.61713114265962 , 6.1457012423040895 , 49.58666993304918 , 6.133057179357646
49.58270009131251 , 6.157995737035913 , 49.61513896510133 , 6.146325602011994
49.59813917579039 , 6.156141460556393 , 49.63974587164608 , 6.272956161532597
49.60054865492585 , 6.148190853058447 , 49.606812535836866 , 6.153770274985907
49.57055176831193 , 6.165194013369486 , 49.63711928355637 , 6.034947796639352
49.57305804173713 , 6.166218969804787 , 49.62039510093941 , 6.174513934556866
49.60224147489726 , 6.13789618891567 , 49.64053283505482 , 6.071525028232458
49.61691817471466 , 6.169099375561337 , 49.657494793340526 , 5.99955818587074
49.60661408457261 , 6.177118810445444 , 49.5986540980293 , 6.1398979224011665
49.631489328677524 , 6.187428022899847 , 49.62856102179474 , 6.170376327525057
49.61576281701321 , 6.1126674645090135 , 49.61096657930033 , 6.141235781148656
49.603952301972534 , 6.1434322165954 , 49.60584991196713 , 6.305924232045032
49.611987369196235 , 6.115218688333843 , 49.6074443392015 , 6.138843823892031
49.67067536792053 , 6.140909128116918 , 49.62176688809242 , 6.174782700169436
49.62913955719831 , 6.223836314670649 , 49.59846330903107 , 6.124821867222177
49.571220184235706 , 6.164126731534571 , 49.613469774277235 , 6.001419832247558
49.613542272359915 , 6.25731832031236 , 49.64071697107967 , 5.988223497597813
49.63775738640389 , 6.143099890383196 , 49.61551972468407 , 6.111992205209548
49.64796261136832 , 6.119520241806647 , 49.65026979149991 , 6.112830503618333
49.6543562899518 , 6.081494020314701 , 49.629646641460816 , 6.029067170466691
49.64296234749793 , 6.229687057759318 , 49.60780070807814 , 6.124888975080075
49.61799569834084 , 6.127105358412696 , 49.603332920867075 , 6.130136444862401
49.615614416677246 , 6.086349003738901 , 49.63339917962871 , 6.03589028000141
49.616869650776415 , 6.098940648539244 , 49.59096002542685 , 6.252389583849804
49.59452415718741 , 6.239990389184483 , 49.6036232006554 , 6.150552201717956
49.60416760910946 , 6.116419277945847 , 49.6143207647645 , 6.103727207235666
49.62692157020214 , 6.044801582761809 , 49.63472908110972 , 6.132465681765122
49.616724889050545 , 6.132321034014472 , 49.62804015311648 , 6.185168422114961
49.612602114761444 , 6.122277008421279 , 49.62046505366538 , 6.083238503468908
49.602400651024524 , 6.149717636858055 , 49.588995130044374 , 6.248921770347048
49.63519048054417 , 6.157712141614556 , 49.62763229983226 , 6.060567337702608
49.64871263857936 , 6.133551362585768 , 49.57382180447583 , 6.0780456006847485
49.63533434617109 , 6.072096184290946 , 49.62196232040489 , 6.201493321349127
49.625949231363705 , 6.073437038340207 , 49.63446388450876 , 6.103344317112469
49.62515254005424 , 6.059976225047761 , 49.59994306179609 , 6.1199397141488525
49.63701770552632 , 6.1141047421576555 , 49.61919072143762 , 6.079591564209732
49.63740644046578 , 6.2819157931052985 , 49.61316140266843 , 6.121655729365657
49.667454907808136 , 6.033559301560516 , 49.61397597296112 , 6.00313369219659
49.65117890854963 , 6.148661180945079 , 49.634370896585715 , 6.198884859342177
49.62023368324805 , 6.145854053820238 , 49.629274857582914 , 6.119873294309953
49.590914038511634 , 5.998054078901196 , 49.584665955913046 , 6.152107442372618
49.621287020074696 , 6.057161168620429 , 49.658455078260715 , 6.149538793945536
49.63338007452175 , 6.16786401123482 , 49.58142324424512 , 6.121995723300043
49.60228032829884 , 6.148098622871738 , 49.6390108462849 , 6.141230018232845
49.58730815670763 , 6.149237953673102 , 49.60184978370355 , 6.180015927766425
49.56412261485561 , 6.081372405311626 , 49.624320036925646 , 6.123785498353942
49.62575986448505 , 6.176235823479146 , 49.62003081879803 , 6.069947802256834
49.61440410409079 , 6.1620006822551305 , 49.655387663396795 , 6.295213221348457
49.649159865499435 , 6.233427967380764 , 49.60542000155105 , 6.127540960673166
49.61309057283066 , 6.0994151304482385 , 49.612581277312174 , 6.146837505557827
49.656589952876786 , 6.277256243472762 , 49.61817469954839 , 6.123795436183455
49.63420124106139 , 6.172589295279712 , 49.61532395665803 , 6.125899894046748
49.633864006257625 , 6.03123637574383 , 49.56637275910474 , 6.1539317106942475
49.63618297379814 , 6.021841954807641 , 49.62272900014286 , 6.113743140476901
49.67064401411287 , 6.140435196805995 , 49.62348485431101 , 6.178914335596307
49.57932676051179 , 6.139469761661208 , 49.59625491976259 , 6.12147077172769
49.62827681202012 , 6.108872313238408 , 49.6369179622454 , 6.0167990604722155
49.60410211354433 , 6.132203593036584 , 49.60388541272432 , 6.122548947297553
49.623994878425 , 6.189505880287591 , 49.573626017991295 , 6.1515584029453185
49.617992084837944 , 6.114259055387024 , 49.61489536644785 , 6.163658852315654
49.63347542178864 , 6.188466771940389 , 49.59845645725285 , 6.1315346213190365
49.634688544504925 , 6.139569792386056 , 49.62463451374773 , 6.145748973462347
49.60610248645986 , 6.092589731921519 , 49.60433841778305 , 6.138511869310353
49.62938415640307 , 6.151643856399966 , 49.58720693425516 , 6.069580575351784
49.62687883464163 , 6.128127509358538 , 49.62636295274604 , 6.160166095476029
49.57071049775747 , 6.125047233766476 , 49.57940337655014 , 6.146072354003197
49.6281406870159 , 6.187357997050207 , 49.6170175673007 , 6.1404173897618355
49.6314008539302 , 6.143786583642506 , 49.63977781670044 , 6.145931213247141
49.64906121061542 , 6.0075744625811405 , 49.620970668318314 , 6.120036158467253
49.6328746605526 , 6.183374128991575 , 49.651366086333574 , 6.141565552217395
49.570814416168666 , 6.158163548619874 , 49.628544127314804 , 6.163239465462974
49.62916942136367 , 6.03331618370856 , 49.613092083494955 , 6.095580158303326
49.59230666092818 , 6.174147068263341 , 49.62182442666333 , 6.120004332679683
49.62138955708621 , 6.063743352021179 , 49.64392791254695 , 6.237010249932146
49.57462932564448 , 6.146800689740715 , 49.634186539324986 , 6.149006424187593
49.59568118843835 , 6.130534153266382 , 49.620209502486986 , 6.045539477989466
49.61509350552038 , 6.085348958298731 , 49.63252987301876 , 6.188166203671312
49.65080535843703 , 6.195606382417795 , 49.661856301410694 , 6.141999736016215
49.605184711802885 , 6.129025086154911 , 49.62901561763147 , 6.137479771572703
49.62517934970685 , 6.15820729238807 , 49.620101809443945 , 6.198658153839597
49.58006054057179 , 6.14574977789413 , 49.61678929310151 , 6.119601520920279
49.56922347801831 , 6.171640114660013 , 49.60572820594087 , 6.116190906591998
49.60792806603396 , 6.095586611064596 , 49.64047695839124 , 5.978079978626327
49.665721736434875 , 6.1258033724655165 , 49.65988095779425 , 6.273728920364851
49.66344609088196 , 6.0758279620581375 , 49.61633976714467 , 6.062261312546793
49.62585124381929 , 6.030704996221994 , 49.61376758574897 , 6.116401684597598
49.63572454702962 , 6.28230802571728 , 49.59986608842548 , 6.128556073948866
49.63677967899931 , 6.116410341417793 , 49.57351173134729 , 6.171287251828367
49.64877672431002 , 6.139767888192882 , 49.61000964062819 , 6.1488025623881555
49.628049731574436 , 6.10849443427785 , 49.61808903083666 , 6.12054026388461
49.575849762108504 , 6.139311795035113 , 49.635998990451235 , 6.030368508267809
49.59848529846656 , 6.114638059272181 , 49.6100131369958 , 6.067295279470547
49.638231956738245 , 6.212791241874756 , 49.66605138565983 , 6.093836377324051
49.582836027175816 , 6.147701956323107 , 49.663816194620075 , 6.296348341767595
49.619949562619375 , 6.188285835019754 , 49.65310831335299 , 6.040432325508374
49.597817103330605 , 6.112619223320773 , 49.57820365555368 , 6.167535418714936
49.562985564459076 , 6.119189548462379 , 49.62177642058402 , 6.151653529801052
49.62532857102009 , 6.114530413586155 , 49.642866655054924 , 6.191261557870839
49.57077922400614 , 6.122960345474019 , 49.61408784078956 , 6.082761774319646
49.59088710222316 , 6.190756437306269 , 49.62451850516152 , 6.129441878430753
49.669473580955604 , 6.0981625571606175 , 49.609853940535125 , 6.105743325741771
49.580708803190284 , 6.144723284239306 , 49.594218335315574 , 6.129274777140408
49.61536114507989 , 6.10314769533203 , 49.619537514216006 , 6.18167465117378
49.65246960261049 , 6.006067126357658 , 49.60343703527943 , 6.157640892912562
49.616726318910835 , 6.1658427699424365 , 49.56649652293515 , 6.163958305268395
49.60397698253329 , 6.0877290207809835 , 49.59913657949909 , 6.145461150623808
49.60387683305043 , 6.046155032990284 , 49.60336387488866 , 6.135872600421226
49.60935011219416 , 6.138862473461733 , 49.63563999472193 , 6.022884518263506
49.60044945624098 , 6.232405958788254 , 49.61428262453193 , 6.104366054567767
49.59989178221221 , 6.136746601365186 , 49.628333505110795 , 6.136988549182549
49.64384365738701 , 6.231268077561953 , 49.63773557378942 , 6.021390619151565
49.62955263727738 , 6.2877921514909705 , 49.614462381616484 , 6.1455104486851075
49.628970719578476 , 6.132692443369211 , 49.62377721816577 , 6.116437050627638
49.62228288450312 , 6.256410384540616 , 49.59153148410884 , 6.12386075874311
49.59901470794465 , 6.208358269423892 , 49.63073361987903 , 6.020346766332324
49.60414637404591 , 6.170537728281392 , 49.604319285944364 , 6.138914005105699
49.63748574164081 , 6.183115090089356 , 49.63387074325353 , 6.145270900332829
49.58049388200215 , 6.131008116835641 , 49.67069546285233 , 6.130169098122824
49.623960659419474 , 6.128012880436235 , 49.63767285461334 , 6.209324031520826
49.60860143070355 , 6.138603845909093 , 49.62727558126728 , 6.16677305593359
49.629209439072675 , 6.080903859964958 , 49.57307270365443 , 6.148673573868138
49.62743688510866 , 6.056965771935046 , 49.610058616027715 , 6.135759809078091
49.654098064879825 , 6.254905746733831 , 49.59827105064788 , 6.222223581031636
49.668054920295596 , 5.995416909300814 , 49.614063301652315 , 6.096616807646071
49.60078462898072 , 6.137128482864362 , 49.66857108386659 , 6.303846742735548
49.65449918340159 , 6.30969316941683 , 49.562315040512345 , 6.169340431344233
49.66887830125606 , 6.088706863668642 , 49.60104375471393 , 6.1368018218731955
49.6507967216378 , 6.1160596694533735 , 49.62302329597857 , 6.17480676521249
49.61922135564144 , 6.191514839546907 , 49.59350467969442 , 6.12495320426665
49.61881095029261 , 6.129387162773473 , 49.572559894363366 , 6.155061117787202
49.64538462585094 , 6.161385230496818 , 49.57138665692043 , 6.145607413940509
49.613139048029616 , 6.112560330981292 , 49.63648575839416 , 6.17616505651229
49.60842555382128 , 6.138196224291359 , 49.60233459264436 , 6.13832036732117
49.62684160362187 , 6.196131999321808 , 49.647663210453544 , 6.1292925698688565
49.60524198066915 , 6.128038282406078 , 49.56685974838071 , 6.081252630782786
49.61201350765049 , 6.155274110716769 , 49.63076049116938 , 6.123975479674057
49.628965017557476 , 6.070050791981497 , 49.58731287134202 , 6.121965843376716
49.645827494280034 , 5.981787298126882 , 49.61497122239454 , 6.302573463176635
49.572209572049616 , 6.166092684134756 , 49.610910715333894 , 6.180517461530475
49.591180271697475 , 6.131633742179393 , 49.61312214058211 , 6.107420722601661
49.57130136207619 , 6.055422113426682 , 49.58543115434861 , 6.09658631532728
49.596495132432764 , 6.13117349367305 , 49.620293256331124 , 6.1957497500180825
49.575666602531065 , 6.156904518630536 , 49.610476752606424 , 6.138821717051362
49.5843256503336 , 5.993473455260161 , 49.599233083302906 , 6.17964635760505
49.6486529032393 , 6.139737393699786 , 49.66171115455675 , 6.248731928592338
49.61859573666042 , 6.15310757873477 , 49.611272006816314 , 6.143168668081088
49.62936164117526 , 6.179756589278133 , 49.61209030599904 , 6.119135959775025
49.628932236690346 , 6.1641549659316475 , 49.62847106915069 , 6.1537453863912415
49.618587793181995 , 6.123147247102111 , 49.601641833606884 , 6.14326958148017
49.65301519261367 , 6.01094982518277 , 49.60514319321135 , 6.115717008286836
49.61152022079161 , 6.216196842044933 , 49.57753307807181 , 6.173720652152212
49.58935441152362 , 6.133195958052751 , 49.615726869470215 , 6.175629079274616
49.62598858543274 , 6.269345947248016 , 49.640482169828374 , 6.141572235350216
49.572199532537965 , 6.161697998000386 , 49.616893764089234 , 6.185857405304534
49.62489869546267 , 6.126426963007054 , 49.638160416229866 , 6.241098347342839
49.61998382153534 , 6.130645619940999 , 49.65937693398758 , 6.1093071945564015
49.626229323681756 , 6.148013725701611 , 49.59016608487734 , 6.1054576220698005
49.58587077963764 , 6.173428573339164 , 49.60437552973477 , 6.157934471799119
49.64567497052679 , 6.119192448553135 , 49.58496801623032 , 6.153176442113871
49.60403214823056 , 6.14869503117774 , 49.63852683622605 , 6.145354058044785
49.601219436150046 , 6.125744843591306 , 49.56689613350423 , 6.160455060301022
49.5876439276603 , 5.990827163572496 , 49.66442454633348 , 6.132194451501677
49.61092741171791 , 6.111921557750265 , 49.590862707882735 , 6.147208770761153
49.607102078937515 , 6.138039952961922 , 49.63296547131913 , 6.16669972480289
49.59484978480539 , 6.145558619962654 , 49.63639363763817 , 6.024954677139108
49.632180229762376 , 6.118926427887623 , 49.63840021929662 , 6.182259408010693
49.612463186792276 , 6.173180255754017 , 49.63330470057032 , 6.146194060785762
49.61494444387799 , 6.317137073020248 , 49.61349023835824 , 6.106195163404601
49.60537258966394 , 6.17209237453494 , 49.63504836921686 , 6.182679673344794
49.62916056006625 , 6.162939522081207 , 49.62683351088409 , 6.138483938585986
49.62079530258308 , 6.106745907403737 , 49.59022539086006 , 6.170597292404291
49.63455162277996 , 6.117355325425528 , 49.60786632929773 , 6.103626293639246
49.60106016072368 , 6.202478650358021 , 49.57176538896335 , 6.154098255130573
49.625190284860146 , 6.179140183166568 , 49.62963938609231 , 6.127668608872119
49.609056258146516 , 6.2123921847405725 , 49.6110136046733 , 6.166087524843399
49.59897885511816 , 6.129118390099199 , 49.6042300561152 , 6.223106689321126
49.568252174996736 , 6.01583686606535 , 49.64758888218815 , 6.139562348315511
49.62125997393664 , 6.186830108654258 , 49.622678324085754 , 6.132121492752292
49.62032149077853 , 6.11190836014594 , 49.62552911915219 , 6.086171008531545
49.60558087228785 , 6.139769444052326 , 49.62909034247019 , 6.02318209790386
49.612878181245144 , 6.12390982677279 , 49.61576446225077 , 6.066428789501172
49.61226732881991 , 6.139636178891318 , 49.60383570983927 , 6.195400155281604
49.61533451629903 , 6.121281753191519 , 49.601147092116186 , 6.1299902898059635
49.574633501781896 , 6.174017302790035 , 49.63842578990056 , 6.316950059908189
49.596388229276464 , 6.141284954308441 , 49.62975532047397 , 6.136656889757038
49.609299731639005 , 6.135339296685867 , 49.60574452272416 , 6.144326580835795
49.624678167930526 , 6.1672013271384305 , 49.65563575171792 , 6.111497670978352
49.59981689900638 , 6.157127879118521 , 49.633418583316846 , 6.23263176629564
49.61715748967049 , 6.0785556650238135 , 49.62105733411628 , 6.191576396619719
49.639223960803385 , 6.166618759440688 , 49.6198303077673 , 6.12277586480114
49.60677868618422 , 6.133027321279649 , 49.58269414075259 , 6.120111197048352
49.61230572391639 , 6.096215220096391 , 49.59232989541421 , 6.09663416432997
49.612311792214136 , 6.119550801288393 , 49.64389295492261 , 6.191996984503142
49.65295546914397 , 5.987696950709877 , 49.59840221259292 , 6.138753700119257
49.63937864604644 , 6.13669250466309 , 49.60310874681197 , 6.105916694052223
49.59120795550251 , 6.148510218053514 , 49.637194193359335 , 6.103645645474064
49.628869892762474 , 6.128980627573493 , 49.62041822271228 , 6.1204047121777245
49.631797273929855 , 6.153492565395261 , 49.615809654204355 , 6.166082690844697
49.59227389438882 , 5.987830671276048 , 49.61621968390968 , 6.120440753919973
49.6371863106252 , 6.1900738797058015 , 49.59751009578152 , 5.9888073360425205
49.651489047846596 , 6.267204138218915 , 49.619931148956226 , 6.132728170475891
49.623173831903564 , 6.1048953287395795 , 49.6004015082459 , 6.142613621441088
49.635562410527015 , 6.145089986121826 , 49.610403789181916 , 6.091722607269651
49.609207940548686 , 6.130013189233997 , 49.60292540931522 , 6.137585265957319
49.61000280034625 , 6.056832523884146 , 49.64742950516936 , 6.087256562497313
49.635543876388965 , 6.213607058059995 , 49.616035563114416 , 6.090827812462086
49.63726178960019 , 6.14139225946336 , 49.58825126213327 , 6.124692554579071
49.60714057997917 , 6.324185170308016 , 49.64040651456519 , 6.149526651610154
49.61530258827724 , 6.1488829658347335 , 49.56662590524342 , 6.0710144357096345
49.616926591721025 , 6.211674827198181 , 49.61267115732946 , 6.104204851933047
49.622407114706505 , 6.132979665162113 , 49.65981713598804 , 6.131835290408481
49.637141288743905 , 6.120797817690816 , 49.624264230779985 , 6.054006969237473
49.60430296191829 , 6.112177176106519 , 49.644033241576714 , 6.269639983061011
49.60486626711963 , 6.15384166452833 , 49.66873122520913 , 6.08774053553671
49.66906393235922 , 6.138763807316055 , 49.62856268531602 , 6.183537915118655
49.569582632945824 , 6.162738122655623 , 49.60409076883926 , 6.165260689508856
49.610236279739645 , 6.145182475172914 , 49.628792822667066 , 6.213221127457608
49.652595891944294 , 5.991970801216713 , 49.6102361401517 , 6.147399921530281
49.6187697387619 , 6.104566596755498 , 49.62217086065464 , 6.179471277690195
49.61519740683171 , 6.133352277483585 , 49.5935104382775 , 6.1453070834932015
49.61934276081648 , 6.099397519932754 , 49.60481123582781 , 6.131724322514944
49.60903442891643 , 6.127707381367307 , 49.607817566097836 , 6.143304873403669
49.63265505327626 , 6.1912018299675955 , 49.62960618092204 , 6.314640343841574
49.62031610977332 , 6.166045926521709 , 49.62190093314304 , 6.066492649808475
49.59088245853586 , 6.022940477887964 , 49.59832648426563 , 6.145691834892907
49.65774593449329 , 6.107556099962024 , 49.60051927408132 , 6.138677871874281
49.59670954821445 , 6.144281169146177 , 49.60762306361034 , 6.12900847398209
49.62887102399918 , 6.047785826401189 , 49.65415791844193 , 6.090664498341604
49.62179327945238 , 6.162258452690396 , 49.65176251871649 , 6.251927644679175
49.59980100505161 , 6.144248861404423 , 49.621710677895784 , 6.172238421719611
49.65319284053399 , 6.229493356307393 , 49.613426811436774 , 6.0105024514513685
49.61463361464881 , 6.1187154425160974 , 49.66956431297157 , 6.138790894838781
49.62644536320712 , 6.195761733611574 , 49.63853680023279 , 6.187116268400714
49.60683199025176 , 6.108060234473471 , 49.62003407088019 , 6.073329431548839
49.60451927696991 , 6.173179479449063 , 49.60552796861133 , 6.080244899692727
49.62175302936728 , 6.1214378998119 , 49.60527253766276 , 6.12220303963909
49.57325149247622 , 6.1638089923319 , 49.62122411125597 , 6.088640876163924
49.611603734563424 , 6.128741458248065 , 49.64704419841771 , 6.248886616328931
49.61236485151928 , 6.121264941149442 , 49.62877964609977 , 6.089634836156331
49.606457263264254 , 6.081560259578624 , 49.655583695786525 , 6.302177453020623
49.60506010838605 , 6.0841667648400035 , 49.62456441514589 , 6.08130533509352
49.661363692036865 , 6.222507850174724 , 49.647815286195915 , 6.25744064109639
49.58729799327411 , 6.0630312516409335 , 49.611074082866075 , 6.076183229416228
49.62710055720443 , 6.1909268870084 , 49.63587840303335 , 6.281126791793722
49.62201551978297 , 6.09610175329617 , 49.61354791676745 , 6.188575300287309
49.6066948071424 , 6.1363787754142685 , 49.6617793155689 , 6.0227284572166155
49.664825283476056 , 6.142741094453009 , 49.62444336095659 , 6.164789450358888
49.58973789938462 , 6.17115018187204 , 49.62601643071203 , 6.118509000728297
49.59428134733227 , 6.199306434915091 , 49.57714699092673 , 6.081667940050825
49.6196587516778 , 6.139308494916653 , 49.564254288029794 , 6.156456353048901
49.63744693140715 , 6.162447622803699 , 49.65499937684424 , 6.140345136768834
49.660390303917175 , 6.145612731693941 , 49.62561754831148 , 6.073242232770852
49.57576091484898 , 6.156788540191097 , 49.62092767722431 , 6.097059297276603
49.62587782729815 , 6.095581485594814 , 49.587232929868684 , 6.1718395843890645
49.635775420784384 , 6.069896973549848 , 49.6339206768255 , 6.015858634348796
49.628868300462315 , 6.165743978286171 , 49.623625531872214 , 6.128251137486946
49.63740782720197 , 6.170851859144324 , 49.627811450172636 , 6.131547191434723
49.62367013438841 , 6.1429563611943045 , 49.586985096876305 , 5.997752130460062
49.60458489601823 , 6.144549903126585 , 49.63171727738089 , 6.11251231338995
49.613324546611 , 6.098929251256094 , 49.60965636624414 , 6.142120511058468
49.6194372841962 , 6.1807477695034585 , 49.601730137037784 , 6.158030660186265
49.59250503008411 , 6.181979351120242 , 49.60376572243817 , 6.107051834839799
49.57134130916527 , 6.182444593560875 , 49.61414435594251 , 6.118603813242422
49.602327916194746 , 6.125068314325855 , 49.65003600856713 , 6.148562715053456
49.65226248134907 , 6.242618357357822 , 49.564709731175135 , 6.147420459020284
49.62276412881417 , 6.080722045142085 , 49.571896187598455 , 6.161985442536827
49.6217742336195 , 6.283453669928916 , 49.627880146492245 , 6.189730541124968
49.667153722524105 , 6.122993918384382 , 49.64253891381504 , 6.01405271809388
49.65045354981553 , 6.13014629970435 , 49.66284058606796 , 6.149615567803988
49.62142222522378 , 6.130466296695409 , 49.63017716132898 , 6.147314818270601
49.60631311238804 , 6.148393909969404 , 49.61685588136348 , 6.255856122286129
49.66075633354386 , 6.314307324573443 , 49.63424286261777 , 6.206348317257026
49.61118923218213 , 6.326534517790971 , 49.65790085030937 , 6.078597655159277
49.59960579654718 , 6.130525269147545 , 49.66973751704618 , 6.139577895022966
49.60189410370616 , 6.12720284724316 , 49.587720829530745 , 6.148892022575077
49.58550598683009 , 6.139257712491307 , 49.6536813556837 , 6.1521789027083456
49.60536939080414 , 6.036663571703293 , 49.654934138306665 , 6.1451794493492145
49.57044627128747 , 6.12500517842836 , 49.609991985164086 , 6.156974644334939
49.620824163896415 , 6.174064532269349 , 49.6076360109601 , 6.1401415892886835
49.63051698882187 , 6.133404588909206 , 49.598185368924966 , 6.146560774709445
49.590171996374764 , 5.98820816443388 , 49.60430361462626 , 6.063970428937739
49.597961392003405 , 6.132185871592167 , 49.6256624404214 , 6.12318910178101
49.61459659121388 , 6.155020243715173 , 49.615709576877066 , 6.144120530960364
49.6081321533992 , 6.094741354142826 , 49.63209234093085 , 6.063015157233286
49.58324935839859 , 6.230199061726566 , 49.62312185829508 , 6.196304046862691
49.64390560179432 , 6.0155911408232825 , 49.61714742464883 , 6.157119071987966
49.62165040408022 , 6.151432464275716 , 49.639968483170236 , 6.138112435945875
49.631689604105 , 6.186917025884174 , 49.62759840158441 , 6.128235307034365
49.615422332794196 , 6.129495716935719 , 49.59004815233582 , 6.1600183346737785
49.65625448108361 , 6.128114622002179 , 49.59995689844744 , 6.226586450393084
49.61302929869503 , 6.120025919571268 , 49.62713149733049 , 6.160671177966111
49.61648416699373 , 6.166500706730688 , 49.66940118385529 , 6.3038476376727175
49.66885650992814 , 6.03057784575994 , 49.61111466555638 , 6.132926467097411
49.63260474292001 , 6.140532311899389 , 49.59728606235787 , 6.137471158217669
49.613769281328295 , 6.115430915968046 , 49.579595128510874 , 6.103735340054599
49.62530094416914 , 6.023020561634926 , 49.59867811649519 , 6.145628950234744
49.599884849944615 , 6.139003062420376 , 49.67051844548757 , 6.115745613798511
49.62241306650728 , 6.0979806024028935 , 49.63434302485781 , 6.236535122703746
49.624228972664795 , 6.187336960379328 , 49.61625844801373 , 6.160374443893952
49.63527679745831 , 6.0822431569562365 , 49.64481935132404 , 6.139670336254475
49.64681491403656 , 6.142487283400469 , 49.65079600749288 , 6.146281485204839
49.595538898478 , 6.031524344393316 , 49.605014332429995 , 6.142561577678889
49.625253193270446 , 6.104064669105309 , 49.65560471661349 , 5.982764976175711
49.6405763429345 , 6.021232680095585 , 49.63395005528767 , 6.12344154251078
49.66912306340013 , 6.120117493243818 , 49.64782760534028 , 6.001985953412284
49.58412350781473 , 6.116692626156257 , 49.6552316670126 , 6.141061152982565
49.61494148991918 , 6.157601476792576 , 49.595706947359986 , 6.122491387955704
49.61817549119923 , 6.099735305144773 , 49.646049280772495 , 6.020505747901527
49.57592464912151 , 6.191277403599379 , 49.580972193837624 , 6.005824037526569
49.61945404964106 , 6.1131347379308885 , 49.632215320308674 , 6.191721025608386
49.65905513746482 , 6.072886447778441 , 49.605459528603554 , 6.153526769847202
49.598756098665504 , 6.1133609897476875 , 49.618325644083676 , 6.139764863340317
49.66746991860628 , 6.147965938715408 , 49.633555831653275 , 5.979722845103517
49.663708784514206 , 6.028632534001447 , 49.62477411449528 , 6.118718764372902
49.63670492233997 , 6.297039950100583 , 49.624845971823056 , 6.10936073159165
49.637453882051105 , 6.163429206437497 , 49.6174394892417 , 6.149907037667685
49.56253386952124 , 6.239712122239502 , 49.643198162664504 , 6.1368616402115235
49.62304180060653 , 6.184678718005175 , 49.62225936565445 , 6.1649942173792
49.62180913892985 , 6.090150982218577 , 49.6217556601645 , 6.1559126359913625
49.60398012539128 , 6.128105290063599 , 49.593041346653614 , 6.145321467938897
49.56956554390373 , 6.015104719977147 , 49.631036448970995 , 6.180806218526151
49.58872653673057 , 6.122812776730019 , 49.66261081542096 , 6.001338078706241
49.60510703670144 , 6.147381796219925 , 49.593629133864404 , 6.133012750349271
49.623784240665444 , 6.1144286341187515 , 49.63179438414642 , 6.126620149153052
49.56996839314537 , 6.065004118379619 , 49.56948828299549 , 6.162452661720614
49.63568032094607 , 6.185701018509346 , 49.625928842914156 , 6.111818365606768
49.6148358648551 , 6.150216296235824 , 49.660247601779126 , 6.0843816521562095
49.60573747518746 , 6.143882903942464 , 49.606731941589544 , 6.1466840376158185
49.67083990274433 , 6.114590827567512 , 49.63384357155787 , 6.149951084366829
49.63288524487037 , 6.030123404027143 , 49.63406561920659 , 6.131021508114121
49.60591148255862 , 6.092287184188386 , 49.59151744417 , 6.143901986528396
49.5803784038062 , 6.091419425456927 , 49.600403227009 , 6.146860343202425
49.621079404808235 , 6.133417392916748 , 49.620368079496465 , 6.1783802057147845
49.60521799037187 , 6.10487405450611 , 49.63028823699375 , 6.1255252913766505
49.63087717364848 , 6.159200551749315 , 49.61231392269606 , 6.163451769693092
49.57730949299358 , 6.215300570919344 , 49.61476727571666 , 6.124483729743207
49.617375900220644 , 6.0836154802823526 , 49.620147606406626 , 6.1158955030150235
49.64802709440215 , 6.1684436438146495 , 49.62264939802201 , 6.151883298883678
49.62306578541211 , 6.245391670401105 , 49.60616657421902 , 6.109473183073533
49.61219380366714 , 6.124012355534016 , 49.67075093428724 , 6.13814904384752
49.57414131463754 , 6.165854867725942 , 49.628838129993284 , 6.131380751260191
49.61652114806352 , 6.069718791816507 , 49.64222090813222 , 6.007389420116358
49.567655030944614 , 6.0805946928664785 , 49.662612600082866 , 6.095828327616177
49.622546263963876 , 6.071806734033586 , 49.60370957211323 , 6.154653802318948
49.60968345740533 , 6.137698243193539 , 49.624659992429564 , 6.098777355788948
49.58903459081973 , 6.146051250616511 , 49.60407703414116 , 6.132090286035818
49.609584815141545 , 6.133617149576255 , 49.670157217100616 , 6.15359262000393
49.60886401486292 , 6.139011765060625 , 49.615087565076955 , 6.070296280188071
49.60655475064799 , 6.112150570580889 , 49.6670393569478 , 5.999653274386776
49.60680583523253 , 6.240852428104396 , 49.63327840264311 , 6.124222470884872
49.62083958999527 , 6.164398203265339 , 49.62124530213055 , 6.142770384728206
49.58790897840063 , 6.261993370523667 , 49.66271444938468 , 6.322891691597056
49.58991510111776 , 6.048738875804361 , 49.60537115477231 , 6.1966493688651
49.641191457577264 , 6.021447053015892 , 49.63660735780178 , 6.187262745621232
49.60226178250476 , 6.1466336571218605 , 49.612244805683225 , 6.1054028752131915
49.62800738072575 , 6.134320762759941 , 49.62532595879009 , 6.136960596589203
49.61926017513946 , 6.118766000121164 , 49.63112311720518 , 6.0295786362592
49.600726856432516 , 6.245373223250258 , 49.63985633842854 , 6.1471423273773125
49.583528662239225 , 6.146969456417525 , 49.65843785862554 , 6.1355579340650035
49.595832015831114 , 6.1204095861342145 , 49.61734512662698 , 6.072755296221977
49.61594503838278 , 6.204994883387502 , 49.61461219958255 , 6.091591937260352
49.63213395997527 , 6.1182537782253 , 49.6281415888186 , 6.103694073526897
49.582308986676246 , 6.117670112983852 , 49.56853021468309 , 6.078488837513768
49.63927372746339 , 6.176908223785548 , 49.60053256500353 , 6.144921421789973
49.60489558003082 , 6.130628772602138 , 49.6295164909964 , 6.133019660878818
49.62055024787295 , 6.120379081034874 , 49.62030879800571 , 6.120080620407996
49.62975552944672 , 6.140322752977817 , 49.63501553178145 , 6.1719212945306365
49.59341878646913 , 6.149282700165279 , 49.62501735463675 , 6.113671106731799
49.61756997238393 , 6.162377967625454 , 49.6245629245258 , 6.173897332865427
49.616882469107544 , 6.124683818698552 , 49.597039119684474 , 6.112915783848534
49.575452054110606 , 6.259394228179693 , 49.59526515062321 , 6.264983881556023
49.627102489374465 , 6.157044727063553 , 49.628039054842645 , 6.1793389464595485
49.583365391230416 , 6.122353729901869 , 49.59005225090532 , 6.149145603371954
49.605110202141915 , 6.145574865624922 , 49.60047748747457 , 6.1399559940218715
49.5998889661849 , 6.119733837909031 , 49.614108632640296 , 6.2102565663358105
49.628396240535096 , 6.130962381269038 , 49.662231573863785 , 6.081932107129164
49.62092709371167 , 6.080477652596618 , 49.627049649414 , 6.105119519110615
49.58583070646924 , 6.223026143967303 , 49.64302513495693 , 6.232709349129225
49.61833474635272 , 6.131095113248314 , 49.65387115768285 , 6.087678603932187
49.61255225503535 , 6.152977164174892 , 49.61746010538916 , 6.154599308580939
49.616500353943756 , 6.146696885279073 , 49.620494030558824 , 6.1140606644289575
49.587182731200365 , 6.099885446173385 , 49.61939097718384 , 6.188847721246305
49.63606838883464 , 6.150726363700605 , 49.605945563480354 , 6.146056299460157
49.580090148500894 , 6.105532655461627 , 49.604374742128485 , 6.147780760364415
49.61930608930061 , 6.102603291053999 , 49.64348316357627 , 6.163262001946812
49.629148562011586 , 6.1312555243277265 , 49.62014890662262 , 6.12336473511699
49.626010008472925 , 6.133150287149818 , 49.586865583925814 , 6.128263353672358
49.6274880416579 , 6.182259321653452 , 49.60003255124774 , 6.113410212997699
49.590788511389086 , 6.148853698872366 , 49.58990582222921 , 6.144891804477091
49.58797711934742 , 6.1462064369390745 , 49.64844654864615 , 6.097273052617121
49.590817060646735 , 6.231285080892254 , 49.6385971453779 , 6.155499398369932
49.612625131431344 , 6.145707688551147 , 49.603003187487325 , 6.1227405965921236
49.619606635028966 , 6.162147529455827 , 49.63474637907592 , 6.201802838908915
49.62612224127748 , 6.169336420082072 , 49.620493806518446 , 6.16600333694371
49.61039468457343 , 6.14953761047402 , 49.61377637451858 , 6.197020126375017
49.62954057478082 , 6.041409232372497 , 49.65718047409527 , 6.139223398918574
49.63381634035853 , 6.147794498354813 , 49.62678392448762 , 6.156856454754063
49.57268364736596 , 5.98433927533103 , 49.62107510446735 , 6.109392269575356
49.65235708920947 , 6.0009369487993265 , 49.60743433577899 , 6.126846804753818
49.57258733983541 , 6.157879007012519 , 49.5697222729625 , 6.276831512216256
49.61744861740238 , 6.1164414011223975 , 49.62889554800026 , 5.987991001649752
49.58191477059862 , 6.229269365871182 , 49.632543607425276 , 6.028273490933288
49.612517843558436 , 6.084255466965025 , 49.65220218624363 , 5.98959662209088
49.605396160640574 , 6.171039907937745 , 49.604748565242616 , 6.102937548311434
49.63252905597475 , 6.272340183851799 , 49.62969988774376 , 6.1585346960749305
49.64417980704599 , 6.13778846929273 , 49.62689546632552 , 6.118349996299044
49.61983698790567 , 6.145773809893399 , 49.608870562718906 , 6.106271990621938
49.6304428682938 , 6.116761650288045 , 49.62247924296923 , 6.145003748263383
49.57358772008095 , 6.290216945178705 , 49.634124168880284 , 6.116169638742134
49.62127739530498 , 6.122563288610668 , 49.613769513832544 , 6.138284728492884
49.62937908835311 , 6.192953369091402 , 49.625942734796425 , 6.196316048659209
49.62385177966706 , 6.120455164400999 , 49.62642749882879 , 6.170271144432237
49.60846656802511 , 6.128234669743576 , 49.651304737762565 , 6.107868067229732
49.591439105872006 , 6.239317420048474 , 49.63433817115263 , 6.061775365746856
49.59220675614659 , 6.21202583104678 , 49.60917113520418 , 6.081422346406498
49.669473092632835 , 6.259393789702706 , 49.66848680194949 , 6.323936901246644
49.63738491126872 , 6.14657132205433 , 49.65658794590687 , 5.997567660076548
49.63034122543504 , 6.167516317876137 , 49.606764935824394 , 6.1153329883667675
49.613593690715525 , 6.130773857386027 , 49.61254673871639 , 6.151510107805251
49.59560194723522 , 6.168262554069839 , 49.640901854694256 , 6.010047250224754
49.65818585628947 , 6.261569189464967 , 49.63428607031407 , 6.127086995831964
49.59474467202564 , 6.139222258086313 , 49.62907841961626 , 6.117947721153756
49.61731850437491 , 6.062744542791794 , 49.61619358619183 , 6.123845471570381
49.61120703090949 , 6.140496194280111 , 49.66028759767064 , 6.008081993965043
49.63321404684643 , 6.17848202590884 , 49.642764712631454 , 6.2084390935841
49.58935298480958 , 6.223458230929705 , 49.61060778011573 , 6.128365433438984
49.61896747334368 , 6.109290185308074 , 49.62091653264774 , 6.088037490179018
49.66133534867042 , 6.134145079594002 , 49.63246233149334 , 6.035299578969074
49.634652218406586 , 6.117115284623306 , 49.63627846972134 , 6.078192884200032
49.61431960663999 , 6.131755219333237 , 49.63201314475489 , 6.265006972099824
49.60640910895662 , 6.14575927224133 , 49.609875323574734 , 6.113724361224153
49.627228161993756 , 6.016882695644361 , 49.58036124413597 , 6.149507441138808
49.622882667219855 , 6.022561434446721 , 49.63236921139855 , 6.12304263148665
49.62849100851227 , 6.128776129714372 , 49.621845104112445 , 6.063878956850116
49.62059302662578 , 6.091821926911875 , 49.62475179939701 , 6.120744942907555
49.64003225566026 , 5.9993975482505455 , 49.60436763833289 , 6.153709658190891
49.58614348206343 , 6.1568745396312305 , 49.623393465145675 , 6.125232632481779
49.648054768630345 , 6.15424928809354 , 49.602598575319504 , 6.129632509340049
49.65575413441364 , 6.129896060415329 , 49.608325667011194 , 6.10938928845372
49.61157325013765 , 6.148348413761693 , 49.61553891615212 , 6.137408441295943
49.610364946486214 , 6.148799619052333 , 49.608823190689165 , 6.066057841116227
49.655979033256216 , 6.135597119262616 , 49.62459674614677 , 6.143932568742487
49.62914116450135 , 6.147878911459289 , 49.649315464046246 , 6.140712708716962
49.63279650660523 , 6.265839631128229 , 49.60771816967984 , 6.273096246748179
49.61813665746458 , 6.1180680946867785 , 49.61607006296779 , 6.276560650945611
49.61300020241627 , 6.157319693047342 , 49.595167009144845 , 6.1487804409116125
49.5990506893528 , 6.1606516655374115 , 49.603638054821126 , 6.135420375435792
49.57217907197419 , 6.166849017317121 , 49.62638201161698 , 6.1680560196741485
49.61025520919903 , 6.13628706600978 , 49.61357977098798 , 6.122055881979437
49.56389941006156 , 6.1235058536617535 , 49.59038307781497 , 6.128542789840396
49.613666931462866 , 6.120986414903221 , 49.62369180928927 , 6.116140206255667
49.64893575438716 , 6.145785906036365 , 49.62863748351612 , 6.188361998845564
49.63135387327222 , 6.156152617112306 , 49.60486458162474 , 6.147230603437407
49.62796756816965 , 6.189327322444451 , 49.620570162557 , 6.1903735450165165
49.58165856807005 , 6.159250214320252 , 49.638340558374736 , 6.262708132487006
49.6478533093969 , 6.22319860050724 , 49.62130054061028 , 6.131782146737428
49.61777195440976 , 6.200054053647754 , 49.5893568136179 , 6.164365448904918
49.58501826378277 , 6.157250138800646 , 49.665024242864355 , 6.132025865675019
49.63899167005584 , 6.172314307264718 , 49.66574078485249 , 6.104110304220691
49.63493675097802 , 6.145811553712203 , 49.623740767059175 , 6.165199948422721
49.59813765071389 , 6.110781573389046 , 49.61922094717401 , 6.1374702154143
49.60454931681452 , 6.113024416797324 , 49.6257338919725 , 6.167571572850781
49.61119628943626 , 6.141079244641826 , 49.61385919606493 , 6.07642484213137
49.62102785708154 , 6.132441707772323 , 49.66226833067671 , 6.301473063912846
49.653870053302334 , 6.012299218993908 , 49.56288443961946 , 6.168870280660228
49.566997099433515 , 6.120283042614055 , 49.61790305369356 , 6.115422476743756
49.620592855172646 , 6.162630620214553 , 49.565877876820814 , 6.171662095262662
49.598294506431195 , 6.15673416484581 , 49.63651672011476 , 6.19146006450951
49.6136656937643 , 6.117968291441471 , 49.61486052452289 , 6.175702795648096
49.63355506167952 , 6.219795039469674 , 49.62301528401878 , 6.120297471842109
49.64204290846571 , 6.0719315425819325 , 49.61132013786801 , 6.158374359662657
49.601002369380204 , 6.080355942871528 , 49.57239329010546 , 6.165727669690741
49.61759725676769 , 6.113504866301584 , 49.62256833724853 , 6.1083194711239
49.65685470898974 , 6.078740546656884 , 49.604373991376875 , 6.32346470825892
49.61271630386246 , 6.137921078890021 , 49.59785636371077 , 6.122352571372414
49.62260373961705 , 6.128940723526605 , 49.669009995510976 , 6.072397428670279
49.61313455296971 , 6.119910768539087 , 49.616791940825955 , 6.138846110190393
49.60791896656276 , 6.1566516729556 , 49.624349010151555 , 6.082097868363438
49.60682068787155 , 6.113136286374009 , 49.608391850337796 , 6.123827044371471
49.586303557657594 , 6.172858350853635 , 49.62862903542368 , 6.130428398458782
49.6201577026971 , 6.104044379780406 , 49.61264686868842 , 6.114697284723777
49.6288901474312 , 6.123994978490235 , 49.599114343045485 , 6.147658140593624
49.631982582979056 , 6.019982592957083 , 49.619381920257695 , 6.120778038996742
49.63649742106823 , 6.173418239634872 , 49.64910407240483 , 6.135219544511801
49.59645625379125 , 6.149025919295844 , 49.603960795900015 , 6.131563591647199
49.65901076484561 , 6.131446083065397 , 49.58922318488484 , 6.130837967766791
49.580463777447456 , 6.168402954542156 , 49.64402425194458 , 6.1448409347100785
49.59555508139024 , 6.154925374423808 , 49.60741620885134 , 5.987005365787831
49.64594067304211 , 6.111886299561152 , 49.617644782333855 , 6.12512912167374
49.62087636299382 , 6.028909175379149 , 49.627029399935566 , 6.130909849005716
49.60126328293868 , 6.150562333704521 , 49.59643019402206 , 6.156062404279107
49.62888152460536 , 6.139791606002375 , 49.61737696568289 , 6.024840740785255
49.59260403277246 , 6.148540893458594 , 49.603893402154206 , 6.156616561085477
49.634696854408354 , 6.155695765441646 , 49.63115864030145 , 6.052596108380276
49.63029488715138 , 6.122278270457645 , 49.61800980509565 , 6.122702622908931
49.65840213144453 , 6.139089684275382 , 49.591784919708296 , 6.149195822333918
49.62091623298228 , 6.132354879518106 , 49.587246104846585 , 6.134650657044229
49.60430694054749 , 6.071582102003729 , 49.617079437940845 , 6.22352750656518
49.649677448600826 , 6.004546558744364 , 49.60732888482977 , 6.195155840597841
49.58294903176222 , 6.2284196734658925 , 49.633652344137786 , 6.136690518076696
49.664804371683566 , 6.147671431312567 , 49.59919163430294 , 6.208141765881451
49.666219765364666 , 6.040728651872186 , 49.63562331958298 , 6.214262343690455
49.60330715215006 , 6.108010546701442 , 49.62573424564362 , 6.099603342859495
49.60539526776738 , 6.128506937231342 , 49.643679504977996 , 6.089854229390645
49.630601728896295 , 6.171848066020851 , 49.57184445815845 , 6.279659605395894
49.61728753558149 , 6.047727130229709 , 49.633939823141645 , 6.127939793556971
49.62386466232573 , 6.203790699569371 , 49.66394397744772 , 6.3051975690465065
49.57885061572467 , 6.004481133677476 , 49.619375411277126 , 6.13504550436507
49.625344221292075 , 6.120720763041243 , 49.59617105415575 , 6.136546200290513
49.60009319832167 , 6.203673192240707 , 49.58884447254951 , 6.224451530238819
49.603168140345126 , 6.136695291971397 , 49.605388781145066 , 6.063709197243987
49.62848707167886 , 6.174581757171533 , 49.63749927751988 , 6.173932019698384
49.59383026375109 , 6.138556246435408 , 49.60354647455409 , 6.144987629478679
49.60516065470905 , 6.103448427472028 , 49.59966430508399 , 6.12515264818413
49.64572518561868 , 6.188917459184523 , 49.57294345513096 , 6.135491600632943
49.64253896670441 , 6.1572042434952925 , 49.624718111612104 , 6.114155836622307
49.603931890222995 , 6.064699742757759 , 49.62226195489753 , 6.158575903859704
49.57252958723457 , 6.0711494016623675 , 49.62597456306706 , 6.139266728957603
49.63404823226434 , 6.133407180149298 , 49.65040584788913 , 6.274196308004974
49.62819542712437 , 6.173500194455087 , 49.62073947583378 , 6.0999829708235005
49.59904254257867 , 6.148248963185444 , 49.63479836941677 , 6.121108909643101
49.66040787470549 , 6.134320374267959 , 49.613807400204436 , 6.101270920339362
49.56279043686125 , 6.180662747665204 , 49.601457793432175 , 6.157467223874275
49.62184827222378 , 6.0916286554547225 , 49.60716898604798 , 6.136481044358208
49.66667990998615 , 6.132984614089249 , 49.61187344666208 , 6.1473227194172395
49.610515981828854 , 6.137248291422769 , 49.62324317148324 , 6.131195571475394
49.63219149957295 , 6.162478442774282 , 49.617689667530314 , 6.162976737091985
49.61273329763699 , 6.089103427277007 , 49.61695674776408 , 6.123842313347777
49.58631285542279 , 6.163258064280242 , 49.66611192215128 , 6.2543266483630475
49.565006347593986 , 6.071584883500594 , 49.623203060279245 , 6.2251070598751825
49.595305669464835 , 6.1464380808304995 , 49.60889256319365 , 6.155621809727717
49.65676768755992 , 6.254527620358612 , 49.58485235014009 , 6.1386427435189335
49.62923361064015 , 6.187388737374944 , 49.61244198305444 , 6.12018957888245
49.57212304268104 , 6.180371438272214 , 49.5807484535931 , 6.128023294902138
49.61167141789719 , 6.134747992870041 , 49.62805001187893 , 6.2758020012836875
49.60773050962665 , 6.139635654063369 , 49.62514103372052 , 6.12977416485949
49.63002054197991 , 6.182483402965569 , 49.642801221166465 , 6.130454707491902
49.623314666237064 , 6.154104121276868 , 49.611903018461454 , 6.134110715411683
49.58906509955587 , 6.1646361297526715 , 49.62372985508676 , 6.137750498518025
49.65434435447133 , 6.13718976080745 , 49.59869259095699 , 6.1285413564947
49.618956757869626 , 6.112137042292798 , 49.6638411736665 , 6.081708638477031
49.601414861911344 , 6.126088730202243 , 49.60121424096869 , 6.142622208541904
49.61653539782371 , 6.29837920459557 , 49.670764100055635 , 6.165049897382984
49.622050928214875 , 6.121947067354357 , 49.617350928079645 , 6.117047559883036
49.63416740294753 , 6.273069685208195 , 49.59783238702857 , 6.1210451808438275
49.60046729213637 , 6.145692227893466 , 49.58309796853735 , 6.138218450787527
49.61520437471263 , 6.158188772359783 , 49.64918918118274 , 6.001757927085351
49.604726137053184 , 6.140091900720835 , 49.613580066607916 , 6.19168418335442
49.6622018513039 , 6.098830851140051 , 49.66967662236544 , 6.23946200285113
49.65130605776464 , 6.1380610774782856 , 49.652127991735654 , 6.006022793315468
49.60710023140704 , 6.150600706194876 , 49.60537562544172 , 6.1385517358729755
49.65274619218758 , 6.2856777932219225 , 49.6261566111688 , 6.136879754936508
49.582714628805654 , 6.119754388148178 , 49.62927609910506 , 6.2573802985421585
49.59032547894541 , 6.146633596393621 , 49.63248426760927 , 6.142984968030676
49.62508560740659 , 6.137050687065483 , 49.61255743735061 , 6.082782288660001
49.564126532862225 , 6.097954277503169 , 49.62376294359696 , 6.180488971961794
49.589943682613644 , 6.129315456344016 , 49.643016673064295 , 6.15812914582692
49.63001290872041 , 6.194114943462348 , 49.66509630743002 , 6.1386335079307495
49.6236770566557 , 6.091253883267577 , 49.65689418856414 , 6.110243764957863
49.599159116268154 , 6.136530929913763 , 49.62267281036005 , 6.086424412007767
49.63655889006673 , 6.285221521028484 , 49.6109205928472 , 6.214312007050064
49.563522012082615 , 6.153314491458744 , 49.60767452997506 , 6.140698718128721
49.57821437607828 , 6.140171188797488 , 49.639664183496635 , 6.168041198053915
49.66969094654581 , 6.322026417390592 , 49.6459208700492 , 6.221030926191078
49.600265973829096 , 6.129900085347235 , 49.58723975865929 , 6.164362873181223
49.60472403545577 , 6.165351279735097 , 49.649275099119016 , 5.991462028580232
49.60812747431415 , 6.155670886959416 , 49.64263982218935 , 6.170487196782089
49.61682353192566 , 6.12014644703612 , 49.62169196177184 , 6.061362279807855
49.654174265642446 , 6.141056079631624 , 49.659188042933 , 6.049661382993118
49.647456839736925 , 6.303610009391633 , 49.61804695615294 , 6.15139095641691
49.62681419594354 , 6.125607092722758 , 49.61906669227994 , 6.169701958604497
49.59760490489089 , 6.2056282533703095 , 49.59740353370024 , 6.152763215822388
49.6644564233697 , 6.045290535438662 , 49.60965098826712 , 6.045450555651852
49.59462676981882 , 5.994143369322181 , 49.59639136095906 , 6.20316770579852
49.59913502837161 , 6.111601945951374 , 49.62078733164371 , 6.138962474904111
49.65617368102851 , 6.13226462508244 , 49.64844810315331 , 6.215719400413161
49.6409068945525 , 6.181791187755778 , 49.61678989340634 , 6.111749830804302
49.6453797338328 , 6.1455963719280975 , 49.63459785273044 , 6.12056510686106
49.634160682997575 , 6.0405402694606005 , 49.59138031420555 , 6.140587815789143
49.60598830124724 , 6.149815830668406 , 49.59853866113233 , 6.158056612776694
49.61561471669664 , 6.059086735689156 , 49.63333745101186 , 6.173615580556978
49.61677903169818 , 6.253080544398209 , 49.61345198638532 , 6.196588364439623
49.616001640225946 , 6.138155927421229 , 49.601494672349396 , 6.128925986700758
49.61341051629649 , 6.114976852139331 , 49.62480751843764 , 6.01902056935272
49.662282367401886 , 6.123547146557192 , 49.66240651184507 , 6.124806727864242
49.59575717328169 , 6.136323038822159 , 49.645926690017745 , 6.150284118554622
49.65089294993581 , 5.992195001957256 , 49.57526433789317 , 6.020050125356641
49.59116726599102 , 6.1465728892782305 , 49.60309133056406 , 6.271745545803563
49.606943560051576 , 6.303560038981008 , 49.59665707738739 , 6.14656693175422
49.61828262275446 , 6.12219620430573 , 49.6040577615921 , 6.149450675995433
49.62449274214652 , 6.163262461706243 , 49.62618658934948 , 6.224410714000318
49.629130064618685 , 6.221075453250946 , 49.578062976416845 , 6.173521084791003
49.63464608014979 , 6.1134842566369745 , 49.616479829508144 , 6.161797418330917
49.62666520370177 , 6.130531179749253 , 49.63689779829996 , 6.164754022094038
49.615431596184095 , 6.0681657774331725 , 49.62862100920345 , 6.192166625194017
49.60703148052453 , 6.151580800186829 , 49.612445828125125 , 6.116634306375989
49.607831747491815 , 6.140706716946556 , 49.61433346884153 , 6.106398513699039
49.629043315384635 , 6.122136603386973 , 49.56445188568833 , 6.082361186463252
49.657874028522095 , 6.04158818644429 , 49.593000767218065 , 6.177255951944812
49.63681607191052 , 6.15322056389981 , 49.615855308023555 , 6.056564565367663
49.58839479898044 , 6.151625846145082 , 49.62459521125951 , 6.098050636491596
49.64824173016089 , 6.1051307093513785 , 49.65808770274622 , 6.123078752921204
49.624006679747716 , 6.1409497931861035 , 49.62210992706514 , 6.096258708280176
49.62936793906997 , 6.164607273954835 , 49.62495238319628 , 6.127475800106432
49.59462024930966 , 6.138313128916591 , 49.6279187953139 , 6.074518014473717
49.61749902795858 , 6.160139581563136 , 49.62140524320377 , 6.173706708209151
49.61232345719877 , 6.190835743677338 , 49.60872257559751 , 6.136537322295533
49.6674280405307 , 6.043503888096238 , 49.60199799242213 , 6.1396190518156555
49.624302830206936 , 6.159680111396552 , 49.60405771739076 , 6.232812638428598
49.6217636124979 , 6.170710448535239 , 49.66922886223404 , 6.160988260884045
49.60482620103583 , 6.194101578236675 , 49.62180097344297 , 6.1247997332051085
49.565708467942954 , 6.082784395973856 , 49.59597609673995 , 6.145213754319155
49.58419425246444 , 6.145028269992455 , 49.63213493592417 , 6.140245349948895
49.59919350540546 , 6.1318259764006715 , 49.592924398936994 , 6.0945275630959195
49.614861417166246 , 6.1352559712959565 , 49.655943381318004 , 6.15333212066152
49.633472728929654 , 6.057889728392295 , 49.63613644939384 , 6.132490057361207
49.576432619230154 , 5.992634543457363 , 49.62903046242927 , 6.161000904067438
49.64508260568708 , 6.102227839806363 , 49.60149331929915 , 6.132517139487365
49.60550088314812 , 6.124251686314786 , 49.62556414593881 , 6.129249154074989
49.61807228119624 , 6.117070071972398 , 49.621478001342076 , 6.160897186055943
49.608544068866756 , 6.132755383840578 , 49.61822221815268 , 6.165252989180132
49.599392706143185 , 6.144192104419613 , 49.62215002393835 , 6.170559230719626
49.62902339946419 , 6.182467648575694 , 49.618306284168135 , 6.195616048172681
49.65687841399872 , 6.0881909335621005 , 49.669623324140815 , 6.3070028799569275
49.6227591301851 , 6.1308522246492325 , 49.63588093249888 , 6.112937666728438
49.66947488324744 , 6.08173861643771 , 49.63304502775303 , 6.1196179267795445
49.66728291545193 , 6.306493247322258 , 49.626584357181954 , 6.099213510259119
49.619276569667676 , 6.123158076848347 , 49.63361807908287 , 6.124243300951596
49.61218591514755 , 6.121238015321954 , 49.6025743577504 , 6.161126021050497
49.62885968055344 , 6.169476708597892 , 49.66262260316821 , 6.102919605830995
49.64600334932924 , 6.151956613093985 , 49.573369804317124 , 6.224766431919688
49.59103963343118 , 6.127226786064399 , 49.61120134294879 , 6.095806588559256
49.628038541167406 , 6.095408184789558 , 49.59538881254782 , 6.224818656583324
49.61271372661903 , 6.124071022535697 , 49.623778998013655 , 6.080445285149474
49.61957456219312 , 6.160468984938448 , 49.570545295644585 , 6.069128826178168
49.57148224037323 , 6.048462706917318 , 49.63721696222624 , 6.137993381425073
49.65523857881006 , 6.092275990604539 , 49.63335386181821 , 6.038441008036527
49.63099870114073 , 6.128449689023094 , 49.62684033477028 , 6.168729947946008
49.658920338573814 , 6.2619863975393795 , 49.60783127451876 , 6.140371022031515
49.63361041963573 , 6.278856910530492 , 49.63028976320315 , 6.115164245310123
49.62647212503102 , 6.271656935519231 , 49.62884200638884 , 6.179993033044947
49.648936614193666 , 6.117525517660808 , 49.61836303728015 , 6.11572938449227
49.56389026224001 , 6.157798679419176 , 49.61601287790339 , 6.131606530999392
49.57521949647158 , 6.157485384076061 , 49.64487233652588 , 6.13641498104928
49.5722785492685 , 6.172239289012185 , 49.604339361818816 , 6.139873884130885
49.60379063314515 , 6.06296738933367 , 49.59319787306382 , 6.102799418898213
49.61050843378378 , 6.143024070171822 , 49.5880755566518 , 5.986669490107772
49.596175385772526 , 6.131640739656392 , 49.605357460397315 , 6.057231332444068
49.59453303761433 , 6.145091052811611 , 49.628041657792444 , 6.16696837719347
49.59581010660577 , 6.138952057049651 , 49.636105836751184 , 6.140465630562483
49.62874847908645 , 6.138513559573344 , 49.592447059805316 , 6.117046186695305
49.63144413522338 , 6.039695282900571 , 49.5693555539146 , 6.080075957954238
49.58726577366363 , 6.137587074524384 , 49.604181714189316 , 6.147804982267437
49.60184563059483 , 6.224105249835228 , 49.61878896058573 , 6.136819545055873
49.612957020153274 , 6.126363241798682 , 49.620410006327354 , 6.132947528304782
49.63529526295273 , 6.11464218797138 , 49.58194709358002 , 6.245216847329352
49.59494197979394 , 6.1536084030759834 , 49.57645406892905 , 6.166639452767108
49.60571391628249 , 6.128483165435602 , 49.604127657119385 , 6.137441307977088
49.623425001704945 , 6.126851006041132 , 49.64210703824487 , 6.149494925667712
49.5683120402405 , 6.123794590262217 , 49.57959510543424 , 6.162625642996082
49.60025466420375 , 6.144098034486886 , 49.62949086282451 , 6.125870926087837
49.602519350636776 , 6.207808440230298 , 49.58732441006148 , 6.116870594752927
49.60652122254398 , 6.161977014937253 , 49.65763154843747 , 6.1460328858345905
49.61716479804902 , 6.18635800582063 , 49.6277655568146 , 6.0470716704052725
49.62351313487567 , 6.096549293150323 , 49.63631911057232 , 6.131347014414984
49.591930145736825 , 6.138558361166938 , 49.63767033888899 , 6.180201831891655
49.60520768014927 , 6.134270827605101 , 49.60257124653384 , 6.210425955610038
49.613344858799344 , 6.11344842997857 , 49.66723972141682 , 6.139307407265817
49.624067187431535 , 6.198676915608983 , 49.62697778346429 , 6.1793948146709665
49.670132925299804 , 6.139482558424574 , 49.628260870161554 , 6.061943210296204
49.61858219588347 , 6.106012691437554 , 49.63191275138071 , 6.111744009244502
49.62524392995321 , 6.13621048062909 , 49.62374527648347 , 6.0684515429166765
49.56774102523442 , 6.182365928745329 , 49.62089874806237 , 6.156762655457322
49.59655908153101 , 6.128686824124712 , 49.607770971010964 , 6.140425932772995
49.61787308360249 , 6.217250844832209 , 49.607803838296896 , 6.148159258914862
49.664653997055055 , 6.2956693492557605 , 49.63027734312045 , 6.145315774983929
49.60719307743349 , 6.138243267025984 , 49.56320917940746 , 6.163761209158078
49.618664408614784 , 6.106083608190757 , 49.61799067644034 , 6.1228046561592535
49.623524999473695 , 6.187596685054913 , 49.58204035706728 , 6.162408360794207
49.60018155865855 , 6.147062782795803 , 49.61050512491262 , 6.129451298938875
49.635339047410824 , 6.127677912454509 , 49.616675269053324 , 6.129181646966751
49.643685296150196 , 6.120786005646498 , 49.61770762615514 , 6.100937874913065
49.6364058889737 , 6.160981742745479 , 49.62018286627944 , 6.131312293852764
49.62488234539866 , 6.126599923388909 , 49.6060912526513 , 6.138694128652717
49.60797190076544 , 6.1399199558896385 , 49.61994825079162 , 6.11440099061848
49.61379590588125 , 6.134464262311292 , 49.573943069758464 , 6.004150424181624
49.586644817538065 , 6.147962120989935 , 49.619680184724075 , 6.1227494502502555
49.60976008324685 , 6.148049767098984 , 49.6584895509162 , 6.22887776071461
49.64913811063718 , 6.011280567181535 , 49.61766927907647 , 5.990698679003098
49.58270540139266 , 6.180502622431308 , 49.612434720835004 , 6.147614403425185
49.585824857121935 , 6.1375247116245015 , 49.637428636233594 , 6.2701329526479785
49.60656478946264 , 6.145528322548988 , 49.62462635371305 , 6.163575229506902
49.61028130451816 , 6.021786200302171 , 49.58484950667432 , 6.174687170470184
49.62013276562129 , 6.13100515857363 , 49.6140798311537 , 6.0788586718056
49.61431942190836 , 6.136732642070049 , 49.61260010351403 , 6.10334520295941
49.664744926607774 , 6.145069859815352 , 49.571806744295095 , 6.172726653619646
49.64724993290178 , 6.1381055417179144 , 49.59609500510815 , 6.173904056561643
49.59916481558939 , 6.148297554533475 , 49.615191615007724 , 6.102939879453972
49.668645930242285 , 6.028682763008822 , 49.585772814387944 , 6.173560436513507
49.58180528281517 , 6.174259406551246 , 49.60703331301323 , 6.062926713298948
49.63588793912884 , 6.1887164874767695 , 49.617739645680224 , 5.987172781340331
49.60048582559684 , 6.125828208467518 , 49.64395538865162 , 6.2653794438613994
49.64678845915169 , 6.149876457664944 , 49.640252705741226 , 6.140485344041074
49.61343506494065 , 6.110980337085739 , 49.643384540584265 , 6.18768391567922
49.61097804356688 , 6.13880618777825 , 49.61541442465875 , 6.190920437370127
49.614436422025804 , 6.121433508717979 , 49.61071322829213 , 6.091290677247009
49.64846549023293 , 6.237186116107996 , 49.63142888393959 , 6.0491669804693995
49.62944732615584 , 6.142348713052324 , 49.625674774543185 , 6.131200728604847
49.608617544170144 , 6.080023358207014 , 49.650864877927106 , 6.254901694988315
49.62657764426041 , 6.08116140467841 , 49.62319847074804 , 6.125134355646074
49.58789278093468 , 6.116564144421277 , 49.586036992044974 , 6.000179561367927
49.59746544013182 , 6.148103825678195 , 49.626913557654596 , 6.129027863939557
49.62365333018643 , 6.112293414392111 , 49.61875584206572 , 6.130651068953944
49.63228227442568 , 6.143890648421073 , 49.63366817126859 , 6.154233644859555
49.603813478308105 , 6.134876264352412 , 49.632922538252366 , 6.147027511138344
49.630520305559074 , 6.044625255477449 , 49.60301060944901 , 6.146968362043139
49.640187707983074 , 6.187027437471255 , 49.62281250724238 , 6.160532000189736
49.62885927658083 , 6.065315029336069 , 49.631503961510845 , 6.206327210728995
49.61578784913157 , 6.111167346161375 , 49.5865728543579 , 6.170138134791568
49.636310383394814 , 6.218596020379515 , 49.644346429702374 , 6.184978515736306
49.613156233435966 , 6.237468960487116 , 49.566744856889265 , 6.318733083184101
49.61220970549355 , 6.105720681764039 , 49.59099152120996 , 6.119692762303786
49.6291334607389 , 6.1908467896184 , 49.62071663285031 , 6.116070372469996
49.61885268541578 , 6.141389927870417 , 49.66549155523594 , 6.084322497878972
49.60820669514521 , 5.99754159730473 , 49.62164409319996 , 6.150033881277082
49.623757818149436 , 6.138097141090739 , 49.65109379260315 , 5.979974350272631
49.611556133632284 , 6.130463830371456 , 49.64925339847893 , 6.1549003654888566
49.62369880340316 , 6.049815524345319 , 49.66455830401582 , 6.136503630636966
49.637410974468004 , 6.116764152213662 , 49.60663872267684 , 6.110829343949331
49.66339072030497 , 6.128081917485044 , 49.62409821014467 , 6.135073952892703
49.64308004849174 , 6.172645319368037 , 49.60408368116002 , 6.082181576617904
49.64464808109134 , 6.046561386153293 , 49.614631302711395 , 6.151552569213526
49.65583494390665 , 5.985268010379043 , 49.614757149540104 , 6.137950839036433
49.62302092447342 , 6.096255380701021 , 49.63837505308028 , 6.136263247168238
49.61351452129709 , 6.126809614806252 , 49.570211239152464 , 6.225480270270837
49.60536991118459 , 6.15504121748746 , 49.608570229094354 , 6.099457820940784
49.614954036176194 , 6.124926688609935 , 49.60094094070435 , 6.131737042505406
49.59738935949492 , 6.1464764194205195 , 49.66571878252435 , 6.148767250066949
49.60318161649322 , 6.158030153772405 , 49.62020507287205 , 6.163535788302624
49.622187484196786 , 6.230371477794345 , 49.656141241221995 , 6.228031255117313
49.6369120477292 , 6.123270817279294 , 49.63028496913275 , 6.119037376926126
49.67049210155783 , 6.130305013421424 , 49.61231227787969 , 6.0564620513550445
49.60435287569285 , 6.153801620863797 , 49.569242862909945 , 6.119592427412098
49.614781418899014 , 6.145740175938531 , 49.667600462562724 , 6.0752884310822415
49.603998879651776 , 6.122996833286695 , 49.60464579024733 , 6.081370388034497
49.61877889372107 , 6.1242370079112 , 49.62588804332428 , 6.097057653626128
49.620561666303566 , 6.0837416252368675 , 49.63593257280095 , 6.016267586923205
49.58084126489002 , 6.1742370675288 , 49.62322330575701 , 6.1282749263184275
49.61080067711795 , 6.098004055706207 , 49.67019106575589 , 6.137502017938469
49.644976186227794 , 6.19701946019403 , 49.64074502997831 , 6.225729143399634
49.61340948676293 , 6.098229106223237 , 49.5720926986572 , 6.07956136284697
49.58050517548336 , 6.117359137048973 , 49.60667189376712 , 6.139344815865625
49.64671059363913 , 5.9997331949016175 , 49.59123537219366 , 6.319774045091256
49.625226874354524 , 6.097520468622574 , 49.62758998917223 , 6.286905737988352
49.59067859003086 , 6.143596123691882 , 49.63500811802218 , 6.17279353622984
49.61225481607985 , 6.115115350308426 , 49.643898341426286 , 6.219889426594298
49.6123151630342 , 6.27237273596927 , 49.56962268153977 , 6.170931179700318
49.57188928126182 , 6.094959195333989 , 49.610746209189976 , 6.129717029882267
49.62066912920388 , 6.071839839939557 , 49.65202180395141 , 6.279666059063495
49.61484076757413 , 6.138035330597511 , 49.609346795198114 , 6.087922027886236
49.61857560763544 , 6.16987380122453 , 49.612374430830236 , 6.146801208604186
49.612136682513515 , 6.11157877517136 , 49.613882187183535 , 6.120073676154685
49.61645062579112 , 6.120881821955668 , 49.593013734147725 , 6.141046012432336
49.59344958802277 , 6.177896807049487 , 49.62287339254038 , 6.118640308164006
49.65338059302251 , 6.238192335513319 , 49.617578087512555 , 6.08034345866101
49.64728472768579 , 6.077890856824905 , 49.618211499888716 , 6.172732732692555
49.59759859406158 , 6.1533652102880625 , 49.626164565397076 , 6.121832114304238
49.62717083138918 , 6.066244875326999 , 49.60075897997648 , 6.156202419646815
49.59999490344513 , 6.133282945368248 , 49.623684235792396 , 6.13595880096719
49.62908347904552 , 6.18585903042251 , 49.607315965059286 , 6.157562590076607
49.62107944938666 , 6.1284148563469705 , 49.636459985030264 , 6.179817577662398
49.6284582300879 , 6.155971149530259 , 49.639390238330705 , 6.156829991614544
49.60481048548727 , 6.114952873011054 , 49.59817307275066 , 6.1551550338659125
49.603751724896334 , 6.182225118929068 , 49.64718334963534 , 6.08250739017998
49.626439337126435 , 6.165257599811163 , 49.6460682561496 , 6.165218997642808
49.660200996259476 , 6.054674161245926 , 49.6260455684326 , 6.122690898450236
49.63432597723086 , 6.149108675736784 , 49.577132836131625 , 5.9904397370415445
49.62851402793138 , 6.184286288930731 , 49.62722365111117 , 6.14221671690179
49.61819111754834 , 6.082851295581596 , 49.59422372265237 , 6.145853806533992
49.607541792750595 , 6.146315791674609 , 49.57166033949358 , 6.045526851345214
49.625407017794174 , 6.076930384568838 , 49.59759525897331 , 6.157835324432555
49.61327524393941 , 6.117543526326361 , 49.6184060863899 , 6.169646807779865
49.575229058519014 , 6.153501830006805 , 49.65902739204254 , 6.090761846817938
49.65424095104178 , 6.130351862449295 , 49.655756389956196 , 6.306764289864799
49.61342736302272 , 6.073688604535873 , 49.625959817720556 , 6.114645428927663
49.610547116044565 , 6.125386161517657 , 49.636941159756205 , 6.136426427583413
49.6097977571365 , 6.139511731638499 , 49.62281138526673 , 6.1228541257696305
49.65490711494204 , 6.002139113260609 , 49.57960758036338 , 6.312783681032717
49.62860814550083 , 6.045947437014966 , 49.61127678155609 , 6.113549446264531
49.60498894109257 , 6.129426603091644 , 49.62431615030342 , 6.160043833340844
49.62100133349922 , 6.132677712202772 , 49.621029254999875 , 6.1661922274729974
49.63371026102414 , 6.119275350554648 , 49.621003117428685 , 6.119355928476083
49.63537962606741 , 6.121862275963271 , 49.62014281265537 , 6.007834601376233
49.60566380898347 , 6.14485658412858 , 49.61053037183203 , 6.137597131414921
49.61814151662974 , 6.166977208295764 , 49.650291362467584 , 6.000006065066706
49.595740779343856 , 6.148501737016708 , 49.60982338717078 , 6.083085908791136
49.627396219480914 , 6.134702419287866 , 49.662795505773765 , 6.310290427821297
49.626243051892814 , 6.136347210506971 , 49.59819562784947 , 6.1429615766146
49.61840119729629 , 6.120244855287288 , 49.60573935407757 , 6.124005244800107
49.615746362483854 , 6.12510822633288 , 49.622946500879024 , 6.01248711953492
49.58335523353304 , 6.116876648340538 , 49.59773184125942 , 6.117691586070061
49.57453900927591 , 5.989675718958996 , 49.64981768270989 , 5.989264225001711
49.61004627995692 , 6.073810055150469 , 49.57276606527308 , 6.168316974835843
49.64136242971284 , 6.176612995852989 , 49.61955736429748 , 6.102047150237136
49.586059688004156 , 6.194706684751763 , 49.654593430941766 , 6.002632689024947
49.60321838266464 , 6.133422048306101 , 49.608788036140254 , 6.128165371292714
49.637104742313596 , 5.999916408905111 , 49.60107091988058 , 6.148049663918468
49.59895590131013 , 6.143994806736795 , 49.63761537983719 , 6.0288843155609735
49.6286445439436 , 6.033300301065777 , 49.62307909117475 , 6.1354682753268355
49.607810335070184 , 6.16188690801105 , 49.61391877703247 , 6.142083416269635
49.600532463236455 , 6.2140087653602984 , 49.57545200250349 , 6.166725177298259
49.58470144356565 , 6.184301884137707 , 49.611532695941364 , 6.105195770187958
49.63396437243358 , 6.214785389885039 , 49.62316492238194 , 6.053655323373331
49.61985528204762 , 6.173076134309983 , 49.62612489408813 , 6.063266353122996
49.617675019038586 , 6.1215109885796215 , 49.631583113853964 , 6.123089337215013
49.62228860094202 , 6.239020520675344 , 49.62047853554089 , 6.136717447335043
49.64517757527862 , 6.036787146383018 , 49.6292698676949 , 6.017682112033138
49.618233445601746 , 6.132692259128707 , 49.65807278591858 , 6.232810830770975
49.58755196966647 , 6.18630300117419 , 49.66199337023154 , 6.087510779160501
49.62222629819154 , 6.128612628041192 , 49.57748409195676 , 6.157092008615865
49.616456893466214 , 6.121313588202248 , 49.56838867947021 , 6.124827167596852
49.5969885941233 , 6.154041501238889 , 49.64507325801689 , 6.157232618939144
49.60389540401031 , 6.113252688960665 , 49.63669484543733 , 6.137566626265219
49.575095176569675 , 6.1452175121674015 , 49.65329404841354 , 6.128344605676072
49.62889569363176 , 6.141780000481232 , 49.574115643181436 , 6.188362114889112
49.59548205699552 , 6.053596777477528 , 49.591976240704334 , 6.251959836088997
49.6063331292399 , 6.106454828095361 , 49.58907744842382 , 6.0148319176424305
49.62085038913337 , 6.063472589932885 , 49.65054084641345 , 6.131662937191948
49.5821177829838 , 6.104124673253607 , 49.576601811079165 , 6.284828444285091
49.605804374446585 , 6.129072264302015 , 49.617141528361984 , 6.1475164129563264
49.61416523184339 , 6.163781466461371 , 49.59708777228443 , 6.1575354540447895
49.6139405255228 , 6.051017296227529 , 49.629078750895395 , 6.09569243868244
49.59487100514684 , 6.141234921778616 , 49.610661258093465 , 6.1844942100496505
49.61232761883084 , 6.104507282085988 , 49.59940605603085 , 6.148985736933817
49.620539597399585 , 6.056879873650274 , 49.60886876500269 , 6.119965958366068
49.623997917125735 , 6.1421435088242005 , 49.586298522724654 , 6.193371421924423
49.664160314698535 , 6.108016727563005 , 49.579205251295036 , 6.124383626327824
49.62952293973473 , 6.018255499273452 , 49.666985869264096 , 6.262251507051364
49.623780851386314 , 6.072322302165271 , 49.591924908584254 , 6.145530104103527
49.647927517555885 , 5.99611957155333 , 49.64800149782357 , 6.136480837231496
49.62441134962702 , 6.0625005232442195 , 49.66795481237888 , 6.084664883750286
49.650477252761625 , 5.988742103586623 , 49.61900897676834 , 6.112161461318889
49.60935900521078 , 6.1370141743246664 , 49.60618695001414 , 6.086649952921933
49.62063265306946 , 6.1215895341838635 , 49.64110300147403 , 6.275317085227399
49.60849200785648 , 6.122068114623261 , 49.58331069495551 , 6.137510806167251
49.629369761452786 , 6.132493603099405 , 49.632521804075445 , 6.037058169696502
49.61787777383817 , 6.162847815509327 , 49.62859853572208 , 6.039419320260354
49.6204630751908 , 6.129273543641406 , 49.62837618268081 , 6.181407757727065
49.603110652609246 , 6.125752384376497 , 49.609284219026975 , 6.164352953643676
49.62647158431302 , 6.129020752867665 , 49.64075409108948 , 6.1499043478500885
49.60435808149205 , 6.0882000113248935 , 49.61742873277128 , 6.16547616211581
49.600392506449 , 6.120330967390536 , 49.607982454860654 , 6.1219159210180205
49.60161564413116 , 6.13751933777811 , 49.598646596637316 , 6.147636866852831
49.59779982732406 , 6.2278431802398195 , 49.63973641834719 , 6.13817401094402
49.620605145475274 , 6.116475896998255 , 49.64232085382906 , 5.987350080820826
49.5935280692594 , 6.132598536375202 , 49.63600687802439 , 6.182772337356841
49.62027248083428 , 6.120327510239455 , 49.64605726352634 , 6.226205117770675
49.57717299592295 , 6.082571530120911 , 49.586157418294135 , 6.171848023895233
49.60865512826982 , 6.099944685145053 , 49.635240408238545 , 6.130631610785025
49.64710170833982 , 6.136695107465037 , 49.59649226931707 , 6.139672197478993
49.630505943786446 , 6.11709862034701 , 49.60209773290568 , 6.149886521123327
49.60396236091915 , 6.119888398821844 , 49.65374527357853 , 6.015152982260076
49.59999523290834 , 6.134608283341417 , 49.635815629014715 , 6.039968784958578
49.61939629378448 , 6.111118764857478 , 49.61815014352811 , 6.1324183589626795
49.56299311216768 , 6.2308093366810136 , 49.62081500139627 , 6.120569918528862
49.61371494700024 , 6.146121416004403 , 49.6072238335977 , 6.240720328967946
49.60422622491757 , 6.115583412287962 , 49.60764182284445 , 6.104464938202116
49.61533452755609 , 6.12042782811405 , 49.62086777369847 , 6.157057735339059
49.61930540460324 , 6.11087146959957 , 49.59586429671681 , 6.143071723815732
49.603153513500104 , 6.148340624131838 , 49.62593753289729 , 6.062560238662122
49.59601096045504 , 6.228478298508084 , 49.66096790703755 , 6.120877477561903
49.62451035126491 , 6.185101676112741 , 49.61961145126006 , 6.091062693891026
49.64950248169059 , 6.136540172642939 , 49.62814736539642 , 6.121757165440528
49.6460145829066 , 6.154820019617432 , 49.59746048403873 , 6.121261330695397
49.6104202407237 , 6.144345249740811 , 49.603839770331774 , 6.053982898160083
49.586363385277345 , 6.113182234885494 , 49.609069570160635 , 6.131213543684102
49.62407041799623 , 6.1168967394694915 , 49.591621807984254 , 6.138616570510191
49.573822397302926 , 6.149089077767218 , 49.65729795509807 , 6.1197470006476395
49.65935629935114 , 6.131160715121125 , 49.629187120002086 , 6.2265509799452525
49.60778626468275 , 6.100384774641431 , 49.621445207613775 , 6.163660344939474
49.618966989693746 , 6.266452954869155 , 49.64352410464384 , 6.02508070902697
49.62508652318585 , 6.162946684363827 , 49.596607538512124 , 6.149913682175162
49.59636921841536 , 6.145168876813494 , 49.669873727711796 , 6.0412426122116765
49.58587265609108 , 6.053355282669579 , 49.64051748680065 , 6.2416405047595465
49.59558847826682 , 6.129874331217444 , 49.63722593368343 , 6.1509737289134385
49.667490465786145 , 6.145835605270693 , 49.62052447525685 , 6.065568644468875
49.62773698988187 , 6.202759189332453 , 49.6260208878213 , 6.121239042420912
49.61947617402673 , 6.160919536392426 , 49.62672105945938 , 6.116666525604214
49.643468774913444 , 5.988513289751114 , 49.572286648397316 , 6.1884790104091785
49.62060695750942 , 6.104657014384773 , 49.58747434919988 , 6.157070658340913
49.58256007755519 , 6.1112431349789 , 49.598971358132765 , 6.117770304132873
49.61397546306051 , 6.133176112832073 , 49.60364251108928 , 6.205693758169732
49.615592569733785 , 6.073709310495351 , 49.64351309915741 , 6.220661637655958
49.58969325006186 , 6.107293516123209 , 49.65533621781667 , 6.129070596224896
49.602571128566204 , 6.188500052744347 , 49.64458397010346 , 6.141886298541742
49.62574560644794 , 6.279314251612028 , 49.61864864922434 , 6.124710281922648
49.61509316561438 , 6.132098815291274 , 49.627181256086125 , 6.181143745833887
49.66520430212627 , 6.136326950851581 , 49.61347259676681 , 6.249103961512741
49.62897514027296 , 6.073512612951011 , 49.600314820633415 , 6.1036306959148465
49.56571031109602 , 6.170153876064126 , 49.5998686347593 , 6.144980513294767
49.64378793483882 , 6.163575328448415 , 49.62757138424381 , 6.146374549568653
49.596720111241254 , 6.146639939121528 , 49.625876512581776 , 6.181192679736417
49.59384389389458 , 6.036691944630746 , 49.6221632941396 , 6.136812247505012
49.62245514360753 , 6.124557687897635 , 49.6293810512398 , 6.195274776011792
49.6075869881898 , 6.1034840606594525 , 49.61219556421734 , 6.137601126086376
49.61708835124549 , 6.147912135837774 , 49.60120735783206 , 6.148363641102423
49.62378158366658 , 6.182724715977518 , 49.62591802636312 , 6.127063029333457
49.611201181777 , 6.119655474969327 , 49.65470530930447 , 6.254040614823699
49.60518783231157 , 6.082510564108981 , 49.6207942299275 , 6.133129532173035
49.57007693909652 , 6.169577496987175 , 49.60700014457811 , 6.14240945319107
49.6623578676312 , 6.18070678363217 , 49.60727087533322 , 6.150661251291227
49.598023917000624 , 6.135037613099555 , 49.606836540611845 , 6.1032631523768295
49.62277814721871 , 6.178632365835367 , 49.6141408522079 , 6.121813988856829
49.57537885351022 , 5.997654934330554 , 49.62917989710151 , 6.165261955837008
49.62046759919129 , 6.077143832796305 , 49.61060172121561 , 6.148762246952596
49.62025676737048 , 6.16014997310313 , 49.62658958132289 , 6.097767512718439
49.662601790314184 , 6.095932390583153 , 49.61774454922529 , 6.107862663037862
49.626467804327774 , 6.172893992316669 , 49.603941451066476 , 6.115895848182213
49.61585521332893 , 6.219694404667 , 49.64365480939251 , 6.165294202865953
49.6108444005458 , 6.137037625280905 , 49.64723296132625 , 5.9953592423263835
49.57253893131138 , 6.041824447698747 , 49.60821115523421 , 6.105032656137476
49.66839176304053 , 6.135213978212747 , 49.63620148089031 , 6.150558874510142
49.65597614239224 , 6.31211710534525 , 49.61067155046406 , 6.144052560820854
49.60628626278459 , 6.114098363134294 , 49.631586905954734 , 6.033364633938936
49.59849390676459 , 6.14714068505616 , 49.62948866320863 , 6.281524818604239
49.581404579911016 , 6.169606487148419 , 49.58527461237506 , 6.122703738061033
49.58347439454546 , 6.149521246053413 , 49.59201686865177 , 6.156290577768847
49.64341856302368 , 6.136818286833671 , 49.6526200775938 , 6.140307090410792
49.61985070455859 , 6.121215301813939 , 49.60371640975583 , 6.153495433515277
49.62903287545245 , 6.0729368386161235 , 49.6344973920477 , 6.168554848135029
49.660931704794635 , 6.136321227512517 , 49.61642167818529 , 6.1140279950170555
49.63767464553516 , 6.18314526844734 , 49.611052867161646 , 6.119273651574538
49.60963317452814 , 6.132616130517917 , 49.63235982304882 , 6.1453474062940145
49.585383005104774 , 6.197951714870216 , 49.60453384842417 , 6.115189802266318
49.58046635736674 , 6.128546119998695 , 49.63799436399223 , 6.172248807012912
49.64736508460747 , 6.107099877884839 , 49.641831891765946 , 6.135105372608722
49.61811969653793 , 6.106090851677777 , 49.660391267034534 , 6.141202308971991
49.64141462567395 , 6.154243592270864 , 49.58529717184485 , 6.131144997515522
49.6381573030264 , 6.021678483459626 , 49.62497413665932 , 6.132426360904477
49.62986212491772 , 6.166088317671632 , 49.59758188565007 , 6.1431650260567565
49.63107993591402 , 6.024884163879427 , 49.57754524202062 , 6.174759962677561
49.600074322896276 , 6.12903555470868 , 49.66210545978178 , 6.137008330164919
49.6122181179662 , 6.118344914500693 , 49.5659028868185 , 5.987810070245672
49.61316828128485 , 6.258291845679447 , 49.58734197135764 , 6.112718147557094
49.61619300459206 , 6.016757569999476 , 49.66484402426335 , 6.136305799662651
49.593641330600384 , 6.1310766547671065 , 49.616407697438426 , 6.163755928272962
49.634604257754894 , 6.131550805180319 , 49.6176375277671 , 6.115932568072594
49.57377453149966 , 6.15794258866089 , 49.594542792713284 , 6.139679526215179
49.5709847137523 , 6.091784690998112 , 49.59981686524194 , 6.247957512108496
49.62364826949214 , 6.150010932655868 , 49.59522164992838 , 6.152978351830477
49.62051545961696 , 6.167986138713439 , 49.60975009617115 , 6.113034828407583
49.612151781036395 , 6.1290797372216375 , 49.620640502754725 , 6.0584474910081605
49.624333063572614 , 6.142313073795713 , 49.61264906100331 , 6.087585279868497
49.65445712518755 , 6.107794616749786 , 49.62091880023042 , 6.265603447410434
49.63132704774868 , 6.1370240103480835 , 49.59892122296006 , 6.199613706060019
49.621032498062604 , 6.134572153922968 , 49.61924829593694 , 6.154943934505458
49.63107685220621 , 6.127336401052189 , 49.59698389556998 , 6.1415503526236765
49.64315912130226 , 6.1766516767600015 , 49.63743062787919 , 6.161568869310687
49.6035209915507 , 6.125918877048482 , 49.598969684752184 , 6.2124445897110245
49.622187124830575 , 6.1033542228480995 , 49.61177984851843 , 6.113856438078339
49.610579348506526 , 6.053070508528968 , 49.635892373299455 , 6.14850754260115
49.61200128601292 , 6.099873920246719 , 49.604905285449455 , 6.18228212519957
49.58412966230225 , 6.135377722640452 , 49.650381896941454 , 6.027463136486156
49.621518370715876 , 6.1571091194360426 , 49.63405142709817 , 6.137014346519586
49.596298875131126 , 6.164962727145342 , 49.591577243519765 , 6.232661226741543
49.56543713434907 , 6.171764598665548 , 49.62654931793328 , 6.1662384353064255
49.57056301063817 , 5.986874183624788 , 49.6070862742178 , 6.174905993349106
49.63288582745426 , 6.11606998289872 , 49.612162767032785 , 6.09784805939662
49.61202783855317 , 6.264343597427795 , 49.660700735319594 , 6.14567239690471
49.61423537756968 , 6.120127888982172 , 49.57195529656968 , 6.164456998751961
49.56493048010083 , 6.333341156853586 , 49.60049959672231 , 6.064753238287416
49.64098739964403 , 6.078796799377664 , 49.56236172757253 , 6.073079269806585
49.623083160647006 , 6.083021313694165 , 49.65558228307044 , 6.136283802760145
49.56629496380827 , 6.004336508711307 , 49.63646638392705 , 6.268190956352587
49.60199340997082 , 6.122220931756464 , 49.58982142343846 , 5.998866545014634
49.607961456648 , 6.135378323220955 , 49.64080533331796 , 6.142987238896744
49.625177950969615 , 6.149893594869542 , 49.61418325055334 , 6.0738390597593
49.627001989397655 , 6.201884649051641 , 49.60232104399413 , 6.141607938004959
49.66716590071815 , 6.118679263446515 , 49.62869234070399 , 6.128316727278545
49.622458186294004 , 6.127232659456258 , 49.611649469937795 , 6.141459827304344
49.65882182274739 , 6.078682907612217 , 49.61500914742866 , 6.146349252854855
49.612300535414306 , 6.061502350800259 , 49.603713705228856 , 6.262505633840804
49.59163159907894 , 6.131231930942936 , 49.6127633166883 , 6.322624028174111
49.60405481897838 , 6.2586793152145415 , 49.598114804123256 , 6.087785805066986
49.62918366808307 , 6.173272761723367 , 49.61837009771945 , 6.085378853453531
49.6204898064994 , 6.1024974417071185 , 49.63292301461098 , 6.137312052981871
49.6235452489721 , 6.190753881118825 , 49.62636703739409 , 6.113505292749696
49.62789255396381 , 6.083212633747887 , 49.61470295455153 , 6.1159092273804285
49.62730546040881 , 6.064668328807732 , 49.61223226260217 , 6.148330116955426
49.62850442646396 , 6.145872138699299 , 49.609241854824425 , 6.138986251162232
49.624801674666074 , 6.037051111909652 , 49.645457210779284 , 6.1562504368211455
49.62131442472746 , 6.17109959529749 , 49.64393774149946 , 6.148341804377996
49.59955973638972 , 6.127288763849878 , 49.60963829462063 , 6.078398462270495
49.63735739968021 , 6.16887059555861 , 49.626282743623065 , 6.149799739084302
49.60253144691395 , 6.143712603808034 , 49.634435485554214 , 6.158655021159571
49.640736079350525 , 6.16299785000167 , 49.59346588291277 , 6.148660577235476
49.66400142435451 , 6.084504824035222 , 49.59948718998296 , 6.135269053523945
49.594427498752026 , 6.147942481700586 , 49.64093689158022 , 6.286384110995029
49.609996307186655 , 6.128480259038709 , 49.58012740357091 , 6.155737005327226
49.59154860354621 , 6.140060500897098 , 49.61104167467693 , 6.140091551240814
49.62038410492407 , 6.246926291682738 , 49.62103967745898 , 6.121015978603145
49.59784182931088 , 6.1415143381235335 , 49.604336199801466 , 6.154520519883324
49.60116617950254 , 6.133440941217081 , 49.60387347548787 , 6.1312228167810945
49.60468699560864 , 6.197027401206188 , 49.56786230946538 , 6.166859784555627
49.61730095571047 , 6.108746876814611 , 49.6234700408765 , 6.084441800499367
49.61430245572491 , 6.156468783696943 , 49.582381860412404 , 6.134662580893475
49.62220850139283 , 6.1715340190161525 , 49.61005153261057 , 6.13769935147835
49.62841195722253 , 6.191796790935488 , 49.58418678649165 , 6.229178646360737
49.623343040575094 , 6.1247116125045 , 49.597789349177894 , 6.1160102991471215
49.62926725753734 , 6.126367568480701 , 49.628189304738015 , 6.155240833511431
49.616620827368116 , 6.091400824545692 , 49.57177210854949 , 6.159623674976204
49.622005986171175 , 6.137206851666257 , 49.62820845940042 , 6.144899281412585
49.63731320946661 , 6.1581937383025 , 49.60008741322976 , 6.131834705192722
49.65088863611999 , 6.01062956118388 , 49.65933925114542 , 6.234021570431833
49.64444141243086 , 6.289040377386682 , 49.62332804051655 , 6.230641615431562
49.59082335034457 , 6.104431367379137 , 49.6453249394782 , 6.261574443275611
49.63624534473959 , 6.2135250899192 , 49.617737751288246 , 6.076649764758406
49.642851355748434 , 6.021591538670084 , 49.582026342882614 , 6.173822810484235
49.56541165578741 , 6.069810980935109 , 49.59335080987384 , 6.1813848704207714
49.625101842745025 , 6.121613679139622 , 49.591884400526936 , 6.126318716265673
49.616601016001226 , 6.1469217275874515 , 49.563642235173376 , 6.115547526986541
49.56464927378001 , 6.162445006531846 , 49.629144836402006 , 6.210738172668682
49.66932112814674 , 6.023789926489405 , 49.65959538188985 , 6.014096612824836
49.60841823514449 , 6.11080386574005 , 49.59775598210458 , 6.1495779805440085
49.64872615011409 , 6.106867345813143 , 49.63493536598103 , 6.123267199158186
49.57459873871518 , 6.231710711998429 , 49.623341323096994 , 6.080334123054889
49.61970802478452 , 6.27792481366153 , 49.6622377707155 , 5.997956382071274
49.596930288557566 , 6.1288975177866 , 49.659980183304164 , 6.127248847377131
49.58141603915062 , 6.163399404022171 , 49.621517031044135 , 6.1560004637805505
49.62903975929149 , 6.120004661566118 , 49.57146878057057 , 6.140436953092213
49.595833235455 , 6.150394582171608 , 49.62711047767062 , 6.18041128065317
49.62460655084237 , 6.13459864250329 , 49.61367009949927 , 6.050146046962388
49.57075315194781 , 6.162037110593481 , 49.59550758994338 , 6.1273121472061
49.60509101975202 , 6.047962397226633 , 49.66999568624233 , 6.136759656804825
49.668284506354595 , 6.146979091600248 , 49.60362389170821 , 6.176369465021282
49.647342115622365 , 6.162502828869518 , 49.6101814887598 , 6.125305251290968
49.61029041184198 , 6.074235844571235 , 49.57693941306933 , 6.141008271743342
49.60223300163333 , 6.0227462002971 , 49.63469549503874 , 6.123242682365953
49.60612843224256 , 6.1595879465251615 , 49.60951341688935 , 6.142787313397526
49.612637825789605 , 6.122210492200265 , 49.64703505455049 , 6.247499797152757
49.645615046391406 , 6.02030866014381 , 49.65797592279149 , 6.309508866114055
49.5964181679679 , 6.148957635308515 , 49.58759217850033 , 6.239263742471923
49.56255245326363 , 6.200008313016509 , 49.60106497475803 , 6.141114619839382
49.601611745600344 , 6.149297556013428 , 49.60497663976723 , 6.146875748149495
49.65444753638169 , 6.316001752706421 , 49.61995235910412 , 6.072903207280062
49.62693543345495 , 6.114660177625165 , 49.60867077267629 , 6.103810334439878
49.60189380182082 , 6.157831503610765 , 49.64021011581581 , 6.149241940115818
49.62090459506002 , 6.12465533293725 , 49.62820280552176 , 6.122264024001209
49.636820951863726 , 6.2699451992252975 , 49.598596701247814 , 6.154689575807458
49.572693501733994 , 6.15117538866077 , 49.62027389392201 , 6.1298763244440675
49.59556880253099 , 6.1532848036088215 , 49.588483968107454 , 6.134906276579176
49.628248431269895 , 6.176584667225478 , 49.62405563600723 , 6.148161795910405
49.585154620255175 , 6.129092295223347 , 49.62573899806138 , 6.095255553057715
49.57129321447703 , 6.154908669107765 , 49.64299982184823 , 6.1297026696581005
49.59537839216318 , 6.164366646893849 , 49.5861621660714 , 6.115008942425558
49.61864741307589 , 6.172460291370826 , 49.626500541080354 , 6.160992863107889
49.599346353692106 , 6.195132015866475 , 49.61941163635701 , 6.053262117499812
49.62232916342556 , 6.040941682628613 , 49.66829493428074 , 6.087013602352799
49.63650516302404 , 6.119683051849316 , 49.61443385544688 , 6.141770715047075
49.6002737313768 , 6.154572468716861 , 49.6457786284743 , 6.2695379940062645
49.58233624969716 , 6.143643068724031 , 49.6185126518342 , 6.153998043002876
49.611916217556924 , 6.262420366178454 , 49.62612053834809 , 6.199026187223745
49.60297088542881 , 6.157027111954107 , 49.57429463222094 , 6.158191820668204
49.66388461431229 , 6.122777411454759 , 49.62787443091408 , 6.129836203935355
49.57784430387122 , 6.153905817339667 , 49.57200970381945 , 6.12023221065352
49.62656868340894 , 5.994829040739489 , 49.60026816146313 , 6.129944727972809
49.60073366169197 , 6.029822161491774 , 49.61034258895684 , 6.129310694795302
49.61814209522637 , 6.075496511068164 , 49.6100951211405 , 6.139299602177655
49.656068648810155 , 6.324041796525946 , 49.60546875101741 , 6.229951822226813
49.60733232885155 , 6.111920042196979 , 49.62024066044701 , 6.1545697564490895
49.596485849912774 , 6.109775056023479 , 49.648596892264536 , 5.998259696801059
49.62834249467986 , 6.129970641871519 , 49.620204808237425 , 6.180381691962229
49.60694443750432 , 6.155747571545257 , 49.600667502355506 , 6.257602001255618
49.6064806084491 , 6.126201422297567 , 49.63916420987171 , 6.15507075463794
49.605652131215166 , 6.138623777001119 , 49.615257026188225 , 6.125355094260922
49.57116163869144 , 6.153817761394617 , 49.62657332095899 , 6.1784721673777225
49.61131462486699 , 6.118238751265685 , 49.60790083794363 , 6.141589698845986
49.62717192628457 , 6.2332657772891995 , 49.625036590175206 , 6.064565653957538
49.57762804276938 , 6.029065317466251 , 49.66654201193068 , 6.146591392449909
49.62637866697639 , 6.083043228330661 , 49.650687636947566 , 6.077936778283141
49.66706179703048 , 6.246133034523056 , 49.641547863764885 , 6.022225555661917
49.60082840068054 , 6.222987786713125 , 49.59940912446405 , 6.1497508240007965
49.64785378924751 , 6.141005006573931 , 49.61290224484729 , 6.133225826872126
49.63316364132332 , 6.19359703794239 , 49.59787343030602 , 6.146696446449424
49.627967499624816 , 6.090929981452665 , 49.6244259291402 , 6.088801690446157
49.61782337308374 , 6.13735864367639 , 49.65554943535956 , 6.122143088170208
49.612559681214975 , 6.112545692058267 , 49.62355962563072 , 6.254448865917418
49.606184899082145 , 6.1136451797722575 , 49.64616647427341 , 6.078676119160783
49.62736131424635 , 6.107266374661629 , 49.65027015255609 , 6.103451251174254
49.58344210500157 , 6.153077824822117 , 49.64599874769761 , 6.140851951868508
49.588396721249005 , 6.128803783723742 , 49.653954014496264 , 6.111991459793062
49.5837197245382 , 6.325905462579756 , 49.625623716053795 , 6.205792188060451
49.60368707503547 , 6.147340030430451 , 49.56769373232297 , 6.219697476579294
49.5795124956918 , 6.231294262972028 , 49.606516166902246 , 6.173077648297454
49.62388412784884 , 6.048209651142224 , 49.62342618482465 , 6.177967659134965
49.62328254052193 , 6.204164842823704 , 49.63490475097514 , 6.190323761345419
49.592912331187485 , 6.099183747387926 , 49.613838225490795 , 6.1230982147170945
49.62879283372512 , 6.155579222514205 , 49.637385183617766 , 6.187522746329439
49.592336445393705 , 6.076274242408084 , 49.64128653019203 , 6.139686409471029
49.623260846318864 , 6.123317959841767 , 49.630835497491404 , 6.0494830063461995
49.58044575507331 , 6.007590575261604 , 49.59351820044436 , 6.141105768459977
49.59676488365319 , 6.157484675597069 , 49.6289183445217 , 6.120585816910362
49.595126929780875 , 6.18304838450621 , 49.62142965009046 , 6.017109099482498
49.59205907304846 , 6.024949087272494 , 49.620995568807444 , 6.320590654644824
49.662264277138085 , 6.136546983056509 , 49.627987570147965 , 6.120200553673318
49.63835486890726 , 6.17735793680466 , 49.65572691266316 , 6.147563593635916
49.6204193444516 , 6.138829651219033 , 49.63640616540506 , 6.113894472277595
49.626036609787214 , 6.128904521187807 , 49.616619150720084 , 6.147907991636394
49.610846347135116 , 6.14136201009815 , 49.59953364933537 , 6.1272204313883725
49.637060600210276 , 6.1385501566164535 , 49.6372721623598 , 6.136140627470782
49.621000523979255 , 6.110034700455929 , 49.615431195548545 , 6.132905558325868
49.62751584149457 , 6.17982486882383 , 49.63983099440743 , 6.164672487506182
49.5979604586501 , 6.124943546948184 , 49.62621665510427 , 6.124592239845707
49.56558532018406 , 6.15656608839535 , 49.644591217202 , 6.14357720878209
49.57899847121251 , 6.1416005597911365 , 49.66087405562612 , 6.135221714162693
49.629057795109574 , 6.176232327677522 , 49.581826637269245 , 6.227837629448813
49.62985061140139 , 6.197238577448094 , 49.59589238901217 , 6.1467848737375315
49.62349767750254 , 6.121195664049114 , 49.62146260903225 , 6.175127312430269
49.63006454161673 , 6.230058706460859 , 49.625708144582525 , 6.1830846552254295
49.612417378877936 , 6.125123156930702 , 49.59318851782182 , 6.127765836858093
49.60573849358456 , 6.138882328028186 , 49.610870203859996 , 6.148770782640329
49.631970460659616 , 6.040527546881037 , 49.60332645614621 , 6.149898149716716
49.6278040200873 , 6.017522191646279 , 49.58690113610957 , 6.122471557340773
49.630824930412416 , 6.082207616947376 , 49.59432159920612 , 6.15656855627774
49.622218429862485 , 6.111997199802512 , 49.664547970971746 , 6.155219518672562
49.60658696654416 , 6.1454772827975965 , 49.5893189451433 , 6.134689429379748
49.57157094841123 , 6.165604068680679 , 49.62269391589503 , 6.1775312726393485
49.59829822709232 , 6.05824224534099 , 49.62148554944991 , 6.245033141341879
49.614376234979225 , 6.164564366802124 , 49.60059369810173 , 6.126895485757347
49.61800938925272 , 6.122440592832481 , 49.596560100449594 , 5.996083936905144
49.61763676629737 , 6.112632770553689 , 49.56963259056651 , 6.099841616055968
49.64600617149887 , 6.153087456317958 , 49.66583586035707 , 6.119765666554419
49.61771819283542 , 6.095202702893568 , 49.65617199834132 , 6.241370152562178
49.57647729709485 , 6.16282518962988 , 49.59112868754894 , 6.132976029681069
49.597725133985264 , 6.196656739146922 , 49.6544720645346 , 6.130037692136594
49.626592287235795 , 6.18801801348585 , 49.59120920780265 , 6.139163276959924
49.62189778766915 , 6.137124624535823 , 49.636193490729006 , 6.121979391838647
49.59831863759329 , 6.179436139642358 , 49.59668638489608 , 6.149341621256398
49.62081440732109 , 6.130056622588091 , 49.653917740344085 , 6.09334090513676
49.62600975989052 , 6.105053220339911 , 49.62878004421591 , 6.022423058328231
49.610102080015906 , 6.121280767690533 , 49.58770403570661 , 6.247493990393126
49.5993119927493 , 6.135087834607802 , 49.647498521651166 , 6.072373108151319
49.63009792214971 , 6.192588159038071 , 49.62654137401661 , 6.052074447133763
49.628585750093386 , 6.266218978818559 , 49.582221513922484 , 5.989520755567696
49.622704073847174 , 6.231648119873676 , 49.630507681568574 , 6.0886232946747025
49.6146266160558 , 6.11557235401134 , 49.602867322158396 , 6.149733801801098
49.58494204380061 , 6.007913017575508 , 49.651068759718505 , 6.140992076357435
49.64540403092393 , 6.139596870940226 , 49.67099428079236 , 6.011749891573846
49.58875079649497 , 6.138790687079943 , 49.62357578369455 , 6.030093671049834
49.61992072074645 , 6.18798770245782 , 49.61179325180949 , 6.115628854928003
49.59141960840437 , 6.149793005643294 , 49.605675155067956 , 6.065073076782472
49.57379196675269 , 6.134265549364992 , 49.62992689497773 , 6.108217737650092
49.62078443333784 , 6.120832468661255 , 49.610675814529586 , 6.120596681648726
49.59090935939073 , 6.122581344988901 , 49.58732953316176 , 6.146651483263567
49.60748983717219 , 6.144062199468812 , 49.63985968317097 , 6.140198956272803
49.609925805443616 , 6.147347965664785 , 49.64745303357333 , 6.000721573581144
49.61314425851402 , 6.270350356716981 , 49.64576601439269 , 6.2687711601068425
49.64541112080341 , 6.2315557745955985 , 49.56834998471876 , 5.990630490321829
49.622599537839726 , 6.164212243535003 , 49.57497697572883 , 6.001913163344333
49.61819060151066 , 6.103314459966498 , 49.656587375682406 , 6.002623982018549
49.64051943673906 , 6.147561975731318 , 49.64212671020145 , 6.0762224564859215
49.5850963433228 , 5.99859711280303 , 49.61775969952622 , 6.1711672033653935
49.595572695288325 , 6.157556470292468 , 49.62109271767249 , 6.0641976007005916
49.64304369798464 , 6.0390030080733315 , 49.60584895845919 , 6.12195503827166
49.61534863981424 , 6.154874733957599 , 49.618012347127035 , 6.130000717935083
49.624055066732545 , 6.137830524150469 , 49.639855613618636 , 6.144046694577822
49.63773332883029 , 6.262143663259558 , 49.62177867277219 , 6.088096076738416
49.59890908372002 , 6.143881421356443 , 49.62458148147829 , 6.106230379581347
49.562837014118195 , 6.077894342284821 , 49.59826453495056 , 6.182915272549238
49.56955034886716 , 5.984488815566646 , 49.61046484265411 , 6.123648105467614
49.62195187384907 , 6.058213659552864 , 49.61241163360264 , 6.079684451257872
49.608382088686376 , 6.1351149109067835 , 49.58756597326101 , 5.9906839330967925
49.630642344317934 , 6.1276471020749055 , 49.64545260878416 , 6.237234276372705
49.64170745421108 , 6.291154616346707 , 49.63751310511289 , 6.045746560650312
49.61804978690878 , 6.166190241243998 , 49.60437432327284 , 6.223154092840509
49.658387512854965 , 6.139547482724024 , 49.65974977594521 , 6.126316925511863
49.6203473964921 , 6.108086983292198 , 49.6305193160691 , 6.128067293125256
49.62881119877142 , 6.169304467123722 , 49.60723683703897 , 6.1251056617846436
49.610544804029914 , 6.136111034876594 , 49.63678421628932 , 6.1390683268581965
49.613754283196336 , 6.172015750794685 , 49.57149065949186 , 6.078463637894472
49.59279108787008 , 6.145450036752482 , 49.60804222219043 , 6.137529992628878
49.630601028119486 , 6.112284343166684 , 49.624085236012114 , 6.125694195203046
49.656138092418914 , 6.14727554340401 , 49.604236028337084 , 6.139052526579116
49.588666101374194 , 6.141761989204033 , 49.62869768031907 , 6.112672349392211
49.654878865787374 , 6.237905512672017 , 49.569163537471 , 6.1538856874210115
49.60607962407984 , 6.121720771801879 , 49.57225402831628 , 6.172622131435256
49.60784385527725 , 6.206392651942786 , 49.60609611758611 , 6.123906197172623
49.61400884777958 , 6.1332130749373475 , 49.610124680020526 , 6.140502979813698
49.58485629601921 , 6.002358158305192 , 49.6351967328986 , 6.185680622676395
49.65293244632165 , 6.0023527328800546 , 49.598686431303335 , 6.153050725137456
49.6557813498852 , 6.0643187583459515 , 49.610779811967646 , 6.122705706112084
49.637169637954884 , 6.174869069838685 , 49.61753860896271 , 6.132190706010658
49.64850973642283 , 6.145253801414555 , 49.604112356712186 , 6.144210861432525
49.61935938962454 , 6.132234311812054 , 49.66046229421858 , 6.147392039962178
49.6101630883829 , 6.09914342659233 , 49.585461256404514 , 6.140771726694445
49.6165258369609 , 6.224642537154074 , 49.56967799424845 , 6.19539527048039
49.624618690918474 , 6.112799904325343 , 49.61542837474594 , 6.033126653236839
49.634531751884545 , 6.021830379220753 , 49.63743848683145 , 6.131180009710166
49.609464796730634 , 6.106890441053829 , 49.60258619708786 , 6.145972372447177
49.65695460538866 , 6.136710508725045 , 49.60122713473827 , 6.139401117442395
49.61213681894415 , 6.174480330169282 , 49.6381565725361 , 6.06542937163691
49.620645748171576 , 6.195246089582925 , 49.61061239239278 , 6.1323029727439895
49.595440259935685 , 6.22103152470453 , 49.6197250272054 , 6.123779355949736
49.604172510726364 , 6.153294616801568 , 49.626735364545716 , 6.161304068284532
49.64852162708234 , 6.004680700393548 , 49.62088800719731 , 6.139992376366709
49.62530273222734 , 6.103140220052099 , 49.61024842724843 , 6.132029379197611
49.587429317807924 , 6.144947946642228 , 49.6041573277957 , 6.132016401105233
49.605745951749924 , 6.049343574828611 , 49.59436639193851 , 6.130701995864689
49.62583953598895 , 6.081382272845601 , 49.60549219394091 , 6.174064183713577
49.62435741289837 , 6.126815937500562 , 49.662416276886574 , 6.126858512174554
49.65756740253015 , 6.139951238477445 , 49.58457551411429 , 6.1118363701144
49.63590894408143 , 6.191219208640467 , 49.61650927326882 , 6.191532719357841
49.62627031663828 , 6.0547924736257634 , 49.636622028286155 , 6.180808409938333
49.652073234497195 , 6.059413843068798 , 49.606089779113034 , 6.115943923295128
49.63905272066316 , 6.159179886659696 , 49.57048245408921 , 6.098633695262389
49.612456859966294 , 6.1388631988502045 , 49.64326538887693 , 6.158419797823023
49.64007993129388 , 6.152969467452565 , 49.60476416326781 , 6.162051855836953
49.59829065392902 , 6.14740864566832 , 49.62269982263786 , 6.076952135483506
49.62093654000152 , 6.163626306448366 , 49.589534528624434 , 6.15192978215541
49.62384634242766 , 6.1818836888430955 , 49.63610122389785 , 6.116883977063075
49.625930454989906 , 6.012184202079383 , 49.61306799597863 , 6.114944671132318
49.60127064056486 , 6.096351636564257 , 49.61905908044884 , 6.118597434200522
49.649837371048264 , 6.095178398090466 , 49.62082019727767 , 6.1268456419466455
49.60256601861165 , 6.137339820677102 , 49.61110330820058 , 6.067351122285083
49.63439213169128 , 6.164592736590153 , 49.629005515108965 , 6.146389216318576
49.64006884054127 , 6.086464424997106 , 49.63240902431137 , 6.2797745076042
49.61716707517619 , 6.174575347017969 , 49.6426041457214 , 6.230038515928171
49.620628701083014 , 6.106910729093085 , 49.65396862919177 , 6.139987478543917
49.653329050074404 , 6.305289531930991 , 49.607503577984026 , 6.128567049823347
49.60126600620426 , 6.1452224795343025 , 49.62734376032146 , 6.120511001390591
49.65437190180943 , 6.1816655230102535 , 49.62858859248797 , 6.086884012448004
49.587508876357184 , 6.169568308274907 , 49.63305786794956 , 6.171903814621456
49.64590091968318 , 6.15074898736892 , 49.61207033377204 , 6.1158772030926505
49.61042030382401 , 6.137868912285105 , 49.664211428698266 , 6.081490682987038
49.6337149806784 , 6.047819436628399 , 49.57710604248682 , 6.133486649744968
49.629307870913244 , 6.1285076336516235 , 49.600059969724114 , 6.139120386733032
49.6136552383395 , 6.062096090050517 , 49.622169308420816 , 6.166300973104896
49.59659084977337 , 6.062866519115599 , 49.650536946414896 , 6.1365696312132005
49.61653203165631 , 6.119624759268664 , 49.61616571218593 , 6.114576005951978
49.57802815381307 , 5.986901085866976 , 49.60117341932898 , 6.149987057127347
49.65466987730772 , 6.024237751837795 , 49.61272378667374 , 6.105626690289003
49.59337316961711 , 6.154099928530055 , 49.630604143475225 , 6.1220797566614324
49.63035746665177 , 6.125003855978735 , 49.633822646243445 , 6.160457690357691
49.60514080048315 , 6.075498373169183 , 49.621148751968136 , 6.179845455467334
49.600662716178846 , 6.147481688208412 , 49.641657651024325 , 6.164957826656491
49.62380225228865 , 6.147243065145801 , 49.6215642315332 , 6.163042229136119
49.62200914118963 , 6.049384326529918 , 49.59177093337575 , 6.136760142006308
49.61219822479134 , 6.04412027761518 , 49.66721345662213 , 6.08308165276213
49.61519840406307 , 6.1618234982113265 , 49.65276373007441 , 6.134151308127737
49.66286377123999 , 6.085753604356823 , 49.59167812986382 , 6.142607905442224
49.633498392503725 , 5.996334348148278 , 49.62199775951728 , 6.160943403256458
49.59654684610664 , 6.057974438988818 , 49.596869659424414 , 6.15797291394032
49.637446197397686 , 6.035727377639639 , 49.64659504863044 , 6.1408254782273595
49.61890762536342 , 6.103331147368861 , 49.56765116584821 , 6.211344933705777
49.604084744460394 , 6.147008276199379 , 49.620630821375066 , 6.066543522421754
49.58067424908725 , 6.131925616340863 , 49.6092460808434 , 6.313082003047096
49.63311555970408 , 6.107733856491235 , 49.59758817035455 , 6.1349508359901845
49.62428238735693 , 6.109459014315436 , 49.65102860652018 , 6.145084879707968
49.605777465663984 , 6.138872912994994 , 49.6163327916962 , 6.169243022960011
49.59506866774248 , 6.233830228464179 , 49.646613384096995 , 6.147912823273124
49.578812703298134 , 6.122410273587 , 49.63863776661656 , 6.154119796821291
49.64376433975868 , 6.282946877739753 , 49.589895927448126 , 6.149271470965386
49.611106752558264 , 6.154182050097266 , 49.63451150342264 , 6.1391553660401765
49.62404347991537 , 6.105142550551586 , 49.634200304442494 , 6.020404530835231
49.668961727356994 , 6.140854776478558 , 49.63006657045677 , 6.2118009037532795
49.607153491491616 , 6.145948244075524 , 49.61996805373649 , 6.136897165271563
49.61107187589875 , 6.120926259772801 , 49.64117579987572 , 6.1596756831886115
49.61244570630925 , 6.131616332478279 , 49.63375639961009 , 6.126584758931905
49.61547201475408 , 6.190971145757623 , 49.62773358759142 , 6.082473014888598
49.56400510272801 , 6.116556983686753 , 49.59750868328313 , 6.003905351020744
49.61710987331544 , 6.131774346031612 , 49.62091647961715 , 6.128910484274227
49.61667360483473 , 6.124714083640425 , 49.60818244831795 , 6.115914555925012
49.59789482193813 , 6.265266817745599 , 49.66182309636373 , 6.124539948874133
49.62268549193834 , 6.138637994641288 , 49.583912458697995 , 6.133597088102636
49.65719610577423 , 6.012900158012724 , 49.6690055553652 , 6.0631325993828025
49.654643757018185 , 6.142087985776767 , 49.615783331965225 , 6.155531315551147
49.59197121101778 , 6.2408747233824355 , 49.617744788231846 , 6.221593216813724
49.59263878185299 , 6.241215662705359 , 49.62134992623506 , 6.113745521676042
49.60153219555512 , 6.174757259908651 , 49.630270102837166 , 6.126173154618336
49.59898302534703 , 6.140116642787353 , 49.592069578922555 , 6.145905459536157
49.6594368293111 , 6.267372306837605 , 49.60094582065625 , 6.156978083674221
49.59679510246534 , 6.166596381722829 , 49.61338993000825 , 6.110026906592916
49.570626924201726 , 6.15856652420713 , 49.67079543269959 , 6.26252261842229
49.578031046503376 , 6.165883844919557 , 49.61872392226662 , 6.077634458102288
49.61002684234542 , 6.148204928117107 , 49.59558889126645 , 6.156085626565166
49.64920411288772 , 6.137176181476458 , 49.62949597402145 , 6.12306104505302
49.659783274920144 , 6.164687447164761 , 49.619120182410505 , 6.11753571268319
49.61658898762766 , 6.1272029774511125 , 49.569550050588475 , 6.169257250347311
49.6585257174316 , 6.140709029197069 , 49.61395182778044 , 6.070967402424325
49.60504868446023 , 6.140607544991863 , 49.61954910572906 , 6.120848624815584
49.58795368813137 , 6.141838772241899 , 49.6126858950673 , 6.0768031413765335
49.63459180898956 , 6.149626594185478 , 49.59716960515929 , 6.124520872783744
49.66490738592307 , 6.14615664930878 , 49.56412152263826 , 6.151864327819287
49.62387113574488 , 6.1161058279958285 , 49.62738250669306 , 6.186582840832252
49.59016711819935 , 6.139006667622793 , 49.66438052458511 , 6.1456040488466845
49.65985730588535 , 6.149553235984763 , 49.62210776072443 , 6.078059252795835
49.65157375352269 , 6.105138037218942 , 49.660599810443834 , 6.300650492526628
49.60436407058604 , 6.141682442571788 , 49.59901086361518 , 6.147318899037045
49.665326696294144 , 6.0888554473849315 , 49.63217633157426 , 6.132241729800627
49.62783092718662 , 6.17780911134089 , 49.57058432692721 , 6.097143486914113
49.65294106121297 , 6.18522198506377 , 49.616244412954934 , 6.196611947346437
49.58844919260107 , 6.1014866348536465 , 49.662369654039196 , 6.2413679681221
49.601343684864666 , 6.128637277633855 , 49.584463706954345 , 6.138524431286231
49.61032993351665 , 6.089350898823406 , 49.650412803511536 , 6.132227093334764
49.659491076370834 , 6.09937391979411 , 49.668999267761315 , 6.08305212570382
49.64600339619432 , 6.151035815363869 , 49.649124849682195 , 6.019018425750978
49.61164441901024 , 6.171034424222979 , 49.66829894199093 , 6.047196292477108
49.57875677330459 , 6.169967102746859 , 49.586861646332025 , 6.148693984863071
49.63773380686135 , 6.180005714596794 , 49.62602099863571 , 6.186638766642199
49.66803646087101 , 5.988325050270514 , 49.63747038168869 , 6.038969673491786
49.66718599210862 , 6.139971027639725 , 49.6189160135208 , 6.138727666184798
49.61321400781211 , 6.11574126046871 , 49.652723675079365 , 6.095837975983133
49.570749597748424 , 6.1732888945231394 , 49.651798765009836 , 6.226158679395863
49.606612257627 , 6.080998209572431 , 49.63329703735473 , 6.144997184792521
49.619112810626454 , 6.113204498619676 , 49.6013458962298 , 6.123622106142047
49.62491558085662 , 6.178235137932762 , 49.64790379590298 , 6.123904686552895
49.60615893563823 , 6.152278773470002 , 49.6046974016059 , 6.148031062647774
49.62822236739469 , 6.194830241867535 , 49.56390838180358 , 6.322713245163103
49.60679491840899 , 6.149645996846248 , 49.61956178515495 , 6.153997411958683
49.590741962954596 , 6.144668537250018 , 49.62799529295471 , 6.120855811075035
49.62339180224075 , 6.13426626333436 , 49.599718287928624 , 6.149245069589191
49.59988999364416 , 6.130575878186087 , 49.647415900832904 , 6.26448218939613
49.628101628425014 , 6.291225789686514 , 49.633871163102576 , 6.038302453665194
49.605163907043654 , 6.131422501863878 , 49.65831813501233 , 6.120135803480947
49.64534957938981 , 6.130159233699195 , 49.58074457579742 , 6.137623830582863
49.59793152810921 , 6.124316003084517 , 49.60617259613642 , 6.048546089338211
49.57857627072982 , 6.046693623648035 , 49.62077589465764 , 6.116164875634761
49.57763381761018 , 6.175237422378402 , 49.59763131240242 , 5.990810034181569
49.59572619721098 , 6.129326524018137 , 49.65518779195347 , 6.12195532052195
49.590714252495516 , 6.214205385941513 , 49.62826142950449 , 6.1070093931434055
49.62048137679254 , 6.109857300212772 , 49.6152388383113 , 6.115620372262372
49.57113893316651 , 6.124291963531582 , 49.62491755154353 , 6.0744961561342565
49.61425158935946 , 6.12129468272585 , 49.626819401274595 , 6.10852185568244
49.61945332096958 , 6.118861684216991 , 49.606493291633555 , 6.145242283323713
49.601869945517016 , 6.212272529497022 , 49.5890069229601 , 6.148388462121821
49.6250700606838 , 6.098173832634677 , 49.65565641237259 , 6.045291254508468
49.60402192601795 , 6.156332909105582 , 49.57628236034278 , 6.322674419390914
49.631808491587265 , 6.140165865100196 , 49.595441068194944 , 6.1580838440690036
49.625556665744014 , 6.197982179614954 , 49.628486841734 , 6.077969743405234
49.6031131726334 , 6.133892908179893 , 49.59732469053933 , 6.0559062835503665
49.590383664513936 , 6.114430575493887 , 49.6280734953333 , 6.119605948095812
49.57487462966366 , 6.0870320603399275 , 49.636882602108 , 6.190678597829378
49.64222661146841 , 6.024453961832069 , 49.65035384031097 , 6.064838340348892
49.5973926791588 , 6.08064176864969 , 49.62086621253391 , 6.069880811837134
49.62052278208612 , 6.158274675716378 , 49.60114437395941 , 6.140376180042193
49.65987732957632 , 6.148306883823808 , 49.63291410424558 , 6.0316484702643525
49.59944628141326 , 6.139437890207204 , 49.61306366139544 , 6.052648734827867
49.5933086632382 , 6.114125784126733 , 49.63396539201888 , 6.130366109805186
49.63921220716459 , 6.266106216564102 , 49.61800693184229 , 6.15398799320836
49.648936570930616 , 6.193030163083862 , 49.5889299564862 , 6.130165543664303
49.62093706964043 , 6.153664500354724 , 49.60680134659383 , 6.159562626895714
49.62238461679918 , 6.0233545599610165 , 49.603370020214086 , 6.130857495595593
49.62939933268293 , 6.0214940855689845 , 49.59898813995855 , 6.1399636818905785
49.65067243440821 , 6.097408903768033 , 49.62136953606893 , 6.172894127226426
49.6124404886479 , 6.129665665682741 , 49.663492866247864 , 6.309176789154472
49.578806782553315 , 6.148209113916734 , 49.656941164193825 , 6.1591021784794995
49.622100661861936 , 6.1406146844542215 , 49.61004371530292 , 6.089623468376282
49.59131475123182 , 6.14461679972497 , 49.56376758716521 , 6.152449935445089
49.616923291887225 , 6.177482947914709 , 49.63578777295711 , 6.119583028942889
49.61959036155539 , 6.127169033666073 , 49.587138347595605 , 6.139214653855856
49.5788499188237 , 6.165416203874624 , 49.612598315670276 , 6.279443194100196
49.61446521046332 , 6.111903331673106 , 49.62092010509157 , 6.095873261866819
49.62077791003549 , 6.056822351218201 , 49.616305051094145 , 6.122559106558193
49.62063170582533 , 6.1293919734980395 , 49.615209456657546 , 6.103152880477441
49.63479216976349 , 6.157472283439798 , 49.637658949027845 , 6.098540000623399
49.626711107554065 , 6.156626136899251 , 49.610518644975066 , 6.152245436472816
49.63545382698264 , 6.186001964486852 , 49.60277176412349 , 6.12981889990097
49.599541513060004 , 6.187659774804932 , 49.640555654856215 , 6.009377282442952
49.62798373832139 , 6.172317289050522 , 49.60581196076624 , 6.115828033351288
49.61513703976109 , 6.00039191878408 , 49.667602323724346 , 6.095786849336352
49.62907308848117 , 6.111523115588324 , 49.61223766756783 , 6.050318572589769
49.62385101217553 , 6.188216842117725 , 49.600670106346726 , 6.141431252559852
49.63422156710541 , 6.269826178561042 , 49.61654752145235 , 6.156373957122459
49.629301440656924 , 6.129771010212721 , 49.587935748540026 , 6.139272541690681
49.63696217696979 , 6.148337923964101 , 49.60383210855161 , 6.116061567168469
49.56932288918289 , 6.163106454014171 , 49.569712366634725 , 6.225080157105237
49.612213276763256 , 6.1474290769998206 , 49.604719177859884 , 6.137542900103986
49.61870345726568 , 6.130775148091822 , 49.61053957030176 , 6.143227010086278
49.603830291814276 , 6.165400035213155 , 49.57830111728541 , 6.146535844448066
49.610693900132695 , 6.075989489601719 , 49.62825338793732 , 6.131343828809143
49.61145274386863 , 6.103146300599607 , 49.601977233228666 , 6.13336961602849
49.59103523582317 , 6.146635061929823 , 49.6030666918443 , 6.22842332280435
49.6250160883847 , 6.127986079250161 , 49.63685838918632 , 6.216122833490091
49.6281046710816 , 6.173094125949524 , 49.64904223189242 , 6.263874734885296
49.602523790289446 , 6.130321941376058 , 49.63724855421324 , 6.171838858706619
49.6264287464007 , 6.124424458835426 , 49.61423094083518 , 6.117158788480466
49.60962156983022 , 6.117261209831203 , 49.579833667238006 , 6.117415554728442
49.59211486111006 , 6.136438711366409 , 49.606206864091874 , 6.152238021942693
49.58165949696235 , 6.144386527692807 , 49.620577832858395 , 6.1402233947024865
49.62425725345953 , 6.12209644915984 , 49.633593168524484 , 6.148560078485902
49.625328758968095 , 6.176029414601426 , 49.623570348580884 , 6.172082776711166
49.6043280687867 , 6.1400215503568365 , 49.58925030046397 , 6.150869359967271
49.66881026215366 , 6.005914167218583 , 49.62084522787583 , 6.18265068911219
49.6136942305314 , 6.151333593887974 , 49.60216305449231 , 6.147450071983956
49.66697701577846 , 6.083080775428552 , 49.645722040425134 , 6.011249337418708
49.60772186396016 , 6.136314463354684 , 49.58771038911052 , 6.2804201215705735
49.630544727179625 , 6.133058389278063 , 49.63262747404318 , 6.146870503511202
49.61255544987527 , 6.084534732694831 , 49.58577513217611 , 6.165685139408349
49.574335701113135 , 6.287003373335409 , 49.60665905671313 , 6.145377850065071
49.61948976907632 , 6.072452751674164 , 49.61171513374935 , 6.137922963674576
49.631812354082314 , 6.180713374546106 , 49.62707830926358 , 6.071186631352841
49.61047055571775 , 6.161081683583441 , 49.6506154532626 , 6.143474097922433
49.604639868059735 , 6.147898256645099 , 49.59735890491371 , 6.1579975314007775
49.58807537402695 , 6.1481283296461635 , 49.60543120408025 , 6.141420587193978
49.66946979897635 , 6.038770972724502 , 49.59905414328925 , 6.14514022756411
49.620930661939056 , 6.100551658426012 , 49.60273483431275 , 6.155455683060014
49.578432697411536 , 6.157741576024595 , 49.60147095156752 , 6.164015842174683
49.58896072817738 , 5.999549041110884 , 49.64549461430688 , 6.139812479023843
49.587103257066055 , 6.261557316001531 , 49.6447556711698 , 6.022388749257101
49.62459115608466 , 6.178624154884446 , 49.606707548967265 , 6.129479896645647
49.59888071391904 , 6.120112367679709 , 49.62931059034256 , 6.135119733896602
49.58708638804992 , 6.0945912300244665 , 49.60497887775449 , 6.138156350281678
49.61806294502919 , 6.254714769447015 , 49.62101591591789 , 6.112139243881767
49.601798236454385 , 6.135999272974651 , 49.63574089284656 , 6.148376393713295
49.58145965022129 , 6.136497999793503 , 49.5988883054601 , 6.167619779587607
49.62902292550041 , 6.103005409478182 , 49.61570423427101 , 6.112364741510843
49.61833642170295 , 6.104961260164829 , 49.64232856133513 , 6.012678587898144
49.64788163650333 , 6.191365046246464 , 49.663652730628755 , 6.196555331048919
49.6521426173738 , 6.128035639687904 , 49.62944942931742 , 6.12184951522012
49.620778520792705 , 6.0256090092202195 , 49.61567437280779 , 6.164812171244687
49.62911630845429 , 6.183221558080365 , 49.644509164231096 , 6.153478975514627
49.63003236130184 , 6.032686308507769 , 49.59809074673656 , 6.143606919023694
49.62149183633831 , 6.114018338167477 , 49.62761688307291 , 6.17627637675139
49.660348416779726 , 6.113891427075147 , 49.63428775424797 , 6.0350692981491445
49.6035868943869 , 6.232989416246904 , 49.63606229247078 , 6.038460735014379
49.60245080698891 , 6.212301643535656 , 49.60497496051747 , 6.114117424892297
49.622772484899016 , 6.0966084482046945 , 49.60385059473783 , 6.15189609133899
49.59941460251346 , 6.129463671033091 , 49.598273231283336 , 6.149372549768754
49.60804344039078 , 6.142575023223612 , 49.58516120636026 , 6.030708941345466
49.60116889019305 , 6.140844377137405 , 49.644700506462954 , 6.134612516394582
49.66889740791813 , 6.038321939501548 , 49.61478535436525 , 6.104402802164098
49.65960815985686 , 6.1291886074732345 , 49.652126426022 , 6.149307927560361
49.608556140990544 , 6.150263928686826 , 49.61954424432849 , 6.147552307603831
49.629905472149474 , 6.11499513473919 , 49.67020480488442 , 6.1219894213819295
49.62436241399926 , 6.108281200146613 , 49.64403823523497 , 6.154695876533868
49.6080687321836 , 6.140277742680405 , 49.62455422612584 , 6.279058235273322
49.57792484744895 , 6.168886005257094 , 49.62877862703917 , 6.18250966735563
49.665664436173 , 6.150710980933778 , 49.623980217774 , 6.0310077533809
49.59140966924042 , 6.007337297087058 , 49.654217391818264 , 5.9985379955625024
49.60422372259936 , 6.11843111794232 , 49.62013941186932 , 6.123330139988802
49.62155171132884 , 6.17462034605673 , 49.59961782504671 , 6.088648160978267
49.565938098952806 , 6.019431445574314 , 49.634918776795026 , 6.120724504997329
49.609925355847146 , 6.110513196484357 , 49.613437984946145 , 6.072725638381022
49.59788939370739 , 6.1462767928391715 , 49.63295710483446 , 6.171042117194534
49.61279422710079 , 6.1086621162775 , 49.62576027683147 , 6.16318030243482
49.58093314065059 , 6.121361252855666 , 49.611355459343365 , 6.225599844685726
49.61102372147655 , 6.14099819284923 , 49.660722893899255 , 6.089448673069815
49.59594256936811 , 6.14424636876771 , 49.66915107399008 , 6.148008275663619
49.62071121414293 , 6.066278396285053 , 49.612959941914546 , 6.047014751766086
49.63960666018439 , 6.163866280255999 , 49.617537175188254 , 6.1231980895140605
49.59564684087468 , 6.140758759320332 , 49.60208379424096 , 6.139753492387364
49.609386503327464 , 6.102802519689452 , 49.60271854720315 , 6.142810080288808
49.62748561979802 , 6.131261270168801 , 49.61786476761062 , 6.075134620110795
49.572460059129824 , 6.167123491569558 , 49.635455174821615 , 6.1883058565647735
49.62866952940329 , 6.167119927357739 , 49.57570820656675 , 6.129349592667564
49.62821611083714 , 6.1258859757634605 , 49.60402852581359 , 6.089616571980802
49.63696042655177 , 6.045601431416962 , 49.620785019721886 , 6.128801268733496
49.63628677425941 , 6.180128796154973 , 49.6215059372477 , 6.165617484676025
49.62540996293995 , 6.125995590731183 , 49.58427920836385 , 6.112784149562804
49.62786496196169 , 6.082177202226863 , 49.645723881955135 , 6.130634635939242
49.59009528559341 , 5.987805753568131 , 49.603563585160636 , 6.140877981789733
49.66706626101404 , 6.2968658283255365 , 49.66927917767656 , 6.143983419451765
49.61702911759601 , 6.061859985884628 , 49.628111668444326 , 6.307321402320147
49.578027296355074 , 6.163825939037655 , 49.60057926679069 , 6.148640192936515
49.57157618528728 , 6.153739232537374 , 49.64054620973554 , 6.287125171504134
49.595629000165474 , 6.143853577615017 , 49.629236991296196 , 6.0906615529014205
49.61367841986026 , 6.052379057057326 , 49.56381916733911 , 6.081683400101483
49.62880073471029 , 6.194955163104399 , 49.57453046912538 , 6.132485486263929
49.58597057517139 , 6.159317025087516 , 49.652415366891404 , 6.132796377223478
49.64820306393338 , 6.11889268750262 , 49.642991180734526 , 6.155010573002497
49.60373580001467 , 6.14570267870146 , 49.58807968195345 , 6.149808131972115
49.62353453447483 , 6.179755218127368 , 49.635780135454674 , 6.208863296680739
49.60007545374841 , 6.140824902625341 , 49.62267495817528 , 6.107842050739065
49.61155567933128 , 6.1394479085194416 , 49.655772735611 , 6.045859773901132
49.59606462083213 , 6.278969020218578 , 49.62810519528885 , 6.1325439683887195
49.62071033390394 , 6.203625242707801 , 49.63241303474409 , 6.188151967719962
49.62931352875197 , 6.220768032657051 , 49.60431164048504 , 6.128514504100601
49.60839797109896 , 6.132394263660237 , 49.624745771879084 , 6.1655984435768945
49.60514585006667 , 6.13658739550789 , 49.59551944339342 , 6.13272863223505
49.664879313704475 , 6.142357404882437 , 49.61003862526406 , 6.259018753721222
49.629144265282754 , 6.030399796470741 , 49.62438560479393 , 6.103826373796586
49.61222901932206 , 6.130198114221307 , 49.61848129996732 , 6.10675579472968
49.6242626341206 , 6.13271806683184 , 49.627283341453 , 6.094054833927393
49.616989964779215 , 6.060495625646253 , 49.56996149819593 , 6.014253407628556
49.62103240760469 , 6.105452467535923 , 49.620797998357304 , 6.107510264239328
49.61209700382658 , 6.103814053743502 , 49.627760094293066 , 6.175777408107411
49.634730559451114 , 6.0281201059635094 , 49.59847360683409 , 6.153557014453724
49.61775588134802 , 6.153089403746353 , 49.62077194751035 , 6.174387586464212
49.636178688039564 , 6.130774415962049 , 49.616885592519324 , 6.157819750957773
49.65674573664735 , 6.137882992211 , 49.63487710200245 , 6.187528332034225
49.637067376547506 , 6.0862660068727985 , 49.59082006529564 , 6.146279586295063
49.56688082520725 , 6.221259154391912 , 49.668353846794616 , 6.112592475906456
49.64875928892966 , 6.310299170463006 , 49.66491305035976 , 6.14834378921949
49.60895815201497 , 6.074127650373525 , 49.614133627949684 , 6.104858882762259
49.60478203054496 , 6.130529414739686 , 49.6080382771916 , 6.2566781605150235
49.647851984757985 , 6.120658495661797 , 49.60343320035328 , 6.220814165952045
49.66252554453336 , 6.131012106973749 , 49.63222239902895 , 6.21258887879587
49.6264899642621 , 6.066247005905732 , 49.62813885527628 , 6.179195098924951
49.58301735120006 , 6.1338014393803695 , 49.62413479087119 , 6.123405743087406
49.56210465017355 , 6.157910930872232 , 49.58046734900341 , 6.250051763903417
49.61925806075001 , 6.145984242311882 , 49.66973555861872 , 6.080735550646508
49.62924180022559 , 6.176146690444027 , 49.59751828487763 , 6.120784757719215
49.57336531704554 , 6.170032332507395 , 49.61136842720886 , 6.138393297402831
49.60899062435481 , 6.128476717298556 , 49.62212077855302 , 6.121467720492527
49.597668493025054 , 6.1326733260274455 , 49.62093046862594 , 6.051416224710499
49.62751891190063 , 6.150705180124613 , 49.60068503281436 , 6.214174289497077
49.6267970757393 , 6.074769234029311 , 49.64572468264982 , 6.137047243167911
49.605924826377056 , 6.138814641683215 , 49.63970551929805 , 6.186931008676467
49.61525718808444 , 6.113991556696669 , 49.58586408861283 , 6.146917997475934
49.57527824011834 , 6.163258352472492 , 49.65392420992775 , 6.095071573604285
49.61857751638636 , 6.173050292878753 , 49.619627818325085 , 6.116015505674499
49.58155082271702 , 6.066104054069696 , 49.62829477128707 , 6.190460441656663
49.64145397461038 , 6.007971193630889 , 49.617301298232015 , 6.120330551283641
49.58191299124882 , 6.140763513171123 , 49.62485473766616 , 6.175072629151037
49.576984002563265 , 6.198240139239889 , 49.60896526511278 , 6.113214333714035
49.6469048879136 , 6.238823377561807 , 49.58402389036268 , 6.087717050939552
49.61495194016653 , 6.145239433650815 , 49.59986355510652 , 6.13720986214353
49.65072595613569 , 5.978824650895424 , 49.62436233194618 , 6.165131933931868
49.60211426684034 , 6.167217108341043 , 49.63499920918891 , 6.157235556832186
49.66087524723224 , 6.125870537387516 , 49.64449134121771 , 6.2348631857262
49.6199698969088 , 6.160170179019133 , 49.579480659042865 , 6.115632583835886
49.63387284900893 , 6.155932476888547 , 49.622271993021016 , 6.110401902816498
49.59252120459605 , 6.1392095840170535 , 49.57537612653559 , 6.163727278525678
49.62641234472495 , 6.313747913852454 , 49.635624050712664 , 6.313846263830537
49.633706601709314 , 6.151727854834066 , 49.60664428507999 , 6.137438878539371
49.60125390383462 , 6.153446617225917 , 49.585935595946445 , 6.277950067617988
49.59438155172918 , 5.986815151238387 , 49.62829895024765 , 6.162636192003151
49.611303757446876 , 6.124394121198821 , 49.56638923455174 , 6.215091542806219
49.66238277360189 , 6.129957658193847 , 49.61878779945867 , 6.190931986196001
49.611447529322426 , 6.140940440559329 , 49.60066234033506 , 6.177846297193366
49.61317408570032 , 6.12151072235432 , 49.642283409245984 , 5.9877585362782
49.60748656073839 , 6.221476163776475 , 49.62084648768636 , 5.987747486294232
49.65738543779368 , 6.256397787280794 , 49.612875812461176 , 6.1008414542360425
49.61496028560445 , 6.0542828617428555 , 49.60379408455942 , 6.110511522480148
49.58932965077589 , 6.153224803203145 , 49.59068578729632 , 5.991656929666686
49.63620058255141 , 6.131210711006854 , 49.63088105448753 , 6.2571801477356885
49.62812818744436 , 6.129124935314538 , 49.621603074157775 , 6.073993746782945
49.629329309777965 , 6.113979315650127 , 49.62101952297764 , 6.091688425079957
49.62308689539446 , 6.061618508852758 , 49.5969473838995 , 6.149611175108343
49.60911863159965 , 6.149225945527028 , 49.64243228325767 , 6.219272261402451
49.61916949085231 , 6.008244137343517 , 49.59259868415032 , 6.109448100110203
49.67060292572891 , 6.3093578112700985 , 49.62084502004892 , 6.179857814474523
49.62711824423753 , 6.181902669328916 , 49.6095864437962 , 6.1389457623512955
49.574580291958995 , 6.147091200734374 , 49.6292311758005 , 6.045458051478844
49.614120765525776 , 6.158923779344395 , 49.62343006780389 , 6.172452246395276
49.56922539544682 , 6.089278415114613 , 49.60489792985758 , 6.136687260989524
49.61332326549944 , 6.214730168143902 , 49.62269241575644 , 6.122830047298523
49.662902095839385 , 6.237301731447476 , 49.64528302775779 , 6.150901434576413
49.61140330376164 , 6.147959731901283 , 49.64491170204915 , 6.187759391260973
49.603899479130156 , 6.197615849138553 , 49.56999331890726 , 6.113301274722471
49.58587770103427 , 6.1618517872506064 , 49.65510301898367 , 6.087506946539292
49.62709464856382 , 6.1090331734551535 , 49.62287116513778 , 6.125589299745573
49.62089595120227 , 6.044810684720723 , 49.64153292518725 , 6.14217673947384
49.59775173228018 , 6.150865808288171 , 49.619660735111786 , 6.155501121815356
49.60514608268076 , 6.114861491402293 , 49.60823652665884 , 6.115919654023095
49.61742219516016 , 6.145151416007335 , 49.613963626728406 , 6.128945037564102
49.627560220607215 , 6.1892175680316415 , 49.61417015983641 , 6.158691881143325
49.628238057842765 , 6.106027147936478 , 49.609204865320365 , 6.1054347305135614
49.60126759871846 , 6.119809986601671 , 49.60292979567979 , 6.137273236978945
49.60927813771994 , 6.142103089261345 , 49.65188745459208 , 6.235348042499038
49.62245152733696 , 6.186247363727044 , 49.613462334594935 , 6.058384055614693
49.64746180090682 , 6.095302248061004 , 49.61697590733003 , 6.074846537255207
49.59662150194119 , 6.132323592408966 , 49.63666287900935 , 6.106146138388797
49.56369620117249 , 6.152934391546388 , 49.610649048915576 , 6.152039346696659
49.62323083253235 , 6.094991785416328 , 49.63989904294464 , 6.215688104354193
49.60588601039127 , 6.149277941137634 , 49.646012151790515 , 6.129830553397936
49.62311786229444 , 6.087435183120774 , 49.62278577784617 , 6.121565662697639
49.611134026471454 , 6.1240680991701515 , 49.629234716345245 , 6.075960383956172
49.63710233742162 , 6.148046388903812 , 49.61238829004112 , 6.138270341896896
49.625084548342976 , 6.197656424905825 , 49.63416615860813 , 6.152453763191328
49.6429826458229 , 6.000235257486744 , 49.60391061913661 , 6.152209244789622
49.6359918220462 , 6.17750806616415 , 49.606201576259664 , 6.245599663284108
49.61358368361259 , 6.25573336580922 , 49.628625182268294 , 6.070454462471198
49.63788139135227 , 6.1400328785265295 , 49.627169183611706 , 6.062425777515909
49.61191461988596 , 6.0894582641115065 , 49.59832272461145 , 6.090593673592055
49.63265933212275 , 6.024766147665736 , 49.6122945827034 , 6.322623204764314
49.62793978804795 , 6.136132817280616 , 49.614117066987696 , 6.1747127951244005
49.62563858863379 , 6.1382943525284475 , 49.64814687810408 , 6.109860334179075
49.619970544512654 , 6.163962676203692 , 49.58992799541496 , 6.226065750583095
49.63939048415625 , 6.023785917636246 , 49.66332474132786 , 6.049613568312124
49.62384233829854 , 6.179147342117757 , 49.61705711769901 , 6.125142380260744
49.60640223049351 , 6.130161303796712 , 49.62121776058885 , 6.148580085344179
49.60636189362965 , 6.134738705344307 , 49.67022236279102 , 6.032953287280707
49.56737699182611 , 6.105264320316522 , 49.63408544943291 , 6.136560992270847
49.58499834841134 , 6.12315635691688 , 49.61945953500037 , 6.252068486783861
49.600980334539756 , 6.1499855895200914 , 49.569612394921684 , 6.080500428642307
49.62926809376062 , 6.141239091720676 , 49.64531769860525 , 6.279160368347936
49.629048450316 , 6.253568093914037 , 49.580834198653136 , 6.135207453303617
49.59224149446552 , 6.117892393597305 , 49.604789525796924 , 6.153578569650705
49.59258692058384 , 6.041247971328651 , 49.60835997985465 , 6.312296387136402
49.60339362064073 , 6.147711596453059 , 49.62083693287138 , 6.12231980957579
49.62014026793736 , 6.119763309707649 , 49.61223236359956 , 6.12457364114555
49.61904040025583 , 6.08922115818004 , 49.61203175668687 , 6.128625235842103
49.61096290290284 , 6.139775169113067 , 49.58609607072179 , 6.177137827382682
49.640210668092095 , 6.166309102624328 , 49.64071232117039 , 6.180593739222314
49.59318246458458 , 6.164619696885431 , 49.60840645355985 , 6.145789885575877
49.59530565319818 , 6.13958093553683 , 49.58776331700821 , 6.156848629202467
49.608050411358505 , 6.14962320346537 , 49.636017321041074 , 6.128595827724967
49.610336129747665 , 6.1167458499513705 , 49.595876452640645 , 6.157879481495967
49.61263138088934 , 6.216022677914108 , 49.60224109109701 , 6.1335525867234155
49.643401771335945 , 6.148334648066524 , 49.638073589696525 , 6.292751131824227
49.637362283823784 , 5.997834958094089 , 49.61128550675356 , 6.057582040421194
49.62334461173932 , 6.119780647396703 , 49.62355384167127 , 6.150862941358279
49.66250809453441 , 6.128818882273853 , 49.613036572646905 , 6.111167784851174
49.59730742329208 , 6.167916556861245 , 49.62791695780032 , 6.141891725516844
49.64657245946747 , 6.093787243158116 , 49.664369403725516 , 6.249217831693208
49.63716048205191 , 6.082768139541034 , 49.60444165970211 , 6.071611730324351
49.63039108217251 , 6.030283873758008 , 49.623498351442386 , 6.156287228843672
49.65540812936611 , 5.995749654977974 , 49.64826448352385 , 6.146881729621427
49.61069334682446 , 6.103254613709851 , 49.575538130752655 , 6.079408419078446
49.635854423305325 , 6.020307038664968 , 49.600970482871375 , 6.2174974893675214
49.60392680095356 , 6.098951537074968 , 49.64732743534601 , 6.230817856963232
49.5926743437033 , 6.138369324259385 , 49.63456633203053 , 6.141012616629723
49.64180823284441 , 6.239221516533393 , 49.645810902921276 , 6.19968854159839
49.63852479597727 , 6.13650369318231 , 49.58506296914487 , 5.992973058026913
49.62264421435148 , 6.122358938338646 , 49.612249683702025 , 6.15834882328651
49.59619896187458 , 6.132656747919873 , 49.60471330981817 , 6.095691775878896
49.64121463275393 , 6.128052735133844 , 49.58667902961671 , 6.258672595146988
49.63151127339677 , 6.11302104105595 , 49.62477853565847 , 6.144022080058626
49.571774248045394 , 6.063493234845003 , 49.60851510060269 , 6.127419266471179
49.624969729122384 , 6.130655381884665 , 49.626282023972855 , 6.187882208611611
49.60919810869616 , 6.215734588451835 , 49.649836795806564 , 6.135378079241687
49.65094035531836 , 6.133830972526692 , 49.60404440326278 , 6.155724793419238
49.573275394407105 , 6.152380408582686 , 49.627337395416184 , 6.171913884683661
49.62414955063004 , 6.072747380967402 , 49.6028300590314 , 6.13990473535355
49.61240824508591 , 6.112985167026548 , 49.57498559943203 , 6.16445545360301
49.60384389951111 , 6.072608907557471 , 49.62081312909075 , 6.1224955118056155
49.6689772233102 , 6.014452134470888 , 49.61665226665766 , 6.177786549100329
49.62844121444062 , 6.204422164154604 , 49.62487595794585 , 6.020487187771184
49.57351900344883 , 6.125884079041406 , 49.65014517964566 , 6.271668754291658
49.6290678225657 , 6.164081745935287 , 49.59852769357809 , 6.1203379715666575
49.62855997412351 , 6.195086702323246 , 49.625242696189424 , 6.174459492551553
49.61802030210739 , 6.312375448332716 , 49.62107894442288 , 6.068806341683951
49.626008994797175 , 6.038874961191977 , 49.63543408625521 , 6.012174994998349
49.580150598107224 , 6.14205793925465 , 49.6534721564905 , 6.128323914875438
49.60438419826557 , 6.1520227294292775 , 49.59582047486996 , 6.144612786016242
49.596143320540556 , 6.136975300058884 , 49.60422558014764 , 6.1405174567368
49.613308348629474 , 6.145442725410537 , 49.57911415324436 , 6.153627815858782
49.638769978777674 , 6.158756360711776 , 49.60648053309573 , 6.049593159073597
49.59579998844327 , 6.176129622557482 , 49.63483364164928 , 6.187204156288186
49.612350382321445 , 6.11862436860949 , 49.65425968386975 , 5.980452681190437
49.63186911202248 , 6.139127523586668 , 49.609826748179174 , 6.089787549686314
49.645434182004394 , 6.14710175740796 , 49.66354844531746 , 6.24133591688086
49.66437852653166 , 6.138585427476611 , 49.65453432678266 , 6.263378571159721
49.61996783642179 , 6.16134431168957 , 49.62714634173463 , 6.174828438867274
49.62096351797227 , 6.139364572371813 , 49.6045641023854 , 6.152630772896135
49.59863468683789 , 6.1725875534226855 , 49.626472839302416 , 6.013853920871284
49.61694695021942 , 6.132161985021561 , 49.60447153142298 , 6.2945567244481015
49.60424537554199 , 6.097689028544887 , 49.61435720806284 , 6.170153206688541
49.63965127647411 , 6.1716988045256125 , 49.582847573686145 , 6.118920069798372
49.570477449492685 , 6.182411861086985 , 49.62724794792848 , 6.162513232151848
49.6346245876424 , 6.27540077925421 , 49.601188012105794 , 6.138510351611431
49.628948811221036 , 6.053487274757448 , 49.6208497964831 , 6.165414228247036
49.620720681931154 , 6.272687237851559 , 49.62917311681379 , 6.183024848475023
49.665301869321254 , 6.141211116919668 , 49.6260099164284 , 6.121602308751878
49.66222460886894 , 6.137427623289773 , 49.64114966935394 , 6.183282841864767
49.5794567376965 , 6.1505966766021904 , 49.58728001637547 , 6.030046357263348
49.608758385448034 , 6.071157884071248 , 49.61296470084306 , 6.140668625504868
49.598800910424835 , 6.154273668563593 , 49.63759114872011 , 6.183161002396266
49.61151130557526 , 6.139937468168016 , 49.64334694833237 , 6.177956853442122
49.6694414406314 , 6.236700175099338 , 49.59638894473309 , 6.147674724679848
49.603214141957764 , 6.089571708707434 , 49.62158576625717 , 6.062377184151309
49.583512637483686 , 6.105433000231325 , 49.63361292267305 , 6.035177034575952
49.60137809033379 , 6.128917727795974 , 49.62265045995325 , 6.133218554047271
49.62148801661 , 6.0953244314077555 , 49.61310590401245 , 6.058442149742332
49.617037367754016 , 6.05462574690858 , 49.62330210137267 , 6.149896955107851
49.63685600442885 , 6.128001240824283 , 49.63224563742504 , 6.049558394697513
49.64532743683077 , 6.229207802932202 , 49.62538114706552 , 6.120307229976175
49.670868192496926 , 5.987822194866726 , 49.5926620560861 , 6.118345739100628
49.60537731761086 , 6.206787213687762 , 49.66208681245133 , 6.014013947961616
49.66437038640529 , 6.145741188573102 , 49.607510508883536 , 6.317439913537627
49.669508252577636 , 6.303889284026548 , 49.60239474905418 , 6.1472039800278635
49.61763240180938 , 6.173456746011421 , 49.62988978790462 , 6.213644818670107
49.64806663916017 , 6.074409654882442 , 49.62867772346946 , 6.1295609316954405
49.663413556809736 , 6.240351147555539 , 49.670721545641 , 6.130212888439164
49.62445400709114 , 6.1330332198658795 , 49.60431772865953 , 6.11430575972271
49.62611403833549 , 6.063469895275502 , 49.610859183417595 , 6.1443347688945815
49.61418292486049 , 6.125352196572531 , 49.648022558807405 , 6.038147537665736
49.62460989260965 , 6.183136661832015 , 49.58873764683682 , 6.08860469630607
49.59799465890572 , 6.124001686304443 , 49.5873095013718 , 6.12976170863752
49.61709809255815 , 6.178944580176504 , 49.636359721635394 , 6.119266159983909
49.615550936591404 , 6.107920157350165 , 49.58861768861418 , 6.047229915259559
49.62906561193733 , 6.105679909821458 , 49.645460376280944 , 5.997976448309391
49.636669329504215 , 6.230184422244511 , 49.614695042123266 , 6.157561980812369
49.62572049692282 , 6.014165864709377 , 49.60836539532908 , 6.069665752135374
49.63437112250115 , 6.031504309753718 , 49.61378713034008 , 6.116970098534249
49.601438844867864 , 6.162496750088891 , 49.62515182282519 , 6.177844171759113
49.56524890422569 , 5.994742235966002 , 49.62241485728269 , 6.121616787646611
49.649677393305296 , 6.010084858344639 , 49.57518857990056 , 6.080717265539729
49.62098680909464 , 6.130447334314808 , 49.61080922419377 , 6.143312073065578
49.58144579136792 , 6.1729757470304145 , 49.589477569140655 , 6.123084801943537
49.612477960225334 , 6.128223387149156 , 49.57930939001823 , 6.234766632817733
49.627109605984444 , 6.185136397881247 , 49.63508634946872 , 6.188346514776544
49.62011860642963 , 6.146591561867378 , 49.624168788485115 , 6.116100335309423
49.595713923967736 , 6.1219263417922685 , 49.593223677527284 , 6.023973175074365
49.626583693618905 , 6.209887045569559 , 49.596695021679714 , 6.152415846659838
49.59452398108493 , 6.140925000194445 , 49.60470527133815 , 6.116964552907304
49.62409537495726 , 6.1167449069741116 , 49.62830485906902 , 6.173227875721587
49.569420566161014 , 6.249039816166193 , 49.58563974753251 , 6.189455425335034
49.60215106297845 , 6.153987859677096 , 49.6122627684191 , 6.126400308156401
49.626946822999614 , 6.080039805433727 , 49.644332342661635 , 6.048639767394942
49.62424023034145 , 6.121659928329774 , 49.61336972146488 , 6.18105480092424
49.59200908678418 , 6.072052200138506 , 49.576717873357424 , 6.082096091617487
49.57026596621719 , 6.162594322407684 , 49.613116839688345 , 6.129961059347937
49.63117448002393 , 6.088205734457533 , 49.62295004652972 , 6.12849766677922
49.601804795459785 , 6.097783686521668 , 49.608104300286186 , 6.141163170584713
49.64337987457947 , 6.225140720893006 , 49.62818950522999 , 6.030133927331968
49.63586533155208 , 6.146219512032413 , 49.563284034010366 , 6.0918050764283045
49.62183326502901 , 6.103010523491412 , 49.59505007768964 , 6.156565463643134
49.64705929555335 , 6.139360186973327 , 49.60225018608271 , 6.149604204263397
49.61469184573162 , 6.105970986970064 , 49.66814840758845 , 6.029151984843838
49.62397160629619 , 6.049667960039027 , 49.62753781524458 , 6.12807659043168
49.60627025765962 , 6.111401423230948 , 49.61218290165946 , 6.119506560557375
49.61208141926943 , 6.137959542952517 , 49.621440082510645 , 6.1406446901503084
49.58953257395694 , 6.1560605587694965 , 49.61246978167214 , 6.166651064078175
49.60352618895524 , 6.15979603891961 , 49.6186233632523 , 6.139450875101831
49.61248378251421 , 6.1164442145124776 , 49.60295302449769 , 6.166429856256844
49.63548381754891 , 6.08557420064202 , 49.625028122007464 , 6.253580996179705
49.593565204280296 , 6.141404592886292 , 49.60781795878598 , 6.056107058834037
49.59377789497487 , 6.178457240609137 , 49.58443526858137 , 6.091473980361411
49.618251248570786 , 6.116814778365663 , 49.62764788568406 , 6.117346127029027
49.57329029712358 , 6.239748222468029 , 49.61120254475003 , 6.1116902238000135
49.64453959374725 , 6.1732983870918545 , 49.620296947548816 , 6.178608110684058
49.62164883719531 , 6.133319218463914 , 49.62061452831227 , 6.1271415097266395
49.56925472365935 , 6.221510581175896 , 49.59702663654501 , 6.1371919877213
49.580431695738056 , 6.114443654354591 , 49.632468611368566 , 6.167072795862734
49.596211389623974 , 6.121170624288467 , 49.65660453789511 , 6.0980375356099525
49.632931580632274 , 6.127861660315713 , 49.62152493404654 , 6.111734771391802
49.62542344821744 , 6.072470967772591 , 49.582205245574166 , 6.118409543650948
49.57232973982923 , 6.046490915552266 , 49.590374774164 , 6.221375935469392
49.59762093902135 , 6.150289091749708 , 49.612247636469725 , 6.154920512529192
49.597317975349306 , 6.148876106007775 , 49.6188104658394 , 6.088295658173694
49.623830978605106 , 6.08217055096694 , 49.628891454665904 , 6.1202817190304515
49.64738045395202 , 6.152578093925859 , 49.61220225951593 , 6.1468728007589215
49.59514638575091 , 6.129157031268947 , 49.5966790787441 , 6.158925847936358
49.59843375126998 , 6.131632726063655 , 49.588527250184384 , 6.111679041076414
49.59592381478306 , 6.154841175001447 , 49.63049853508215 , 6.120248107913904
49.57006367212632 , 6.106001690900707 , 49.66087237189349 , 6.088836658865352
49.577864714229996 , 6.154869883060736 , 49.57417276161363 , 6.086482897201478
49.60618501630657 , 6.130079438163405 , 49.6150318019681 , 6.174281812895232
49.58785476539436 , 6.096964705334719 , 49.62194902342835 , 6.168917700094229
49.614013958831634 , 6.163290264173933 , 49.620601262006815 , 6.130494824843521
49.5661181370731 , 6.223153978099559 , 49.64163021366158 , 6.138439759265675
49.57073366360596 , 6.171298047972167 , 49.63787735791144 , 6.148252202560646
49.58914702741801 , 6.170328763650095 , 49.59766979812493 , 6.1410946872577865
49.59584101486082 , 5.990713464520147 , 49.58047459542824 , 6.119761305400659
49.64543151984448 , 6.151003390922517 , 49.61295182491639 , 6.332071418584923
49.59254396875877 , 6.146186456330998 , 49.61276388274971 , 6.106127611855558
49.66611486169197 , 6.128165012008778 , 49.61661726958592 , 6.109367291679811
49.608320254516556 , 6.119527095182956 , 49.56932216520595 , 6.223541542568526
49.65347426406014 , 6.219063355482074 , 49.57320022353051 , 6.158907140672508
49.603980658080864 , 6.14126796177272 , 49.60350816890077 , 6.148705196335523
49.62733515084941 , 6.186186606871366 , 49.59465720054506 , 6.261868473255844
49.59021788440226 , 6.0785192383169715 , 49.67012639725578 , 6.096408725704601
49.610947306209425 , 6.104071252643715 , 49.62990950879554 , 6.20621535385611
49.66941768631432 , 6.307335459290433 , 49.61574582082471 , 6.128452458240888
49.59403805018954 , 6.148126504374542 , 49.59874986577372 , 6.1475740561601055
49.61673889044404 , 6.111804283234253 , 49.668541988094695 , 6.133614345990089
49.62302713624155 , 6.1670567519792225 , 49.59840103594834 , 6.15817867944412
49.6102561415924 , 6.129191943794928 , 49.62963141459705 , 6.137575401292069
49.61835009395278 , 6.119749150203971 , 49.608979682691334 , 6.11385748013363
49.65822226551163 , 6.237482724532475 , 49.618671965363525 , 6.149370219964349
49.66407065716136 , 6.021934909596584 , 49.62639114948395 , 6.140388094179279
49.63676348356074 , 6.1325014322715 , 49.62059506687753 , 6.111620874910337
49.62765960188267 , 6.112573594155483 , 49.62282529157933 , 6.140485849237446
49.63046673779145 , 6.173101833697107 , 49.62312653826362 , 6.062996559697031
49.630008804606256 , 6.179233537027416 , 49.614595084960364 , 6.14384352147313
49.59515921291952 , 6.149106849828951 , 49.60186404129481 , 6.119131237598388
49.62058861902544 , 6.139752077511981 , 49.6647775123465 , 6.016657932054767
49.61578758361764 , 6.154466742853557 , 49.62795915414626 , 6.171008023316418
49.61531637449137 , 6.1382906797278824 , 49.64335417745438 , 6.224508504782965
49.60232864775224 , 6.211291557079357 , 49.62091662671883 , 6.078337162517886
49.60393667747597 , 6.159176106884813 , 49.60123847213193 , 6.144526759275691
49.597786158595156 , 6.152709742302791 , 49.62344459588838 , 6.1062405724968984
49.62914247408887 , 6.12124210777392 , 49.619296336698085 , 6.0464897980286105
49.64032487008905 , 6.178669300280848 , 49.653767328747286 , 6.136764031112064
49.62335242776668 , 6.134285302155162 , 49.589693541131055 , 6.245096085977812
49.6206541239564 , 6.145530562065806 , 49.62468161581167 , 6.210506748805431
49.599033136108794 , 6.231717214126507 , 49.609438207737355 , 6.154956817022315
49.65263888954506 , 6.171881961079507 , 49.584821840129436 , 6.003489642778016
49.65420064968379 , 6.255481568694691 , 49.62013053797655 , 6.181447931015615
49.59458558592322 , 6.1209983841177795 , 49.618903068981396 , 6.123138234919303
49.598898809712324 , 6.149944536435971 , 49.60425593700518 , 6.13457277694953
49.59521445547241 , 6.135247655230079 , 49.572677082675874 , 6.143403516141084
49.63182302375889 , 6.163119639123941 , 49.62403071241248 , 6.193702872990698
49.610221345783366 , 6.168536309741631 , 49.60731276438151 , 6.138487836657631
49.65762389018788 , 6.114932758821761 , 49.571071447526734 , 6.129695731353862
49.609970021933734 , 6.0621008644806285 , 49.625285489654125 , 6.099560236851848
49.60197947722391 , 6.133223588816769 , 49.61191320808766 , 6.153565751089165
49.6272222220048 , 6.075747318305593 , 49.61137316537853 , 6.138837871413143
49.58005965361457 , 6.17346920257471 , 49.64426803198451 , 6.203178575200443
49.61666815920614 , 6.045096095904889 , 49.58160643022534 , 6.132176295084678
49.65304977443642 , 6.121039000609731 , 49.641369455468826 , 6.153522398247096
49.6241131872201 , 6.170230349631764 , 49.6143966126353 , 6.107188536974809
49.62091354069237 , 6.1956765118547 , 49.623382302865544 , 6.013808666140751
49.656779123878536 , 6.081316100242202 , 49.668497732867266 , 6.033553572519755
49.63128555093424 , 6.191402248290309 , 49.65235164642842 , 6.073604910474193
49.656876561879315 , 6.085074008246368 , 49.630677645900285 , 6.149960927725809
49.62690166695549 , 6.1376365094977 , 49.57925342243978 , 6.146563838329404
49.6142607523944 , 6.0984918698427135 , 49.59783408337308 , 6.155904576696084
49.6332433391698 , 6.121756640753885 , 49.62614834855034 , 6.14738209676236
49.59772139706447 , 6.1689326379456215 , 49.61695758211281 , 6.141074662696258
49.656446381043494 , 6.133068686788 , 49.63849420556505 , 6.140832288351389
49.59677881908491 , 6.141922183388498 , 49.641128986237376 , 5.993415543844351
49.596532300659355 , 6.171762509593469 , 49.57902895789349 , 5.988395329844223
49.62860950166156 , 6.123584851524201 , 49.604309216122836 , 6.091046409764979
49.60338118688132 , 6.143293976754634 , 49.63141029116194 , 6.151969875471453
49.565119963533284 , 6.1646778014400185 , 49.618470228798614 , 6.154023963418567
49.620422409964156 , 6.062198017064518 , 49.62871144783212 , 6.158329877238069
49.61216244554178 , 6.177285219323766 , 49.600253617451514 , 6.142733831679874
49.5892709430428 , 5.982030484268776 , 49.638931835017104 , 6.154234432952537
49.64815805506253 , 5.987293991537792 , 49.58256927957699 , 5.997103037548869
49.594337800936835 , 6.175406056453406 , 49.62100190513557 , 6.1727786948879615
