X,Y,Z
5.97791664338890882,50.1787499851288956,21.8086662292480469
5.98624997668890835,50.1787499851288956,18.7681770324707031
5.99458330998890876,50.1787499851288956,8.73154640197753906
6.00291664328890828,50.1787499851288956,10.3715429306030273
6.01124997658890869,50.1787499851288956,24.0344924926757812
6.01958330988890822,50.1787499851288956,113.567062377929688
6.02791664318890863,50.1787499851288956,60.3471794128417969
5.96958331008890841,50.1704166518288943,12.0227718353271484
5.97791664338890882,50.1704166518288943,16.4377040863037109
5.98624997668890835,50.1704166518288943,16.5835514068603516
5.99458330998890876,50.1704166518288943,14.751988410949707
6.00291664328890828,50.1704166518288943,17.3283824920654297
6.01124997658890869,50.1704166518288943,29.1023712158203125
6.01958330988890822,50.1704166518288943,51.7904472351074219
6.02791664318890863,50.1704166518288943,40.7615394592285156
6.08624997628890885,50.1704166518288943,18.4110260009765625
6.09458330958890837,50.1704166518288943,12.9231986999511719
6.10291664288890878,50.1704166518288943,15.2258491516113281
6.11124997618890831,50.1704166518288943,15.5999231338500977
5.96958331008890841,50.162083318528893,17.8220901489257812
5.97791664338890882,50.162083318528893,35.9769668579101562
5.98624997668890835,50.162083318528893,19.5846176147460938
5.99458330998890876,50.162083318528893,22.7979927062988281
6.00291664328890828,50.162083318528893,48.3483772277832031
6.01124997658890869,50.162083318528893,128.533218383789062
6.01958330988890822,50.162083318528893,82.0795059204101562
6.02791664318890863,50.162083318528893,56.0294914245605469
6.03624997648890904,50.162083318528893,19.1991767883300781
6.04458330978890856,50.162083318528893,18.4672489166259766
6.05291664308890898,50.162083318528893,22.0709018707275391
6.0612499763889085,50.162083318528893,36.8093338012695312
6.06958330968890891,50.162083318528893,24.2660064697265625
6.07791664298890844,50.162083318528893,18.5809078216552734
6.08624997628890885,50.162083318528893,30.1929550170898438
6.09458330958890837,50.162083318528893,16.8984241485595703
6.10291664288890878,50.162083318528893,46.0159797668457031
6.11124997618890831,50.162083318528893,44.4680061340332031
6.11958330948890872,50.162083318528893,14.4636402130126953
5.96124997678890889,50.1537499852288988,13.9186563491821289
5.96958331008890841,50.1537499852288988,30.822662353515625
5.97791664338890882,50.1537499852288988,80.2325897216796875
5.98624997668890835,50.1537499852288988,35.3950119018554688
5.99458330998890876,50.1537499852288988,18.6635513305664062
6.00291664328890828,50.1537499852288988,22.6721019744873047
6.01124997658890869,50.1537499852288988,31.1948299407958984
6.01958330988890822,50.1537499852288988,20.0819854736328125
6.02791664318890863,50.1537499852288988,20.3561210632324219
6.03624997648890904,50.1537499852288988,18.7438926696777344
6.04458330978890856,50.1537499852288988,34.3944473266601562
6.05291664308890898,50.1537499852288988,86.9234085083007812
6.0612499763889085,50.1537499852288988,29.9673957824707031
6.06958330968890891,50.1537499852288988,13.2564811706542969
6.07791664298890844,50.1537499852288988,11.5844707489013672
6.08624997628890885,50.1537499852288988,11.0826740264892578
6.09458330958890837,50.1537499852288988,10.8467998504638672
6.10291664288890878,50.1537499852288988,17.6199131011962891
6.11124997618890831,50.1537499852288988,17.8275318145751953
6.11958330948890872,50.1537499852288988,10.6628484725952148
5.96124997678890889,50.1454166519288975,14.379979133605957
5.96958331008890841,50.1454166519288975,18.0896530151367188
5.97791664338890882,50.1454166519288975,86.5525283813476562
5.98624997668890835,50.1454166519288975,113.490211486816406
5.99458330998890876,50.1454166519288975,23.2874927520751953
6.00291664328890828,50.1454166519288975,16.1277275085449219
6.01124997658890869,50.1454166519288975,43.2449111938476562
6.01958330988890822,50.1454166519288975,71.1239013671875
6.02791664318890863,50.1454166519288975,63.5764389038085938
6.03624997648890904,50.1454166519288975,20.7568950653076172
6.04458330978890856,50.1454166519288975,18.8438587188720703
6.05291664308890898,50.1454166519288975,51.9233779907226562
6.0612499763889085,50.1454166519288975,65.0715255737304688
6.06958330968890891,50.1454166519288975,62.7912635803222656
6.07791664298890844,50.1454166519288975,64.990936279296875
6.08624997628890885,50.1454166519288975,18.686859130859375
6.09458330958890837,50.1454166519288975,14.3969860076904297
6.10291664288890878,50.1454166519288975,8.98729133605957031
6.11124997618890831,50.1454166519288975,8.94845485687255859
5.95291664348890848,50.1370833186288962,9.58966255187988281
5.96124997678890889,50.1370833186288962,14.2732734680175781
5.96958331008890841,50.1370833186288962,25.5555286407470703
5.97791664338890882,50.1370833186288962,24.8484745025634766
5.98624997668890835,50.1370833186288962,31.9978485107421875
5.99458330998890876,50.1370833186288962,22.0679950714111328
6.00291664328890828,50.1370833186288962,17.7201881408691406
6.01124997658890869,50.1370833186288962,38.4719047546386719
6.01958330988890822,50.1370833186288962,123.464790344238281
6.02791664318890863,50.1370833186288962,72.1402816772460938
6.03624997648890904,50.1370833186288962,19.71209716796875
6.04458330978890856,50.1370833186288962,15.5039043426513672
6.05291664308890898,50.1370833186288962,15.790283203125
6.0612499763889085,50.1370833186288962,33.6616554260253906
6.06958330968890891,50.1370833186288962,103.333328247070312
6.07791664298890844,50.1370833186288962,209.534133911132812
6.08624997628890885,50.1370833186288962,40.09283447265625
6.09458330958890837,50.1370833186288962,10.1165790557861328
6.10291664288890878,50.1370833186288962,8.79759597778320312
6.11124997618890831,50.1370833186288962,9.28063297271728516
6.11958330948890872,50.1370833186288962,10.6680784225463867
6.12791664278890824,50.1370833186288962,15.9362926483154297
5.93624997688890854,50.1287499853288949,9.40688514709472656
5.94458331018890895,50.1287499853288949,8.00238895416259766
5.95291664348890848,50.1287499853288949,11.6522817611694336
5.96124997678890889,50.1287499853288949,13.7626180648803711
5.96958331008890841,50.1287499853288949,15.3924236297607422
5.97791664338890882,50.1287499853288949,17.4610767364501953
5.98624997668890835,50.1287499853288949,27.3839931488037109
5.99458330998890876,50.1287499853288949,55.4667243957519531
6.00291664328890828,50.1287499853288949,194.123977661132812
6.01124997658890869,50.1287499853288949,92.1583328247070312
6.01958330988890822,50.1287499853288949,31.3024654388427734
6.02791664318890863,50.1287499853288949,19.5206451416015625
6.03624997648890904,50.1287499853288949,16.8323249816894531
6.04458330978890856,50.1287499853288949,18.9824771881103516
6.05291664308890898,50.1287499853288949,13.3111152648925781
6.0612499763889085,50.1287499853288949,18.5730819702148438
6.06958330968890891,50.1287499853288949,22.1457328796386719
6.07791664298890844,50.1287499853288949,43.2972068786621094
6.08624997628890885,50.1287499853288949,25.5312976837158203
6.09458330958890837,50.1287499853288949,13.6293191909790039
6.10291664288890878,50.1287499853288949,35.605560302734375
6.11124997618890831,50.1287499853288949,61.52679443359375
6.11958330948890872,50.1287499853288949,24.2003688812255859
5.91958331028890861,50.1204166520288936,8.84618663787841797
5.92791664358890902,50.1204166520288936,9.69991016387939453
5.93624997688890854,50.1204166520288936,10.4699287414550781
5.94458331018890895,50.1204166520288936,8.28579521179199219
5.95291664348890848,50.1204166520288936,9.98876476287841797
5.96124997678890889,50.1204166520288936,10.888361930847168
5.96958331008890841,50.1204166520288936,15.4685077667236328
5.97791664338890882,50.1204166520288936,39.2137489318847656
5.98624997668890835,50.1204166520288936,137.595108032226562
5.99458330998890876,50.1204166520288936,359.088653564453125
6.00291664328890828,50.1204166520288936,381.902069091796875
6.01124997658890869,50.1204166520288936,61.7143096923828125
6.01958330988890822,50.1204166520288936,19.1996650695800781
6.02791664318890863,50.1204166520288936,37.696258544921875
6.03624997648890904,50.1204166520288936,95.6702499389648438
6.04458330978890856,50.1204166520288936,53.0590705871582031
6.05291664308890898,50.1204166520288936,24.5599880218505859
6.0612499763889085,50.1204166520288936,23.0637187957763672
6.06958330968890891,50.1204166520288936,16.1084194183349609
6.07791664298890844,50.1204166520288936,15.5088682174682617
6.08624997628890885,50.1204166520288936,22.7078170776367188
6.09458330958890837,50.1204166520288936,16.3319129943847656
6.10291664288890878,50.1204166520288936,60.196807861328125
6.11124997618890831,50.1204166520288936,69.1241683959960938
6.11958330948890872,50.1204166520288936,23.5072689056396484
5.90291664368890867,50.1120833187288994,9.31267642974853516
5.91124997698890819,50.1120833187288994,13.1616458892822266
5.91958331028890861,50.1120833187288994,61.8294715881347656
5.92791664358890902,50.1120833187288994,49.2915611267089844
5.93624997688890854,50.1120833187288994,12.0151042938232422
5.94458331018890895,50.1120833187288994,8.73046875
5.95291664348890848,50.1120833187288994,9.53403568267822266
5.96124997678890889,50.1120833187288994,11.155634880065918
5.96958331008890841,50.1120833187288994,11.4426803588867188
5.97791664338890882,50.1120833187288994,21.3334484100341797
5.98624997668890835,50.1120833187288994,74.845062255859375
5.99458330998890876,50.1120833187288994,88.30816650390625
6.00291664328890828,50.1120833187288994,43.5493392944335938
6.01124997658890869,50.1120833187288994,15.8974113464355469
6.01958330988890822,50.1120833187288994,11.0853538513183594
6.02791664318890863,50.1120833187288994,18.0890178680419922
6.03624997648890904,50.1120833187288994,37.1681594848632812
6.04458330978890856,50.1120833187288994,28.7879772186279297
6.05291664308890898,50.1120833187288994,14.6847925186157227
6.0612499763889085,50.1120833187288994,15.7267160415649414
6.06958330968890891,50.1120833187288994,10.2801723480224609
6.07791664298890844,50.1120833187288994,12.2624874114990234
6.08624997628890885,50.1120833187288994,27.9584789276123047
6.09458330958890837,50.1120833187288994,12.9371414184570312
6.10291664288890878,50.1120833187288994,12.408350944519043
6.11124997618890831,50.1120833187288994,17.2585945129394531
6.11958330948890872,50.1120833187288994,13.4354209899902344
5.90291664368890867,50.1037499854288981,11.3094367980957031
5.91124997698890819,50.1037499854288981,17.8721542358398438
5.91958331028890861,50.1037499854288981,121.455825805664062
5.92791664358890902,50.1037499854288981,71.4198226928710938
5.93624997688890854,50.1037499854288981,13.8695363998413086
5.94458331018890895,50.1037499854288981,19.6286067962646484
5.95291664348890848,50.1037499854288981,11.475804328918457
5.96124997678890889,50.1037499854288981,16.6754131317138672
5.96958331008890841,50.1037499854288981,39.4833412170410156
5.97791664338890882,50.1037499854288981,28.1578693389892578
5.98624997668890835,50.1037499854288981,11.2552967071533203
5.99458330998890876,50.1037499854288981,14.7874679565429688
6.00291664328890828,50.1037499854288981,13.9749021530151367
6.01124997658890869,50.1037499854288981,11.4694862365722656
6.01958330988890822,50.1037499854288981,9.30219364166259766
6.02791664318890863,50.1037499854288981,10.1806221008300781
6.03624997648890904,50.1037499854288981,13.7177457809448242
6.04458330978890856,50.1037499854288981,11.2123622894287109
6.05291664308890898,50.1037499854288981,16.9278964996337891
6.0612499763889085,50.1037499854288981,21.9806327819824219
6.06958330968890891,50.1037499854288981,16.1113109588623047
6.07791664298890844,50.1037499854288981,25.2902030944824219
6.08624997628890885,50.1037499854288981,50.5017967224121094
6.09458330958890837,50.1037499854288981,21.7448482513427734
6.10291664288890878,50.1037499854288981,14.5632162094116211
6.11124997618890831,50.1037499854288981,26.0287342071533203
5.89458331038890826,50.0954166521288968,8.96169090270996094
5.90291664368890867,50.0954166521288968,8.63799858093261719
5.91124997698890819,50.0954166521288968,23.1393890380859375
5.91958331028890861,50.0954166521288968,58.0675582885742188
5.92791664358890902,50.0954166521288968,34.4983291625976562
5.93624997688890854,50.0954166521288968,11.3622674942016602
5.94458331018890895,50.0954166521288968,9.55049419403076172
5.95291664348890848,50.0954166521288968,15.4564371109008789
5.96124997678890889,50.0954166521288968,23.6204490661621094
5.96958331008890841,50.0954166521288968,101.175003051757812
5.97791664338890882,50.0954166521288968,64.9310531616210938
5.98624997668890835,50.0954166521288968,13.3287801742553711
5.99458330998890876,50.0954166521288968,15.1470584869384766
6.00291664328890828,50.0954166521288968,14.6994724273681641
6.01124997658890869,50.0954166521288968,14.9809322357177734
6.01958330988890822,50.0954166521288968,12.269871711730957
6.02791664318890863,50.0954166521288968,18.1794223785400391
6.03624997648890904,50.0954166521288968,16.5304298400878906
6.04458330978890856,50.0954166521288968,18.0164089202880859
6.05291664308890898,50.0954166521288968,101.270957946777344
6.0612499763889085,50.0954166521288968,123.144302368164062
6.06958330968890891,50.0954166521288968,31.3376026153564453
6.07791664298890844,50.0954166521288968,37.5446243286132812
6.08624997628890885,50.0954166521288968,167.937225341796875
6.09458330958890837,50.0954166521288968,42.5862388610839844
6.10291664288890878,50.0954166521288968,13.40447998046875
5.89458331038890826,50.0870833188288955,8.39640426635742188
5.90291664368890867,50.0870833188288955,13.0569076538085938
5.91124997698890819,50.0870833188288955,11.9323596954345703
5.91958331028890861,50.0870833188288955,15.0352115631103516
5.92791664358890902,50.0870833188288955,9.2197418212890625
5.93624997688890854,50.0870833188288955,11.2017831802368164
5.94458331018890895,50.0870833188288955,16.1104831695556641
5.95291664348890848,50.0870833188288955,19.8901615142822266
5.96124997678890889,50.0870833188288955,12.9920158386230469
5.96958331008890841,50.0870833188288955,18.0204677581787109
5.97791664338890882,50.0870833188288955,17.4490604400634766
5.98624997668890835,50.0870833188288955,46.4680595397949219
5.99458330998890876,50.0870833188288955,50.8543777465820312
6.00291664328890828,50.0870833188288955,16.5540866851806641
6.01124997658890869,50.0870833188288955,7.52729558944702148
6.01958330988890822,50.0870833188288955,7.46345233917236328
6.02791664318890863,50.0870833188288955,10.2807865142822266
6.03624997648890904,50.0870833188288955,12.8171148300170898
6.04458330978890856,50.0870833188288955,18.0672645568847656
6.05291664308890898,50.0870833188288955,25.3217391967773438
6.0612499763889085,50.0870833188288955,34.5268478393554688
6.06958330968890891,50.0870833188288955,17.6532173156738281
6.07791664298890844,50.0870833188288955,31.7221832275390625
6.08624997628890885,50.0870833188288955,53.95062255859375
6.09458330958890837,50.0870833188288955,22.2994194030761719
6.10291664288890878,50.0870833188288955,11.5960273742675781
5.87791664378890832,50.0787499855288942,11.6323165893554688
5.88624997708890874,50.0787499855288942,9.56067657470703125
5.89458331038890826,50.0787499855288942,8.88083362579345703
5.90291664368890867,50.0787499855288942,8.10622882843017578
5.91124997698890819,50.0787499855288942,7.71519041061401367
5.91958331028890861,50.0787499855288942,8.85090541839599609
5.92791664358890902,50.0787499855288942,8.11085033416748047
5.93624997688890854,50.0787499855288942,9.09325981140136719
5.94458331018890895,50.0787499855288942,18.2306251525878906
5.95291664348890848,50.0787499855288942,47.4733505249023438
5.96124997678890889,50.0787499855288942,43.9962692260742188
5.96958331008890841,50.0787499855288942,40.0220527648925781
5.97791664338890882,50.0787499855288942,37.4864768981933594
5.98624997668890835,50.0787499855288942,43.818603515625
5.99458330998890876,50.0787499855288942,42.263153076171875
6.00291664328890828,50.0787499855288942,15.2436647415161133
6.01124997658890869,50.0787499855288942,8.65001392364501953
6.01958330988890822,50.0787499855288942,11.2159357070922852
6.02791664318890863,50.0787499855288942,11.6423702239990234
6.03624997648890904,50.0787499855288942,23.7162284851074219
6.04458330978890856,50.0787499855288942,55.4448318481445312
6.05291664308890898,50.0787499855288942,29.89605712890625
6.0612499763889085,50.0787499855288942,44.0070037841796875
6.06958330968890891,50.0787499855288942,73.0240325927734375
6.07791664298890844,50.0787499855288942,34.2001609802246094
6.08624997628890885,50.0787499855288942,15.1015481948852539
6.09458330958890837,50.0787499855288942,12.4389276504516602
6.10291664288890878,50.0787499855288942,10.5433664321899414
6.11124997618890831,50.0787499855288942,10.2152309417724609
5.8695833104889088,50.0704166522288929,12.4119482040405273
5.87791664378890832,50.0704166522288929,21.7018508911132812
5.88624997708890874,50.0704166522288929,25.1241798400878906
5.89458331038890826,50.0704166522288929,11.7058248519897461
5.90291664368890867,50.0704166522288929,9.52209758758544922
5.91124997698890819,50.0704166522288929,9.1402130126953125
5.91958331028890861,50.0704166522288929,12.120478630065918
5.92791664358890902,50.0704166522288929,13.9448356628417969
5.93624997688890854,50.0704166522288929,21.4277133941650391
5.94458331018890895,50.0704166522288929,16.1004638671875
5.95291664348890848,50.0704166522288929,20.7705154418945312
5.96124997678890889,50.0704166522288929,23.3956394195556641
5.96958331008890841,50.0704166522288929,33.7201271057128906
5.97791664338890882,50.0704166522288929,168.013519287109375
5.98624997668890835,50.0704166522288929,143.492935180664062
5.99458330998890876,50.0704166522288929,34.00177001953125
6.00291664328890828,50.0704166522288929,26.3985176086425781
6.01124997658890869,50.0704166522288929,18.1151924133300781
6.01958330988890822,50.0704166522288929,36.10089111328125
6.02791664318890863,50.0704166522288929,32.1968994140625
6.03624997648890904,50.0704166522288929,36.74273681640625
6.04458330978890856,50.0704166522288929,54.8075447082519531
6.05291664308890898,50.0704166522288929,30.9661369323730469
6.0612499763889085,50.0704166522288929,39.9718818664550781
6.06958330968890891,50.0704166522288929,69.62542724609375
6.07791664298890844,50.0704166522288929,20.7421646118164062
6.08624997628890885,50.0704166522288929,11.2226943969726562
6.09458330958890837,50.0704166522288929,10.9660577774047852
5.86124997718890839,50.0620833189288987,11.3875837326049805
5.8695833104889088,50.0620833189288987,12.7056064605712891
5.87791664378890832,50.0620833189288987,44.0455741882324219
5.88624997708890874,50.0620833189288987,59.985748291015625
5.89458331038890826,50.0620833189288987,17.8286285400390625
5.90291664368890867,50.0620833189288987,13.0565652847290039
5.91124997698890819,50.0620833189288987,14.2240018844604492
5.91958331028890861,50.0620833189288987,52.6293296813964844
5.92791664358890902,50.0620833189288987,36.5310440063476562
5.93624997688890854,50.0620833189288987,47.7108383178710938
5.94458331018890895,50.0620833189288987,45.886993408203125
5.95291664348890848,50.0620833189288987,32.6579246520996094
5.96124997678890889,50.0620833189288987,30.4543323516845703
5.96958331008890841,50.0620833189288987,24.1749057769775391
5.97791664338890882,50.0620833189288987,79.1142349243164062
5.98624997668890835,50.0620833189288987,304.936187744140625
5.99458330998890876,50.0620833189288987,128.523239135742188
6.00291664328890828,50.0620833189288987,160.161087036132812
6.01124997658890869,50.0620833189288987,64.4052963256835938
6.01958330988890822,50.0620833189288987,149.6884765625
6.02791664318890863,50.0620833189288987,138.33526611328125
6.03624997648890904,50.0620833189288987,111.83477783203125
6.04458330978890856,50.0620833189288987,32.2882194519042969
6.05291664308890898,50.0620833189288987,22.1021537780761719
6.0612499763889085,50.0620833189288987,43.9092826843261719
6.06958330968890891,50.0620833189288987,36.7688827514648438
6.07791664298890844,50.0620833189288987,17.8605022430419922
6.08624997628890885,50.0620833189288987,13.1870527267456055
6.09458330958890837,50.0620833189288987,11.07965087890625
6.10291664288890878,50.0620833189288987,9.83030319213867188
5.86124997718890839,50.0537499856288974,13.0549707412719727
5.8695833104889088,50.0537499856288974,11.0899772644042969
5.87791664378890832,50.0537499856288974,19.0468673706054688
5.88624997708890874,50.0537499856288974,22.3227615356445312
5.89458331038890826,50.0537499856288974,19.4471530914306641
5.90291664368890867,50.0537499856288974,17.1861953735351562
5.91124997698890819,50.0537499856288974,35.9974708557128906
5.91958331028890861,50.0537499856288974,55.4162521362304688
5.92791664358890902,50.0537499856288974,26.8593883514404297
5.93624997688890854,50.0537499856288974,24.4475250244140625
5.94458331018890895,50.0537499856288974,26.1107063293457031
5.95291664348890848,50.0537499856288974,11.6459836959838867
5.96124997678890889,50.0537499856288974,11.5231685638427734
5.96958331008890841,50.0537499856288974,10.3001537322998047
5.97791664338890882,50.0537499856288974,22.7120075225830078
5.98624997668890835,50.0537499856288974,32.4610366821289062
5.99458330998890876,50.0537499856288974,24.9055347442626953
6.00291664328890828,50.0537499856288974,36.1852455139160156
6.01124997658890869,50.0537499856288974,33.42022705078125
6.01958330988890822,50.0537499856288974,151.674850463867188
6.02791664318890863,50.0537499856288974,321.00396728515625
6.03624997648890904,50.0537499856288974,200.251602172851562
6.04458330978890856,50.0537499856288974,35.7688179016113281
6.05291664308890898,50.0537499856288974,32.4259185791015625
6.0612499763889085,50.0537499856288974,186.401947021484375
6.06958330968890891,50.0537499856288974,270.143463134765625
6.07791664298890844,50.0537499856288974,103.6173095703125
6.08624997628890885,50.0537499856288974,29.6258792877197266
6.09458330958890837,50.0537499856288974,12.1389741897583008
6.10291664288890878,50.0537499856288974,10.5768623352050781
6.11124997618890831,50.0537499856288974,9.05859470367431641
5.86124997718890839,50.0454166523288961,13.4077234268188477
5.8695833104889088,50.0454166523288961,14.9882373809814453
5.87791664378890832,50.0454166523288961,22.7939853668212891
5.88624997708890874,50.0454166523288961,12.9651975631713867
5.89458331038890826,50.0454166523288961,25.8382225036621094
5.90291664368890867,50.0454166523288961,26.0619525909423828
5.91124997698890819,50.0454166523288961,14.236572265625
5.91958331028890861,50.0454166523288961,13.7143583297729492
5.92791664358890902,50.0454166523288961,24.4075832366943359
5.93624997688890854,50.0454166523288961,20.5947227478027344
5.94458331018890895,50.0454166523288961,9.48969078063964844
5.95291664348890848,50.0454166523288961,7.51281547546386719
5.96124997678890889,50.0454166523288961,9.28422451019287109
5.96958331008890841,50.0454166523288961,12.98614501953125
5.97791664338890882,50.0454166523288961,16.2207775115966797
5.98624997668890835,50.0454166523288961,21.8553695678710938
5.99458330998890876,50.0454166523288961,16.8856849670410156
6.00291664328890828,50.0454166523288961,13.2274179458618164
6.01124997658890869,50.0454166523288961,19.5585289001464844
6.01958330988890822,50.0454166523288961,36.8046646118164062
6.02791664318890863,50.0454166523288961,25.8212108612060547
6.03624997648890904,50.0454166523288961,21.9584789276123047
6.04458330978890856,50.0454166523288961,14.3525476455688477
6.05291664308890898,50.0454166523288961,19.2027397155761719
6.0612499763889085,50.0454166523288961,33.8718490600585938
6.06958330968890891,50.0454166523288961,83.6921005249023438
6.07791664298890844,50.0454166523288961,65.4647369384765625
6.08624997628890885,50.0454166523288961,17.2259178161621094
6.09458330958890837,50.0454166523288961,16.0560398101806641
6.10291664288890878,50.0454166523288961,14.552241325378418
6.11124997618890831,50.0454166523288961,14.5594692230224609
6.11958330948890872,50.0454166523288961,15.5735454559326172
5.86124997718890839,50.0370833190288948,10.5854082107543945
5.8695833104889088,50.0370833190288948,17.3895664215087891
5.87791664378890832,50.0370833190288948,22.4478034973144531
5.88624997708890874,50.0370833190288948,32.9133682250976562
5.89458331038890826,50.0370833190288948,12.9743671417236328
5.90291664368890867,50.0370833190288948,10.8144626617431641
5.91124997698890819,50.0370833190288948,8.30752086639404297
5.91958331028890861,50.0370833190288948,7.76891708374023438
5.92791664358890902,50.0370833190288948,8.35529994964599609
5.93624997688890854,50.0370833190288948,9.03237152099609375
5.94458331018890895,50.0370833190288948,7.77634143829345703
5.95291664348890848,50.0370833190288948,7.9624323844909668
5.96124997678890889,50.0370833190288948,12.7724905014038086
5.96958331008890841,50.0370833190288948,14.3415765762329102
5.97791664338890882,50.0370833190288948,21.7506999969482422
5.98624997668890835,50.0370833190288948,53.280853271484375
5.99458330998890876,50.0370833190288948,22.6571998596191406
6.00291664328890828,50.0370833190288948,15.2922077178955078
6.01124997658890869,50.0370833190288948,16.7945232391357422
6.01958330988890822,50.0370833190288948,19.9878253936767578
6.02791664318890863,50.0370833190288948,18.2035655975341797
6.03624997648890904,50.0370833190288948,62.7019577026367188
6.04458330978890856,50.0370833190288948,26.1498584747314453
6.05291664308890898,50.0370833190288948,11.990631103515625
6.0612499763889085,50.0370833190288948,16.1272411346435547
6.06958330968890891,50.0370833190288948,38.5557441711425781
6.07791664298890844,50.0370833190288948,53.8851737976074219
6.08624997628890885,50.0370833190288948,18.8971691131591797
6.09458330958890837,50.0370833190288948,13.7993154525756836
6.10291664288890878,50.0370833190288948,13.3660202026367188
6.11124997618890831,50.0370833190288948,14.1424732208251953
6.11958330948890872,50.0370833190288948,13.333704948425293
5.85291664388890887,50.0287499857288935,13.3582601547241211
5.86124997718890839,50.0287499857288935,8.97179508209228516
5.8695833104889088,50.0287499857288935,10.3825979232788086
5.87791664378890832,50.0287499857288935,15.1890630722045898
5.88624997708890874,50.0287499857288935,17.7277812957763672
5.89458331038890826,50.0287499857288935,9.43575000762939453
5.90291664368890867,50.0287499857288935,10.3237819671630859
5.91124997698890819,50.0287499857288935,11.3950071334838867
5.91958331028890861,50.0287499857288935,15.9371557235717773
5.92791664358890902,50.0287499857288935,12.010188102722168
5.93624997688890854,50.0287499857288935,8.78458499908447266
5.94458331018890895,50.0287499857288935,12.5332269668579102
5.95291664348890848,50.0287499857288935,18.7433204650878906
5.96124997678890889,50.0287499857288935,19.5138664245605469
5.96958331008890841,50.0287499857288935,20.0667896270751953
5.97791664338890882,50.0287499857288935,17.6742591857910156
5.98624997668890835,50.0287499857288935,16.3559169769287109
5.99458330998890876,50.0287499857288935,12.4607105255126953
6.00291664328890828,50.0287499857288935,13.5370025634765625
6.01124997658890869,50.0287499857288935,11.2699775695800781
6.01958330988890822,50.0287499857288935,10.6441440582275391
6.02791664318890863,50.0287499857288935,19.6804637908935547
6.03624997648890904,50.0287499857288935,61.453582763671875
6.04458330978890856,50.0287499857288935,26.7980823516845703
6.05291664308890898,50.0287499857288935,17.0950717926025391
6.0612499763889085,50.0287499857288935,50.7846450805664062
6.06958330968890891,50.0287499857288935,48.8378105163574219
6.07791664298890844,50.0287499857288935,21.3120746612548828
6.08624997628890885,50.0287499857288935,29.5863170623779297
6.09458330958890837,50.0287499857288935,23.3478603363037109
6.10291664288890878,50.0287499857288935,15.5471887588500977
6.11124997618890831,50.0287499857288935,13.6511316299438477
6.11958330948890872,50.0287499857288935,11.5494718551635742
6.12791664278890824,50.0287499857288935,9.12434864044189453
5.83624997728890893,50.0204166524288993,24.6669178009033203
5.84458331058890845,50.0204166524288993,14.6150598526000977
5.85291664388890887,50.0204166524288993,18.8485965728759766
5.86124997718890839,50.0204166524288993,19.9710750579833984
5.8695833104889088,50.0204166524288993,13.291325569152832
5.87791664378890832,50.0204166524288993,11.9503564834594727
5.88624997708890874,50.0204166524288993,19.5202102661132812
5.89458331038890826,50.0204166524288993,11.6121482849121094
5.90291664368890867,50.0204166524288993,31.8549156188964844
5.91124997698890819,50.0204166524288993,54.5541877746582031
5.91958331028890861,50.0204166524288993,21.3379096984863281
5.92791664358890902,50.0204166524288993,22.2798595428466797
5.93624997688890854,50.0204166524288993,19.8046607971191406
5.94458331018890895,50.0204166524288993,38.3674736022949219
5.95291664348890848,50.0204166524288993,36.8951187133789062
5.96124997678890889,50.0204166524288993,37.2742691040039062
5.96958331008890841,50.0204166524288993,37.440460205078125
5.97791664338890882,50.0204166524288993,24.7667083740234375
5.98624997668890835,50.0204166524288993,15.9788656234741211
5.99458330998890876,50.0204166524288993,13.8901824951171875
6.00291664328890828,50.0204166524288993,34.1761856079101562
6.01124997658890869,50.0204166524288993,18.609344482421875
6.01958330988890822,50.0204166524288993,12.1216926574707031
6.02791664318890863,50.0204166524288993,12.4784698486328125
6.03624997648890904,50.0204166524288993,12.8292074203491211
6.04458330978890856,50.0204166524288993,18.0574798583984375
6.05291664308890898,50.0204166524288993,18.7404766082763672
6.0612499763889085,50.0204166524288993,21.9085884094238281
6.06958330968890891,50.0204166524288993,17.7318019866943359
6.07791664298890844,50.0204166524288993,24.1692218780517578
6.08624997628890885,50.0204166524288993,77.6970367431640625
6.09458330958890837,50.0204166524288993,128.445587158203125
6.10291664288890878,50.0204166524288993,25.59698486328125
6.11124997618890831,50.0204166524288993,14.2718887329101562
6.11958330948890872,50.0204166524288993,12.9870271682739258
5.82791664398890852,50.012083319128898,16.264739990234375
5.83624997728890893,50.012083319128898,45.148681640625
5.84458331058890845,50.012083319128898,61.9169273376464844
5.85291664388890887,50.012083319128898,25.9573116302490234
5.86124997718890839,50.012083319128898,20.9223690032958984
5.8695833104889088,50.012083319128898,13.7817888259887695
5.87791664378890832,50.012083319128898,22.5868721008300781
5.88624997708890874,50.012083319128898,40.6265678405761719
5.89458331038890826,50.012083319128898,15.5030488967895508
5.90291664368890867,50.012083319128898,10.4031467437744141
5.91124997698890819,50.012083319128898,17.0704193115234375
5.91958331028890861,50.012083319128898,17.8320045471191406
5.92791664358890902,50.012083319128898,20.8674716949462891
5.93624997688890854,50.012083319128898,19.3785152435302734
5.94458331018890895,50.012083319128898,33.1079292297363281
5.95291664348890848,50.012083319128898,28.8472709655761719
5.96124997678890889,50.012083319128898,47.4016494750976562
5.96958331008890841,50.012083319128898,35.105804443359375
5.97791664338890882,50.012083319128898,19.0625572204589844
5.98624997668890835,50.012083319128898,20.9294338226318359
5.99458330998890876,50.012083319128898,18.0387153625488281
6.00291664328890828,50.012083319128898,24.4913501739501953
6.01124997658890869,50.012083319128898,16.39837646484375
6.01958330988890822,50.012083319128898,15.3281831741333008
6.02791664318890863,50.012083319128898,18.1217918395996094
6.03624997648890904,50.012083319128898,11.3496713638305664
6.04458330978890856,50.012083319128898,26.552734375
6.05291664308890898,50.012083319128898,36.9728431701660156
6.0612499763889085,50.012083319128898,19.5817890167236328
6.06958330968890891,50.012083319128898,18.5957889556884766
6.07791664298890844,50.012083319128898,54.4273033142089844
6.08624997628890885,50.012083319128898,287.899932861328125
6.09458330958890837,50.012083319128898,246.205352783203125
6.10291664288890878,50.012083319128898,30.5946788787841797
6.11124997618890831,50.012083319128898,21.5692787170410156
6.11958330948890872,50.012083319128898,15.3140058517456055
6.12791664278890824,50.012083319128898,9.64734363555908203
6.13624997608890865,50.012083319128898,9.43104839324951172
5.83624997728890893,50.0037499858288967,24.4606170654296875
5.84458331058890845,50.0037499858288967,17.7301177978515625
5.85291664388890887,50.0037499858288967,9.86894416809082031
5.86124997718890839,50.0037499858288967,8.60760879516601562
5.8695833104889088,50.0037499858288967,8.15811061859130859
5.87791664378890832,50.0037499858288967,8.57438468933105469
5.88624997708890874,50.0037499858288967,11.4478254318237305
5.89458331038890826,50.0037499858288967,9.69117546081542969
5.90291664368890867,50.0037499858288967,16.9005279541015625
5.91124997698890819,50.0037499858288967,10.509577751159668
5.91958331028890861,50.0037499858288967,19.3213310241699219
5.92791664358890902,50.0037499858288967,19.1105899810791016
5.93624997688890854,50.0037499858288967,23.9472026824951172
5.94458331018890895,50.0037499858288967,52.6544609069824219
5.95291664348890848,50.0037499858288967,46.4909477233886719
5.96124997678890889,50.0037499858288967,25.322296142578125
5.96958331008890841,50.0037499858288967,18.3136844635009766
5.97791664338890882,50.0037499858288967,17.2766876220703125
5.98624997668890835,50.0037499858288967,33.1212997436523438
5.99458330998890876,50.0037499858288967,31.1144523620605469
6.00291664328890828,50.0037499858288967,12.287628173828125
6.01124997658890869,50.0037499858288967,13.1750049591064453
6.01958330988890822,50.0037499858288967,12.050872802734375
6.02791664318890863,50.0037499858288967,11.5401210784912109
6.03624997648890904,50.0037499858288967,10.4064311981201172
6.04458330978890856,50.0037499858288967,14.6343097686767578
6.05291664308890898,50.0037499858288967,11.5551414489746094
6.0612499763889085,50.0037499858288967,13.8387050628662109
6.06958330968890891,50.0037499858288967,25.6299571990966797
6.07791664298890844,50.0037499858288967,45.3562507629394531
6.08624997628890885,50.0037499858288967,225.58355712890625
6.09458330958890837,50.0037499858288967,65.9603271484375
6.10291664288890878,50.0037499858288967,18.6191215515136719
6.11124997618890831,50.0037499858288967,14.3800716400146484
6.11958330948890872,50.0037499858288967,13.4087848663330078
6.12791664278890824,50.0037499858288967,15.970271110534668
5.84458331058890845,49.9954166525288954,7.42653942108154297
5.85291664388890887,49.9954166525288954,11.8448925018310547
5.86124997718890839,49.9954166525288954,10.1960067749023438
5.8695833104889088,49.9954166525288954,9.07958316802978516
5.87791664378890832,49.9954166525288954,11.5040016174316406
5.88624997708890874,49.9954166525288954,8.50331306457519531
5.89458331038890826,49.9954166525288954,8.81889629364013672
5.90291664368890867,49.9954166525288954,9.63243389129638672
5.91124997698890819,49.9954166525288954,15.7783641815185547
5.91958331028890861,49.9954166525288954,17.5578193664550781
5.92791664358890902,49.9954166525288954,17.5574550628662109
5.93624997688890854,49.9954166525288954,24.3687286376953125
5.94458331018890895,49.9954166525288954,122.233802795410156
5.95291664348890848,49.9954166525288954,104.994293212890625
5.96124997678890889,49.9954166525288954,33.284210205078125
5.96958331008890841,49.9954166525288954,12.2724294662475586
5.97791664338890882,49.9954166525288954,12.7187261581420898
5.98624997668890835,49.9954166525288954,40.9843597412109375
5.99458330998890876,49.9954166525288954,72.4292221069335938
6.00291664328890828,49.9954166525288954,43.8210067749023438
6.01124997658890869,49.9954166525288954,35.6115760803222656
6.01958330988890822,49.9954166525288954,11.2570924758911133
6.02791664318890863,49.9954166525288954,8.41560268402099609
6.03624997648890904,49.9954166525288954,8.92570590972900391
6.04458330978890856,49.9954166525288954,9.37397384643554688
6.05291664308890898,49.9954166525288954,8.69216823577880859
6.0612499763889085,49.9954166525288954,8.229217529296875
6.06958330968890891,49.9954166525288954,10.3642759323120117
6.07791664298890844,49.9954166525288954,12.5589485168457031
6.08624997628890885,49.9954166525288954,37.1065254211425781
6.09458330958890837,49.9954166525288954,61.3172531127929688
6.10291664288890878,49.9954166525288954,87.2103729248046875
6.11124997618890831,49.9954166525288954,19.1633224487304688
6.11958330948890872,49.9954166525288954,14.5267829895019531
6.12791664278890824,49.9954166525288954,18.4954013824462891
6.13624997608890865,49.9954166525288954,11.4317073822021484
5.84458331058890845,49.9870833192288941,11.8887252807617188
5.85291664388890887,49.9870833192288941,15.4883518218994141
5.86124997718890839,49.9870833192288941,13.7250423431396484
5.8695833104889088,49.9870833192288941,21.0411643981933594
5.87791664378890832,49.9870833192288941,20.6047286987304688
5.88624997708890874,49.9870833192288941,21.3423480987548828
5.89458331038890826,49.9870833192288941,14.0230283737182617
5.90291664368890867,49.9870833192288941,21.0354862213134766
5.91124997698890819,49.9870833192288941,18.5762805938720703
5.91958331028890861,49.9870833192288941,23.0342998504638672
5.92791664358890902,49.9870833192288941,19.9550628662109375
5.93624997688890854,49.9870833192288941,19.4105644226074219
5.94458331018890895,49.9870833192288941,23.1464424133300781
5.95291664348890848,49.9870833192288941,27.0215702056884766
5.96124997678890889,49.9870833192288941,29.5761203765869141
5.96958331008890841,49.9870833192288941,16.2592620849609375
5.97791664338890882,49.9870833192288941,9.71998405456542969
5.98624997668890835,49.9870833192288941,14.3509674072265625
5.99458330998890876,49.9870833192288941,75.8723220825195312
6.00291664328890828,49.9870833192288941,81.4153976440429688
6.01124997658890869,49.9870833192288941,47.1060714721679688
6.01958330988890822,49.9870833192288941,14.7435140609741211
6.02791664318890863,49.9870833192288941,12.5833759307861328
6.03624997648890904,49.9870833192288941,9.9949188232421875
6.04458330978890856,49.9870833192288941,8.20847702026367188
6.05291664308890898,49.9870833192288941,7.82931709289550781
6.0612499763889085,49.9870833192288941,10.7355937957763672
6.06958330968890891,49.9870833192288941,50.4928321838378906
6.07791664298890844,49.9870833192288941,51.58551025390625
6.08624997628890885,49.9870833192288941,41.5411338806152344
6.09458330958890837,49.9870833192288941,53.8014297485351562
6.10291664288890878,49.9870833192288941,84.2945480346679688
6.11124997618890831,49.9870833192288941,41.5948753356933594
6.11958330948890872,49.9870833192288941,33.0299072265625
6.12791664278890824,49.9870833192288941,41.6363792419433594
6.13624997608890865,49.9870833192288941,15.5536785125732422
6.14458330938890818,49.9870833192288941,10.7821474075317383
6.15291664268890859,49.9870833192288941,7.36155080795288086
5.82791664398890852,49.9787499859288928,19.4695091247558594
5.83624997728890893,49.9787499859288928,36.5450325012207031
5.84458331058890845,49.9787499859288928,40.3541374206542969
5.85291664388890887,49.9787499859288928,19.5738868713378906
5.86124997718890839,49.9787499859288928,11.0848159790039062
5.8695833104889088,49.9787499859288928,12.047877311706543
5.87791664378890832,49.9787499859288928,10.5467262268066406
5.88624997708890874,49.9787499859288928,12.0159683227539062
5.89458331038890826,49.9787499859288928,16.3749141693115234
5.90291664368890867,49.9787499859288928,52.4465065002441406
5.91124997698890819,49.9787499859288928,80.6559066772460938
5.91958331028890861,49.9787499859288928,46.18865966796875
5.92791664358890902,49.9787499859288928,46.1764030456542969
5.93624997688890854,49.9787499859288928,75.9257965087890625
5.94458331018890895,49.9787499859288928,141.949981689453125
5.95291664348890848,49.9787499859288928,57.5581893920898438
5.96124997678890889,49.9787499859288928,27.5693416595458984
5.96958331008890841,49.9787499859288928,14.5693273544311523
5.97791664338890882,49.9787499859288928,9.20002555847167969
5.98624997668890835,49.9787499859288928,12.6689252853393555
5.99458330998890876,49.9787499859288928,13.5268421173095703
6.00291664328890828,49.9787499859288928,13.6684789657592773
6.01124997658890869,49.9787499859288928,17.7618751525878906
6.01958330988890822,49.9787499859288928,13.9717569351196289
6.02791664318890863,49.9787499859288928,36.05487060546875
6.03624997648890904,49.9787499859288928,31.0161895751953125
6.04458330978890856,49.9787499859288928,19.8124179840087891
6.05291664308890898,49.9787499859288928,33.1750106811523438
6.0612499763889085,49.9787499859288928,18.5991897583007812
6.06958330968890891,49.9787499859288928,26.3337841033935547
6.07791664298890844,49.9787499859288928,17.6784400939941406
6.08624997628890885,49.9787499859288928,37.2436676025390625
6.09458330958890837,49.9787499859288928,31.9142131805419922
6.10291664288890878,49.9787499859288928,18.750579833984375
6.11124997618890831,49.9787499859288928,30.1783199310302734
6.11958330948890872,49.9787499859288928,56.0946197509765625
6.12791664278890824,49.9787499859288928,28.3069210052490234
6.13624997608890865,49.9787499859288928,13.5384273529052734
6.14458330938890818,49.9787499859288928,13.6935338973999023
6.15291664268890859,49.9787499859288928,13.3125247955322266
5.81958331068890899,49.9704166526288986,10.0593318939208984
5.82791664398890852,49.9704166526288986,15.2519769668579102
5.83624997728890893,49.9704166526288986,37.6649971008300781
5.84458331058890845,49.9704166526288986,31.8600788116455078
5.85291664388890887,49.9704166526288986,52.9625244140625
5.86124997718890839,49.9704166526288986,29.4026412963867188
5.8695833104889088,49.9704166526288986,13.9679279327392578
5.87791664378890832,49.9704166526288986,16.6434268951416016
5.88624997708890874,49.9704166526288986,27.178863525390625
5.89458331038890826,49.9704166526288986,26.5169391632080078
5.90291664368890867,49.9704166526288986,25.6844558715820312
5.91124997698890819,49.9704166526288986,99.6424179077148438
5.91958331028890861,49.9704166526288986,329.468841552734375
5.92791664358890902,49.9704166526288986,710.49249267578125
5.93624997688890854,49.9704166526288986,698.78533935546875
5.94458331018890895,49.9704166526288986,180.179443359375
5.95291664348890848,49.9704166526288986,44.79925537109375
5.96124997678890889,49.9704166526288986,20.0455856323242188
5.96958331008890841,49.9704166526288986,9.39824962615966797
5.97791664338890882,49.9704166526288986,12.828425407409668
5.98624997668890835,49.9704166526288986,14.4064426422119141
5.99458330998890876,49.9704166526288986,15.4116430282592773
6.00291664328890828,49.9704166526288986,20.1658859252929688
6.01124997658890869,49.9704166526288986,15.0344009399414062
6.01958330988890822,49.9704166526288986,12.9158391952514648
6.02791664318890863,49.9704166526288986,20.8246898651123047
6.03624997648890904,49.9704166526288986,17.6994228363037109
6.04458330978890856,49.9704166526288986,33.8395729064941406
6.05291664308890898,49.9704166526288986,62.8267097473144531
6.0612499763889085,49.9704166526288986,30.1336460113525391
6.06958330968890891,49.9704166526288986,10.1145620346069336
6.07791664298890844,49.9704166526288986,17.2875041961669922
6.08624997628890885,49.9704166526288986,41.8853645324707031
6.09458330958890837,49.9704166526288986,28.2643814086914062
6.10291664288890878,49.9704166526288986,20.0659713745117188
6.11124997618890831,49.9704166526288986,21.4010276794433594
6.11958330948890872,49.9704166526288986,28.7583980560302734
6.12791664278890824,49.9704166526288986,21.459808349609375
6.13624997608890865,49.9704166526288986,17.6777267456054688
6.14458330938890818,49.9704166526288986,20.1244678497314453
6.15291664268890859,49.9704166526288986,16.8913097381591797
6.18624997588890846,49.9704166526288986,11.5549240112304688
6.19458330918890887,49.9704166526288986,7.6631922721862793
5.78624997748890824,49.9620833193288973,11.2428665161132812
5.79458331078890865,49.9620833193288973,11.4924812316894531
5.80291664408890817,49.9620833193288973,10.6058835983276367
5.81124997738890858,49.9620833193288973,18.9047927856445312
5.81958331068890899,49.9620833193288973,19.3546619415283203
5.82791664398890852,49.9620833193288973,15.1992216110229492
5.83624997728890893,49.9620833193288973,13.3199100494384766
5.84458331058890845,49.9620833193288973,11.8622264862060547
5.85291664388890887,49.9620833193288973,72.299774169921875
5.86124997718890839,49.9620833193288973,196.417526245117188
5.8695833104889088,49.9620833193288973,28.541229248046875
5.87791664378890832,49.9620833193288973,13.3077859878540039
5.88624997708890874,49.9620833193288973,18.168792724609375
5.89458331038890826,49.9620833193288973,53.1944503784179688
5.90291664368890867,49.9620833193288973,205.044326782226562
5.91124997698890819,49.9620833193288973,415.45867919921875
5.91958331028890861,49.9620833193288973,577.49688720703125
5.92791664358890902,49.9620833193288973,606.313232421875
5.93624997688890854,49.9620833193288973,673.792236328125
5.94458331018890895,49.9620833193288973,138.891387939453125
5.95291664348890848,49.9620833193288973,30.9412784576416016
5.96124997678890889,49.9620833193288973,13.8246364593505859
5.96958331008890841,49.9620833193288973,19.7820491790771484
5.97791664338890882,49.9620833193288973,50.1421928405761719
5.98624997668890835,49.9620833193288973,20.9071426391601562
5.99458330998890876,49.9620833193288973,9.62005233764648438
6.00291664328890828,49.9620833193288973,10.6825418472290039
6.01124997658890869,49.9620833193288973,12.5524749755859375
6.01958330988890822,49.9620833193288973,10.1739072799682617
6.02791664318890863,49.9620833193288973,13.6666688919067383
6.03624997648890904,49.9620833193288973,10.0019598007202148
6.04458330978890856,49.9620833193288973,13.2196540832519531
6.05291664308890898,49.9620833193288973,12.4206905364990234
6.0612499763889085,49.9620833193288973,11.6358861923217773
6.06958330968890891,49.9620833193288973,15.922576904296875
6.07791664298890844,49.9620833193288973,20.7049694061279297
6.08624997628890885,49.9620833193288973,38.1651992797851562
6.09458330958890837,49.9620833193288973,23.9532909393310547
6.10291664288890878,49.9620833193288973,25.8664474487304688
6.11124997618890831,49.9620833193288973,23.3619575500488281
6.11958330948890872,49.9620833193288973,38.3737716674804688
6.12791664278890824,49.9620833193288973,47.822357177734375
6.13624997608890865,49.9620833193288973,39.4999885559082031
6.14458330938890818,49.9620833193288973,32.5552864074707031
6.15291664268890859,49.9620833193288973,19.2091712951660156
6.161249975988909,49.9620833193288973,9.54959583282470703
6.17791664258890894,49.9620833193288973,37.4196739196777344
6.18624997588890846,49.9620833193288973,36.3532257080078125
6.19458330918890887,49.9620833193288973,38.0162582397460938
5.78624997748890824,49.953749986028896,21.3689975738525391
5.79458331078890865,49.953749986028896,43.3281173706054688
5.80291664408890817,49.953749986028896,26.5868015289306641
5.81124997738890858,49.953749986028896,13.0285606384277344
5.81958331068890899,49.953749986028896,12.379887580871582
5.82791664398890852,49.953749986028896,12.850377082824707
5.83624997728890893,49.953749986028896,9.80956459045410156
5.84458331058890845,49.953749986028896,10.8676548004150391
5.85291664388890887,49.953749986028896,32.4958534240722656
5.86124997718890839,49.953749986028896,52.8404312133789062
5.8695833104889088,49.953749986028896,28.2415504455566406
5.87791664378890832,49.953749986028896,15.6688222885131836
5.88624997708890874,49.953749986028896,22.8261775970458984
5.89458331038890826,49.953749986028896,31.0020160675048828
5.90291664368890867,49.953749986028896,85.54132080078125
5.91124997698890819,49.953749986028896,76.7488861083984375
5.91958331028890861,49.953749986028896,101.8238525390625
5.92791664358890902,49.953749986028896,76.14776611328125
5.93624997688890854,49.953749986028896,77.5327606201171875
5.94458331018890895,49.953749986028896,32.0535163879394531
5.95291664348890848,49.953749986028896,18.1486358642578125
5.96124997678890889,49.953749986028896,16.4139900207519531
5.96958331008890841,49.953749986028896,40.2542915344238281
5.97791664338890882,49.953749986028896,43.4107704162597656
5.98624997668890835,49.953749986028896,20.0520572662353516
5.99458330998890876,49.953749986028896,10.5914793014526367
6.00291664328890828,49.953749986028896,10.4436435699462891
6.01124997658890869,49.953749986028896,31.8235683441162109
6.01958330988890822,49.953749986028896,71.9472427368164062
6.02791664318890863,49.953749986028896,22.0817470550537109
6.03624997648890904,49.953749986028896,9.85241508483886719
6.04458330978890856,49.953749986028896,10.8612661361694336
6.05291664308890898,49.953749986028896,22.6472549438476562
6.0612499763889085,49.953749986028896,13.7775287628173828
6.06958330968890891,49.953749986028896,22.2502994537353516
6.07791664298890844,49.953749986028896,76.0121917724609375
6.08624997628890885,49.953749986028896,74.7177276611328125
6.09458330958890837,49.953749986028896,25.814239501953125
6.10291664288890878,49.953749986028896,53.4119682312011719
6.11124997618890831,49.953749986028896,27.5733108520507812
6.11958330948890872,49.953749986028896,19.8672561645507812
6.12791664278890824,49.953749986028896,28.1137065887451172
6.13624997608890865,49.953749986028896,26.574554443359375
6.14458330938890818,49.953749986028896,18.8860225677490234
6.15291664268890859,49.953749986028896,17.8296871185302734
6.161249975988909,49.953749986028896,16.1488208770751953
6.16958330928890852,49.953749986028896,16.7718582153320312
6.17791664258890894,49.953749986028896,64.7435836791992188
6.18624997588890846,49.953749986028896,39.5671920776367188
6.19458330918890887,49.953749986028896,49.431793212890625
6.20291664248890839,49.953749986028896,17.4661064147949219
6.21124997578890881,49.953749986028896,20.4149646759033203
6.21958330908890833,49.953749986028896,12.8788919448852539
5.77791664418890871,49.9454166527288947,20.9330081939697266
5.78624997748890824,49.9454166527288947,31.0327110290527344
5.79458331078890865,49.9454166527288947,28.7412319183349609
5.80291664408890817,49.9454166527288947,18.8424797058105469
5.81124997738890858,49.9454166527288947,10.6382083892822266
5.81958331068890899,49.9454166527288947,12.5895586013793945
5.82791664398890852,49.9454166527288947,10.9251317977905273
5.83624997728890893,49.9454166527288947,9.73623275756835938
5.84458331058890845,49.9454166527288947,10.1752166748046875
5.85291664388890887,49.9454166527288947,12.9947452545166016
5.86124997718890839,49.9454166527288947,11.2074518203735352
5.8695833104889088,49.9454166527288947,23.5234279632568359
5.87791664378890832,49.9454166527288947,92.35491943359375
5.88624997708890874,49.9454166527288947,77.8605499267578125
5.89458331038890826,49.9454166527288947,27.9183921813964844
5.90291664368890867,49.9454166527288947,22.3160552978515625
5.91124997698890819,49.9454166527288947,19.0187530517578125
5.91958331028890861,49.9454166527288947,19.9215564727783203
5.92791664358890902,49.9454166527288947,20.1826076507568359
5.93624997688890854,49.9454166527288947,25.084625244140625
5.94458331018890895,49.9454166527288947,25.0592536926269531
5.95291664348890848,49.9454166527288947,23.1642436981201172
5.96124997678890889,49.9454166527288947,36.4114761352539062
5.96958331008890841,49.9454166527288947,100.864883422851562
5.97791664338890882,49.9454166527288947,121.660896301269531
5.98624997668890835,49.9454166527288947,39.1216850280761719
5.99458330998890876,49.9454166527288947,14.4152565002441406
6.00291664328890828,49.9454166527288947,15.787592887878418
6.01124997658890869,49.9454166527288947,14.7784061431884766
6.01958330988890822,49.9454166527288947,29.6367015838623047
6.02791664318890863,49.9454166527288947,13.7586097717285156
6.03624997648890904,49.9454166527288947,9.38833999633789062
6.04458330978890856,49.9454166527288947,10.0545816421508789
6.05291664308890898,49.9454166527288947,19.9422378540039062
6.0612499763889085,49.9454166527288947,14.5996036529541016
6.06958330968890891,49.9454166527288947,33.4276924133300781
6.07791664298890844,49.9454166527288947,168.98858642578125
6.08624997628890885,49.9454166527288947,144.982101440429688
6.09458330958890837,49.9454166527288947,26.7346229553222656
6.10291664288890878,49.9454166527288947,22.5863456726074219
6.11124997618890831,49.9454166527288947,18.6243209838867188
6.11958330948890872,49.9454166527288947,20.1911563873291016
6.12791664278890824,49.9454166527288947,35.5425949096679688
6.13624997608890865,49.9454166527288947,26.4884223937988281
6.14458330938890818,49.9454166527288947,28.8308773040771484
6.15291664268890859,49.9454166527288947,31.694610595703125
6.161249975988909,49.9454166527288947,36.1852188110351562
6.16958330928890852,49.9454166527288947,47.9149703979492188
6.17791664258890894,49.9454166527288947,50.6628532409667969
6.18624997588890846,49.9454166527288947,28.6604137420654297
6.19458330918890887,49.9454166527288947,60.7971305847167969
6.20291664248890839,49.9454166527288947,97.5189437866210938
6.21124997578890881,49.9454166527288947,70.9862136840820312
6.21958330908890833,49.9454166527288947,43.2336883544921875
5.77791664418890871,49.9370833194288934,30.3478813171386719
5.78624997748890824,49.9370833194288934,64.1976394653320312
5.79458331078890865,49.9370833194288934,33.3729400634765625
5.80291664408890817,49.9370833194288934,12.92364501953125
5.81124997738890858,49.9370833194288934,10.5164852142333984
5.81958331068890899,49.9370833194288934,10.0623073577880859
5.82791664398890852,49.9370833194288934,10.0631580352783203
5.83624997728890893,49.9370833194288934,10.0111989974975586
5.84458331058890845,49.9370833194288934,10.8618192672729492
5.85291664388890887,49.9370833194288934,11.6042070388793945
5.86124997718890839,49.9370833194288934,11.6054067611694336
5.8695833104889088,49.9370833194288934,20.2007865905761719
5.87791664378890832,49.9370833194288934,56.6019172668457031
5.88624997708890874,49.9370833194288934,54.6971855163574219
5.89458331038890826,49.9370833194288934,14.9589643478393555
5.90291664368890867,49.9370833194288934,10.7399272918701172
5.91124997698890819,49.9370833194288934,11.512171745300293
5.91958331028890861,49.9370833194288934,15.9515295028686523
5.92791664358890902,49.9370833194288934,18.30316162109375
5.93624997688890854,49.9370833194288934,36.863494873046875
5.94458331018890895,49.9370833194288934,24.2066593170166016
5.95291664348890848,49.9370833194288934,12.379054069519043
5.96124997678890889,49.9370833194288934,20.8515090942382812
5.96958331008890841,49.9370833194288934,117.029228210449219
5.97791664338890882,49.9370833194288934,106.802200317382812
5.98624997668890835,49.9370833194288934,35.7960929870605469
5.99458330998890876,49.9370833194288934,15.2292966842651367
6.00291664328890828,49.9370833194288934,17.9139022827148438
6.01124997658890869,49.9370833194288934,13.9763784408569336
6.01958330988890822,49.9370833194288934,15.832453727722168
6.02791664318890863,49.9370833194288934,13.4575290679931641
6.03624997648890904,49.9370833194288934,12.7787303924560547
6.04458330978890856,49.9370833194288934,12.5783777236938477
6.05291664308890898,49.9370833194288934,25.3194999694824219
6.0612499763889085,49.9370833194288934,28.1695957183837891
6.06958330968890891,49.9370833194288934,30.6506271362304688
6.07791664298890844,49.9370833194288934,41.9035491943359375
6.08624997628890885,49.9370833194288934,66.0010528564453125
6.09458330958890837,49.9370833194288934,39.8605308532714844
6.10291664288890878,49.9370833194288934,52.9856452941894531
6.11124997618890831,49.9370833194288934,19.4792995452880859
6.11958330948890872,49.9370833194288934,17.0802631378173828
6.12791664278890824,49.9370833194288934,16.8035182952880859
6.13624997608890865,49.9370833194288934,17.4728603363037109
6.14458330938890818,49.9370833194288934,19.5894527435302734
6.15291664268890859,49.9370833194288934,22.4483203887939453
6.161249975988909,49.9370833194288934,27.1175384521484375
6.16958330928890852,49.9370833194288934,31.2084388732910156
6.17791664258890894,49.9370833194288934,31.807525634765625
6.18624997588890846,49.9370833194288934,43.3095855712890625
6.19458330918890887,49.9370833194288934,86.6403656005859375
6.20291664248890839,49.9370833194288934,356.373199462890625
6.21124997578890881,49.9370833194288934,306.57666015625
6.21958330908890833,49.9370833194288934,144.646621704101562
5.7695833108889083,49.9287499861288993,12.3404245376586914
5.77791664418890871,49.9287499861288993,41.4989662170410156
5.78624997748890824,49.9287499861288993,116.571975708007812
5.79458331078890865,49.9287499861288993,98.1691055297851562
5.80291664408890817,49.9287499861288993,29.8450946807861328
5.81124997738890858,49.9287499861288993,11.8186664581298828
5.81958331068890899,49.9287499861288993,11.0455751419067383
5.82791664398890852,49.9287499861288993,10.9209203720092773
5.83624997728890893,49.9287499861288993,11.4052419662475586
5.84458331058890845,49.9287499861288993,16.9463958740234375
5.85291664388890887,49.9287499861288993,21.394378662109375
5.86124997718890839,49.9287499861288993,12.9147052764892578
5.8695833104889088,49.9287499861288993,15.9013509750366211
5.87791664378890832,49.9287499861288993,18.3149738311767578
5.88624997708890874,49.9287499861288993,13.49114990234375
5.89458331038890826,49.9287499861288993,16.9761390686035156
5.90291664368890867,49.9287499861288993,15.6641502380371094
5.91124997698890819,49.9287499861288993,10.2486181259155273
5.91958331028890861,49.9287499861288993,10.7839803695678711
5.92791664358890902,49.9287499861288993,11.4248619079589844
5.93624997688890854,49.9287499861288993,26.2298011779785156
5.94458331018890895,49.9287499861288993,21.0178318023681641
5.95291664348890848,49.9287499861288993,17.6055564880371094
5.96124997678890889,49.9287499861288993,23.3424072265625
5.96958331008890841,49.9287499861288993,48.565399169921875
5.97791664338890882,49.9287499861288993,42.0961265563964844
5.98624997668890835,49.9287499861288993,19.8398361206054688
5.99458330998890876,49.9287499861288993,17.0971622467041016
6.00291664328890828,49.9287499861288993,17.9977359771728516
6.01124997658890869,49.9287499861288993,16.0587730407714844
6.01958330988890822,49.9287499861288993,19.6966648101806641
6.02791664318890863,49.9287499861288993,19.1080341339111328
6.03624997648890904,49.9287499861288993,21.364959716796875
6.04458330978890856,49.9287499861288993,19.5919208526611328
6.05291664308890898,49.9287499861288993,25.2261619567871094
6.0612499763889085,49.9287499861288993,40.0204048156738281
6.06958330968890891,49.9287499861288993,19.2135677337646484
6.07791664298890844,49.9287499861288993,14.1473789215087891
6.08624997628890885,49.9287499861288993,30.5181732177734375
6.09458330958890837,49.9287499861288993,19.7682304382324219
6.10291664288890878,49.9287499861288993,18.9998912811279297
6.11124997618890831,49.9287499861288993,19.5573234558105469
6.11958330948890872,49.9287499861288993,19.4944210052490234
6.12791664278890824,49.9287499861288993,25.9782524108886719
6.13624997608890865,49.9287499861288993,14.7984018325805664
6.14458330938890818,49.9287499861288993,12.213404655456543
6.15291664268890859,49.9287499861288993,18.3007411956787109
6.161249975988909,49.9287499861288993,20.0141353607177734
6.16958330928890852,49.9287499861288993,26.1138286590576172
6.17791664258890894,49.9287499861288993,18.9266357421875
6.18624997588890846,49.9287499861288993,21.8033599853515625
6.19458330918890887,49.9287499861288993,65.3013763427734375
6.20291664248890839,49.9287499861288993,135.622833251953125
6.21124997578890881,49.9287499861288993,156.589614868164062
6.21958330908890833,49.9287499861288993,255.373825073242188
5.7695833108889083,49.920416652828898,11.8830032348632812
5.77791664418890871,49.920416652828898,15.2939987182617188
5.78624997748890824,49.920416652828898,17.4770259857177734
5.79458331078890865,49.920416652828898,17.2790718078613281
5.80291664408890817,49.920416652828898,15.9421472549438477
5.81124997738890858,49.920416652828898,11.4273891448974609
5.81958331068890899,49.920416652828898,10.7926559448242188
5.82791664398890852,49.920416652828898,10.7180376052856445
5.83624997728890893,49.920416652828898,13.3002967834472656
5.84458331058890845,49.920416652828898,51.4224319458007812
5.85291664388890887,49.920416652828898,33.7560234069824219
5.86124997718890839,49.920416652828898,12.9001913070678711
5.8695833104889088,49.920416652828898,24.0601673126220703
5.87791664378890832,49.920416652828898,26.203704833984375
5.88624997708890874,49.920416652828898,14.496891975402832
5.89458331038890826,49.920416652828898,21.1503562927246094
5.90291664368890867,49.920416652828898,43.5287742614746094
5.91124997698890819,49.920416652828898,20.9353713989257812
5.91958331028890861,49.920416652828898,14.2069854736328125
5.92791664358890902,49.920416652828898,11.2060775756835938
5.93624997688890854,49.920416652828898,11.70166015625
5.94458331018890895,49.920416652828898,13.8222827911376953
5.95291664348890848,49.920416652828898,19.9288330078125
5.96124997678890889,49.920416652828898,70.6001434326171875
5.96958331008890841,49.920416652828898,106.177108764648438
5.97791664338890882,49.920416652828898,29.53778076171875
5.98624997668890835,49.920416652828898,15.7456779479980469
5.99458330998890876,49.920416652828898,24.59967041015625
6.00291664328890828,49.920416652828898,29.4420394897460938
6.01124997658890869,49.920416652828898,25.7171440124511719
6.01958330988890822,49.920416652828898,16.618133544921875
6.02791664318890863,49.920416652828898,22.6690750122070312
6.03624997648890904,49.920416652828898,26.5842437744140625
6.04458330978890856,49.920416652828898,17.9439659118652344
6.05291664308890898,49.920416652828898,28.7767829895019531
6.0612499763889085,49.920416652828898,31.0104427337646484
6.06958330968890891,49.920416652828898,20.2519950866699219
6.07791664298890844,49.920416652828898,18.7114067077636719
6.08624997628890885,49.920416652828898,46.2580375671386719
6.09458330958890837,49.920416652828898,34.6074180603027344
6.10291664288890878,49.920416652828898,17.7402629852294922
6.11124997618890831,49.920416652828898,14.0211553573608398
6.11958330948890872,49.920416652828898,16.8473491668701172
6.12791664278890824,49.920416652828898,28.1050968170166016
6.13624997608890865,49.920416652828898,15.3726825714111328
6.14458330938890818,49.920416652828898,14.7162513732910156
6.15291664268890859,49.920416652828898,26.2383880615234375
6.161249975988909,49.920416652828898,14.8083152770996094
6.16958330928890852,49.920416652828898,17.0553569793701172
6.17791664258890894,49.920416652828898,17.8864192962646484
6.18624997588890846,49.920416652828898,23.3459873199462891
6.19458330918890887,49.920416652828898,42.6100425720214844
6.20291664248890839,49.920416652828898,24.0639915466308594
6.21124997578890881,49.920416652828898,23.480224609375
6.21958330908890833,49.920416652828898,85.3454208374023438
6.22791664238890874,49.920416652828898,121.956703186035156
5.75291664428890837,49.9120833195288967,10.7340097427368164
5.76124997758890878,49.9120833195288967,11.3694372177124023
5.7695833108889083,49.9120833195288967,12.2487564086914062
5.77791664418890871,49.9120833195288967,15.9498624801635742
5.78624997748890824,49.9120833195288967,13.0492029190063477
5.79458331078890865,49.9120833195288967,13.1561527252197266
5.80291664408890817,49.9120833195288967,18.4527740478515625
5.81124997738890858,49.9120833195288967,21.1509113311767578
5.81958331068890899,49.9120833195288967,13.2216339111328125
5.82791664398890852,49.9120833195288967,12.7784919738769531
5.83624997728890893,49.9120833195288967,10.8550338745117188
5.84458331058890845,49.9120833195288967,14.564366340637207
5.85291664388890887,49.9120833195288967,14.854400634765625
5.86124997718890839,49.9120833195288967,15.0730609893798828
5.8695833104889088,49.9120833195288967,36.2988624572753906
5.87791664378890832,49.9120833195288967,77.7262344360351562
5.88624997708890874,49.9120833195288967,24.7446384429931641
5.89458331038890826,49.9120833195288967,17.0945587158203125
5.90291664368890867,49.9120833195288967,14.0009489059448242
5.91124997698890819,49.9120833195288967,12.4961977005004883
5.91958331028890861,49.9120833195288967,52.5078544616699219
5.92791664358890902,49.9120833195288967,50.269195556640625
5.93624997688890854,49.9120833195288967,66.85015869140625
5.94458331018890895,49.9120833195288967,21.4791717529296875
5.95291664348890848,49.9120833195288967,17.2956809997558594
5.96124997678890889,49.9120833195288967,26.0428962707519531
5.96958331008890841,49.9120833195288967,25.0175361633300781
5.97791664338890882,49.9120833195288967,17.6278247833251953
5.98624997668890835,49.9120833195288967,19.7294635772705078
5.99458330998890876,49.9120833195288967,31.2063217163085938
6.00291664328890828,49.9120833195288967,29.1970386505126953
6.01124997658890869,49.9120833195288967,22.3967266082763672
6.01958330988890822,49.9120833195288967,14.245600700378418
6.02791664318890863,49.9120833195288967,13.0123138427734375
6.03624997648890904,49.9120833195288967,14.9938735961914062
6.04458330978890856,49.9120833195288967,12.4145870208740234
6.05291664308890898,49.9120833195288967,26.4701175689697266
6.0612499763889085,49.9120833195288967,100.044364929199219
6.06958330968890891,49.9120833195288967,73.7001953125
6.07791664298890844,49.9120833195288967,25.6602783203125
6.08624997628890885,49.9120833195288967,36.7569732666015625
6.09458330958890837,49.9120833195288967,15.1473331451416016
6.10291664288890878,49.9120833195288967,23.4567089080810547
6.11124997618890831,49.9120833195288967,26.2567024230957031
6.11958330948890872,49.9120833195288967,17.2381229400634766
6.12791664278890824,49.9120833195288967,17.6564407348632812
6.13624997608890865,49.9120833195288967,45.0424613952636719
6.14458330938890818,49.9120833195288967,29.0841159820556641
6.15291664268890859,49.9120833195288967,27.77294921875
6.161249975988909,49.9120833195288967,14.8965368270874023
6.16958330928890852,49.9120833195288967,14.6484737396240234
6.17791664258890894,49.9120833195288967,17.5644626617431641
6.18624997588890846,49.9120833195288967,34.5853500366210938
6.19458330918890887,49.9120833195288967,132.030303955078125
6.20291664248890839,49.9120833195288967,50.8298683166503906
6.21124997578890881,49.9120833195288967,19.4905586242675781
6.21958330908890833,49.9120833195288967,51.7742881774902344
6.22791664238890874,49.9120833195288967,97.4008636474609375
5.75291664428890837,49.9037499862288954,12.1515560150146484
5.76124997758890878,49.9037499862288954,13.1693248748779297
5.7695833108889083,49.9037499862288954,29.5510272979736328
5.77791664418890871,49.9037499862288954,76.5990066528320312
5.78624997748890824,49.9037499862288954,42.0527153015136719
5.79458331078890865,49.9037499862288954,15.350743293762207
5.80291664408890817,49.9037499862288954,21.7356719970703125
5.81124997738890858,49.9037499862288954,38.9804611206054688
5.81958331068890899,49.9037499862288954,36.0016365051269531
5.82791664398890852,49.9037499862288954,21.2484722137451172
5.83624997728890893,49.9037499862288954,12.5832862854003906
5.84458331058890845,49.9037499862288954,12.2006072998046875
5.85291664388890887,49.9037499862288954,13.1334247589111328
5.86124997718890839,49.9037499862288954,17.0958309173583984
5.8695833104889088,49.9037499862288954,21.1638336181640625
5.87791664378890832,49.9037499862288954,41.1819267272949219
5.88624997708890874,49.9037499862288954,52.8485832214355469
5.89458331038890826,49.9037499862288954,25.6177158355712891
5.90291664368890867,49.9037499862288954,16.0560932159423828
5.91124997698890819,49.9037499862288954,16.0888748168945312
5.91958331028890861,49.9037499862288954,31.0576114654541016
5.92791664358890902,49.9037499862288954,29.3606739044189453
5.93624997688890854,49.9037499862288954,33.2404441833496094
5.94458331018890895,49.9037499862288954,22.8967266082763672
5.95291664348890848,49.9037499862288954,27.1243629455566406
5.96124997678890889,49.9037499862288954,37.4747238159179688
5.96958331008890841,49.9037499862288954,20.4319686889648438
5.97791664338890882,49.9037499862288954,15.2742786407470703
5.98624997668890835,49.9037499862288954,23.0925369262695312
5.99458330998890876,49.9037499862288954,29.2893257141113281
6.00291664328890828,49.9037499862288954,14.8650054931640625
6.01124997658890869,49.9037499862288954,21.9031276702880859
6.01958330988890822,49.9037499862288954,12.9925565719604492
6.02791664318890863,49.9037499862288954,14.3990211486816406
6.03624997648890904,49.9037499862288954,29.2650794982910156
6.04458330978890856,49.9037499862288954,17.6149215698242188
6.05291664308890898,49.9037499862288954,19.2184333801269531
6.0612499763889085,49.9037499862288954,51.1064720153808594
6.06958330968890891,49.9037499862288954,43.9645423889160156
6.07791664298890844,49.9037499862288954,24.6338119506835938
6.08624997628890885,49.9037499862288954,57.0502548217773438
6.09458330958890837,49.9037499862288954,40.2756690979003906
6.10291664288890878,49.9037499862288954,17.4519023895263672
6.11124997618890831,49.9037499862288954,34.2368240356445312
6.11958330948890872,49.9037499862288954,38.8318595886230469
6.12791664278890824,49.9037499862288954,22.852935791015625
6.13624997608890865,49.9037499862288954,17.7112636566162109
6.14458330938890818,49.9037499862288954,21.6562252044677734
6.15291664268890859,49.9037499862288954,19.691131591796875
6.161249975988909,49.9037499862288954,16.3448371887207031
6.16958330928890852,49.9037499862288954,16.1602859497070312
6.17791664258890894,49.9037499862288954,24.8827972412109375
6.18624997588890846,49.9037499862288954,26.1094341278076172
6.19458330918890887,49.9037499862288954,27.0126075744628906
6.20291664248890839,49.9037499862288954,22.0905971527099609
6.21124997578890881,49.9037499862288954,19.5706825256347656
6.21958330908890833,49.9037499862288954,17.6045913696289062
6.22791664238890874,49.9037499862288954,25.1334152221679688
6.23624997568890826,49.9037499862288954,24.3686618804931641
5.77791664418890871,49.8954166529288941,23.99322509765625
5.78624997748890824,49.8954166529288941,16.5880298614501953
5.79458331078890865,49.8954166529288941,13.87640380859375
5.80291664408890817,49.8954166529288941,18.8891086578369141
5.81124997738890858,49.8954166529288941,72.4157867431640625
5.81958331068890899,49.8954166529288941,66.616851806640625
5.82791664398890852,49.8954166529288941,23.7932853698730469
5.83624997728890893,49.8954166529288941,12.6229829788208008
5.84458331058890845,49.8954166529288941,12.4367856979370117
5.85291664388890887,49.8954166529288941,11.7151250839233398
5.86124997718890839,49.8954166529288941,14.1108179092407227
5.8695833104889088,49.8954166529288941,18.5015830993652344
5.87791664378890832,49.8954166529288941,23.4397602081298828
5.88624997708890874,49.8954166529288941,33.2033920288085938
5.89458331038890826,49.8954166529288941,28.8259773254394531
5.90291664368890867,49.8954166529288941,16.0626220703125
5.91124997698890819,49.8954166529288941,13.7747220993041992
5.91958331028890861,49.8954166529288941,18.1157035827636719
5.92791664358890902,49.8954166529288941,23.9767055511474609
5.93624997688890854,49.8954166529288941,17.6200847625732422
5.94458331018890895,49.8954166529288941,17.2202854156494141
5.95291664348890848,49.8954166529288941,35.3798141479492188
5.96124997678890889,49.8954166529288941,26.9106845855712891
5.96958331008890841,49.8954166529288941,33.6774177551269531
5.97791664338890882,49.8954166529288941,41.8547554016113281
5.98624997668890835,49.8954166529288941,37.0823822021484375
5.99458330998890876,49.8954166529288941,30.8497486114501953
6.00291664328890828,49.8954166529288941,22.4781341552734375
6.01124997658890869,49.8954166529288941,20.5682277679443359
6.01958330988890822,49.8954166529288941,16.0002670288085938
6.02791664318890863,49.8954166529288941,16.7882823944091797
6.03624997648890904,49.8954166529288941,22.6527442932128906
6.04458330978890856,49.8954166529288941,23.7418117523193359
6.05291664308890898,49.8954166529288941,14.3976364135742188
6.0612499763889085,49.8954166529288941,13.6691226959228516
6.06958330968890891,49.8954166529288941,13.9954366683959961
6.07791664298890844,49.8954166529288941,14.0488100051879883
6.08624997628890885,49.8954166529288941,54.3296012878417969
6.09458330958890837,49.8954166529288941,94.8110275268554688
6.10291664288890878,49.8954166529288941,21.3731193542480469
6.11124997618890831,49.8954166529288941,13.9880876541137695
6.11958330948890872,49.8954166529288941,12.7885417938232422
6.12791664278890824,49.8954166529288941,29.0046825408935547
6.13624997608890865,49.8954166529288941,48.0451812744140625
6.14458330938890818,49.8954166529288941,28.6911106109619141
6.15291664268890859,49.8954166529288941,35.9896087646484375
6.161249975988909,49.8954166529288941,89.2026824951171875
6.16958330928890852,49.8954166529288941,49.3514137268066406
6.17791664258890894,49.8954166529288941,46.1206817626953125
6.18624997588890846,49.8954166529288941,41.84326171875
6.19458330918890887,49.8954166529288941,16.7963371276855469
6.20291664248890839,49.8954166529288941,29.4968433380126953
6.21124997578890881,49.8954166529288941,22.8970375061035156
6.21958330908890833,49.8954166529288941,17.3609237670898438
6.22791664238890874,49.8954166529288941,20.4512138366699219
6.23624997568890826,49.8954166529288941,15.6602067947387695
5.78624997748890824,49.8870833196288928,12.8268404006958008
5.79458331078890865,49.8870833196288928,21.4540309906005859
5.80291664408890817,49.8870833196288928,28.5348739624023438
5.81124997738890858,49.8870833196288928,149.81744384765625
5.81958331068890899,49.8870833196288928,89.077545166015625
5.82791664398890852,49.8870833196288928,17.2209339141845703
5.83624997728890893,49.8870833196288928,12.4168062210083008
5.84458331058890845,49.8870833196288928,12.2236604690551758
5.85291664388890887,49.8870833196288928,11.2507543563842773
5.86124997718890839,49.8870833196288928,12.9574108123779297
5.8695833104889088,49.8870833196288928,16.2024078369140625
5.87791664378890832,49.8870833196288928,15.6560087203979492
5.88624997708890874,49.8870833196288928,24.2608833312988281
5.89458331038890826,49.8870833196288928,23.8722991943359375
5.90291664368890867,49.8870833196288928,16.4406070709228516
5.91124997698890819,49.8870833196288928,14.5971698760986328
5.91958331028890861,49.8870833196288928,21.4562702178955078
5.92791664358890902,49.8870833196288928,76.2049713134765625
5.93624997688890854,49.8870833196288928,143.860122680664062
5.94458331018890895,49.8870833196288928,51.529083251953125
5.95291664348890848,49.8870833196288928,21.2352714538574219
5.96124997678890889,49.8870833196288928,33.8670158386230469
5.96958331008890841,49.8870833196288928,78.7820968627929688
5.97791664338890882,49.8870833196288928,173.902313232421875
5.98624997668890835,49.8870833196288928,95.3387603759765625
5.99458330998890876,49.8870833196288928,23.1307010650634766
6.00291664328890828,49.8870833196288928,15.9733209609985352
6.01124997658890869,49.8870833196288928,14.5139045715332031
6.01958330988890822,49.8870833196288928,16.0550365447998047
6.02791664318890863,49.8870833196288928,15.363276481628418
6.03624997648890904,49.8870833196288928,14.0055379867553711
6.04458330978890856,49.8870833196288928,14.9559917449951172
6.05291664308890898,49.8870833196288928,15.5647010803222656
6.0612499763889085,49.8870833196288928,38.0263786315917969
6.06958330968890891,49.8870833196288928,27.7141532897949219
6.07791664298890844,49.8870833196288928,15.1913719177246094
6.08624997628890885,49.8870833196288928,44.81884765625
6.09458330958890837,49.8870833196288928,51.8693809509277344
6.10291664288890878,49.8870833196288928,17.9824962615966797
6.11124997618890831,49.8870833196288928,14.8281545639038086
6.11958330948890872,49.8870833196288928,11.2650699615478516
6.12791664278890824,49.8870833196288928,39.3911857604980469
6.13624997608890865,49.8870833196288928,140.510177612304688
6.14458330938890818,49.8870833196288928,69.2611007690429688
6.15291664268890859,49.8870833196288928,58.1570930480957031
6.161249975988909,49.8870833196288928,117.919754028320312
6.16958330928890852,49.8870833196288928,92.24530029296875
6.17791664258890894,49.8870833196288928,49.9163055419921875
6.18624997588890846,49.8870833196288928,33.1000556945800781
6.19458330918890887,49.8870833196288928,19.2722320556640625
6.20291664248890839,49.8870833196288928,22.5660781860351562
6.21124997578890881,49.8870833196288928,29.8002071380615234
6.21958330908890833,49.8870833196288928,40.0128860473632812
6.22791664238890874,49.8870833196288928,36.2588043212890625
6.23624997568890826,49.8870833196288928,24.9832382202148438
6.24458330898890868,49.8870833196288928,17.5677070617675781
6.25291664228890909,49.8870833196288928,8.16544342041015625
5.78624997748890824,49.8787499863288986,10.2249126434326172
5.79458331078890865,49.8787499863288986,13.3970451354980469
5.80291664408890817,49.8787499863288986,18.3393878936767578
5.81124997738890858,49.8787499863288986,40.4718666076660156
5.81958331068890899,49.8787499863288986,30.5875186920166016
5.82791664398890852,49.8787499863288986,14.4449787139892578
5.83624997728890893,49.8787499863288986,15.1231622695922852
5.84458331058890845,49.8787499863288986,14.4274578094482422
5.85291664388890887,49.8787499863288986,18.4365749359130859
5.86124997718890839,49.8787499863288986,14.8280067443847656
5.8695833104889088,49.8787499863288986,12.2422294616699219
5.87791664378890832,49.8787499863288986,23.2514171600341797
5.88624997708890874,49.8787499863288986,56.3607826232910156
5.89458331038890826,49.8787499863288986,17.0868568420410156
5.90291664368890867,49.8787499863288986,15.6988029479980469
5.91124997698890819,49.8787499863288986,14.8259544372558594
5.91958331028890861,49.8787499863288986,17.7395038604736328
5.92791664358890902,49.8787499863288986,41.5313720703125
5.93624997688890854,49.8787499863288986,93.4882736206054688
5.94458331018890895,49.8787499863288986,64.5036849975585938
5.95291664348890848,49.8787499863288986,17.2749042510986328
5.96124997678890889,49.8787499863288986,20.6609134674072266
5.96958331008890841,49.8787499863288986,26.4471282958984375
5.97791664338890882,49.8787499863288986,35.7890129089355469
5.98624997668890835,49.8787499863288986,103.037422180175781
5.99458330998890876,49.8787499863288986,96.0230712890625
6.00291664328890828,49.8787499863288986,20.8189620971679688
6.01124997658890869,49.8787499863288986,14.70208740234375
6.01958330988890822,49.8787499863288986,15.2509794235229492
6.02791664318890863,49.8787499863288986,15.5756778717041016
6.03624997648890904,49.8787499863288986,15.1999597549438477
6.04458330978890856,49.8787499863288986,16.3043594360351562
6.05291664308890898,49.8787499863288986,17.9291934967041016
6.0612499763889085,49.8787499863288986,17.8895359039306641
6.06958330968890891,49.8787499863288986,21.0902061462402344
6.07791664298890844,49.8787499863288986,22.3475322723388672
6.08624997628890885,49.8787499863288986,63.6680946350097656
6.09458330958890837,49.8787499863288986,64.0516357421875
6.10291664288890878,49.8787499863288986,21.3389091491699219
6.11124997618890831,49.8787499863288986,16.7130889892578125
6.11958330948890872,49.8787499863288986,15.714263916015625
6.12791664278890824,49.8787499863288986,59.9665184020996094
6.13624997608890865,49.8787499863288986,118.238784790039062
6.14458330938890818,49.8787499863288986,66.825042724609375
6.15291664268890859,49.8787499863288986,123.118995666503906
6.161249975988909,49.8787499863288986,158.512741088867188
6.16958330928890852,49.8787499863288986,242.976181030273438
6.17791664258890894,49.8787499863288986,74.2859954833984375
6.18624997588890846,49.8787499863288986,48.9864158630371094
6.19458330918890887,49.8787499863288986,36.5759048461914062
6.20291664248890839,49.8787499863288986,48.7400169372558594
6.21124997578890881,49.8787499863288986,185.316299438476562
6.21958330908890833,49.8787499863288986,370.031280517578125
6.22791664238890874,49.8787499863288986,107.872398376464844
6.23624997568890826,49.8787499863288986,39.2393226623535156
6.24458330898890868,49.8787499863288986,27.5174293518066406
6.25291664228890909,49.8787499863288986,24.2007045745849609
6.26124997558890861,49.8787499863288986,21.1156406402587891
6.26958330888890902,49.8787499863288986,12.3130865097045898
6.27791664218890855,49.8787499863288986,20.6829032897949219
5.76124997758890878,49.8704166530288973,12.2053909301757812
5.7695833108889083,49.8704166530288973,11.7243108749389648
5.77791664418890871,49.8704166530288973,10.707707405090332
5.78624997748890824,49.8704166530288973,11.6056089401245117
5.79458331078890865,49.8704166530288973,12.2523593902587891
5.80291664408890817,49.8704166530288973,14.5892467498779297
5.81124997738890858,49.8704166530288973,16.9962100982666016
5.81958331068890899,49.8704166530288973,15.0677852630615234
5.82791664398890852,49.8704166530288973,15.0370407104492188
5.83624997728890893,49.8704166530288973,16.8884162902832031
5.84458331058890845,49.8704166530288973,22.6395263671875
5.85291664388890887,49.8704166530288973,22.3176994323730469
5.86124997718890839,49.8704166530288973,12.3856201171875
5.8695833104889088,49.8704166530288973,12.9009513854980469
5.87791664378890832,49.8704166530288973,18.6504707336425781
5.88624997708890874,49.8704166530288973,22.5228366851806641
5.89458331038890826,49.8704166530288973,28.7784824371337891
5.90291664368890867,49.8704166530288973,40.1332054138183594
5.91124997698890819,49.8704166530288973,16.0914020538330078
5.91958331028890861,49.8704166530288973,14.1276369094848633
5.92791664358890902,49.8704166530288973,25.8139781951904297
5.93624997688890854,49.8704166530288973,18.8483676910400391
5.94458331018890895,49.8704166530288973,17.2410678863525391
5.95291664348890848,49.8704166530288973,13.8946094512939453
5.96124997678890889,49.8704166530288973,24.8252468109130859
5.96958331008890841,49.8704166530288973,52.6843452453613281
5.97791664338890882,49.8704166530288973,22.6387615203857422
5.98624997668890835,49.8704166530288973,32.0362014770507812
5.99458330998890876,49.8704166530288973,44.9026374816894531
6.00291664328890828,49.8704166530288973,21.9998645782470703
6.01124997658890869,49.8704166530288973,15.2107763290405273
6.01958330988890822,49.8704166530288973,15.0704202651977539
6.02791664318890863,49.8704166530288973,15.8595457077026367
6.03624997648890904,49.8704166530288973,16.5027980804443359
6.04458330978890856,49.8704166530288973,18.0282211303710938
6.05291664308890898,49.8704166530288973,18.7136459350585938
6.0612499763889085,49.8704166530288973,24.1507492065429688
6.06958330968890891,49.8704166530288973,27.5177879333496094
6.07791664298890844,49.8704166530288973,51.2180747985839844
6.08624997628890885,49.8704166530288973,51.0724372863769531
6.09458330958890837,49.8704166530288973,41.3867683410644531
6.10291664288890878,49.8704166530288973,23.5113468170166016
6.11124997618890831,49.8704166530288973,64.3304290771484375
6.11958330948890872,49.8704166530288973,34.6475906372070312
6.12791664278890824,49.8704166530288973,35.0044898986816406
6.13624997608890865,49.8704166530288973,69.5618896484375
6.14458330938890818,49.8704166530288973,385.741973876953125
6.15291664268890859,49.8704166530288973,899.786376953125
6.161249975988909,49.8704166530288973,1025.22900390625
6.16958330928890852,49.8704166530288973,659.72991943359375
6.17791664258890894,49.8704166530288973,359.998626708984375
6.18624997588890846,49.8704166530288973,248.31195068359375
6.19458330918890887,49.8704166530288973,92.1929702758789062
6.20291664248890839,49.8704166530288973,48.7024765014648438
6.21124997578890881,49.8704166530288973,100.439956665039062
6.21958330908890833,49.8704166530288973,216.175216674804688
6.22791664238890874,49.8704166530288973,70.0511016845703125
6.23624997568890826,49.8704166530288973,94.9381332397460938
6.24458330898890868,49.8704166530288973,46.5646553039550781
6.25291664228890909,49.8704166530288973,51.7769088745117188
6.26124997558890861,49.8704166530288973,263.32476806640625
6.26958330888890902,49.8704166530288973,242.320663452148438
6.27791664218890855,49.8704166530288973,53.1961402893066406
6.28624997548890896,49.8704166530288973,64.683746337890625
6.29458330878890848,49.8704166530288973,59.1502609252929688
6.30291664208890889,49.8704166530288973,23.0217170715332031
5.76124997758890878,49.862083319728896,12.6808605194091797
5.7695833108889083,49.862083319728896,13.93621826171875
5.77791664418890871,49.862083319728896,17.9985275268554688
5.78624997748890824,49.862083319728896,23.4484939575195312
5.79458331078890865,49.862083319728896,14.9262361526489258
5.80291664408890817,49.862083319728896,12.9127960205078125
5.81124997738890858,49.862083319728896,16.3552360534667969
5.81958331068890899,49.862083319728896,28.0624179840087891
5.82791664398890852,49.862083319728896,41.3678092956542969
5.83624997728890893,49.862083319728896,70.6787185668945312
5.84458331058890845,49.862083319728896,190.121170043945312
5.85291664388890887,49.862083319728896,47.2901344299316406
5.86124997718890839,49.862083319728896,15.8720865249633789
5.8695833104889088,49.862083319728896,22.3164691925048828
5.87791664378890832,49.862083319728896,69.02923583984375
5.88624997708890874,49.862083319728896,31.29766845703125
5.89458331038890826,49.862083319728896,23.6636238098144531
5.90291664368890867,49.862083319728896,28.8072261810302734
5.91124997698890819,49.862083319728896,17.4113845825195312
5.91958331028890861,49.862083319728896,18.2273387908935547
5.92791664358890902,49.862083319728896,24.0050640106201172
5.93624997688890854,49.862083319728896,27.8009147644042969
5.94458331018890895,49.862083319728896,24.9435253143310547
5.95291664348890848,49.862083319728896,27.0697097778320312
5.96124997678890889,49.862083319728896,29.0971775054931641
5.96958331008890841,49.862083319728896,18.9081764221191406
5.97791664338890882,49.862083319728896,16.5699920654296875
5.98624997668890835,49.862083319728896,16.1194000244140625
5.99458330998890876,49.862083319728896,14.8698835372924805
6.00291664328890828,49.862083319728896,15.5757055282592773
6.01124997658890869,49.862083319728896,26.4993438720703125
6.01958330988890822,49.862083319728896,21.0487232208251953
6.02791664318890863,49.862083319728896,26.3200550079345703
6.03624997648890904,49.862083319728896,61.1831016540527344
6.04458330978890856,49.862083319728896,70.6342239379882812
6.05291664308890898,49.862083319728896,52.6545333862304688
6.0612499763889085,49.862083319728896,30.5221786499023438
6.06958330968890891,49.862083319728896,42.9613265991210938
6.07791664298890844,49.862083319728896,139.416961669921875
6.08624997628890885,49.862083319728896,354.789947509765625
6.09458330958890837,49.862083319728896,228.017776489257812
6.10291664288890878,49.862083319728896,48.5268974304199219
6.11124997618890831,49.862083319728896,224.973724365234375
6.11958330948890872,49.862083319728896,117.754188537597656
6.12791664278890824,49.862083319728896,41.7623977661132812
6.13624997608890865,49.862083319728896,144.5927734375
6.14458330938890818,49.862083319728896,457.45294189453125
6.15291664268890859,49.862083319728896,759.730712890625
6.161249975988909,49.862083319728896,771.272705078125
6.16958330928890852,49.862083319728896,477.574249267578125
6.17791664258890894,49.862083319728896,351.34326171875
6.18624997588890846,49.862083319728896,133.959503173828125
6.19458330918890887,49.862083319728896,42.6683883666992188
6.20291664248890839,49.862083319728896,29.8869438171386719
6.21124997578890881,49.862083319728896,35.8110237121582031
6.21958330908890833,49.862083319728896,35.438079833984375
6.22791664238890874,49.862083319728896,48.3961601257324219
6.23624997568890826,49.862083319728896,46.507293701171875
6.24458330898890868,49.862083319728896,50.6420516967773438
6.25291664228890909,49.862083319728896,44.3358688354492188
6.26124997558890861,49.862083319728896,112.85394287109375
6.26958330888890902,49.862083319728896,116.098625183105469
6.27791664218890855,49.862083319728896,56.5680656433105469
6.28624997548890896,49.862083319728896,55.9930610656738281
6.29458330878890848,49.862083319728896,42.503326416015625
6.30291664208890889,49.862083319728896,26.1491565704345703
5.75291664428890837,49.8537499864288947,16.6577510833740234
5.76124997758890878,49.8537499864288947,12.1373262405395508
5.7695833108889083,49.8537499864288947,11.7914628982543945
5.77791664418890871,49.8537499864288947,17.0590095520019531
5.78624997748890824,49.8537499864288947,72.178131103515625
5.79458331078890865,49.8537499864288947,100.504592895507812
5.80291664408890817,49.8537499864288947,20.6218051910400391
5.81124997738890858,49.8537499864288947,15.8819980621337891
5.81958331068890899,49.8537499864288947,47.5154800415039062
5.82791664398890852,49.8537499864288947,50.6233444213867188
5.83624997728890893,49.8537499864288947,28.6292514801025391
5.84458331058890845,49.8537499864288947,48.3948593139648438
5.85291664388890887,49.8537499864288947,26.4097461700439453
5.86124997718890839,49.8537499864288947,17.1558895111083984
5.8695833104889088,49.8537499864288947,21.7206478118896484
5.87791664378890832,49.8537499864288947,79.3292007446289062
5.88624997708890874,49.8537499864288947,62.9990310668945312
5.89458331038890826,49.8537499864288947,21.7013168334960938
5.90291664368890867,49.8537499864288947,30.3277816772460938
5.91124997698890819,49.8537499864288947,46.6543617248535156
5.91958331028890861,49.8537499864288947,36.6315155029296875
5.92791664358890902,49.8537499864288947,15.1785125732421875
5.93624997688890854,49.8537499864288947,15.7012853622436523
5.94458331018890895,49.8537499864288947,24.2983531951904297
5.95291664348890848,49.8537499864288947,19.5999050140380859
5.96124997678890889,49.8537499864288947,28.7151889801025391
5.96958331008890841,49.8537499864288947,17.90887451171875
5.97791664338890882,49.8537499864288947,16.1629772186279297
5.98624997668890835,49.8537499864288947,19.6745109558105469
5.99458330998890876,49.8537499864288947,23.4934234619140625
6.00291664328890828,49.8537499864288947,20.6510372161865234
6.01124997658890869,49.8537499864288947,20.7373523712158203
6.01958330988890822,49.8537499864288947,21.0378017425537109
6.02791664318890863,49.8537499864288947,47.1306610107421875
6.03624997648890904,49.8537499864288947,193.835723876953125
6.04458330978890856,49.8537499864288947,426.39678955078125
6.05291664308890898,49.8537499864288947,190.569854736328125
6.0612499763889085,49.8537499864288947,64.0571060180664062
6.06958330968890891,49.8537499864288947,88.438629150390625
6.07791664298890844,49.8537499864288947,178.15643310546875
6.08624997628890885,49.8537499864288947,444.494903564453125
6.09458330958890837,49.8537499864288947,1064.6434326171875
6.10291664288890878,49.8537499864288947,470.11688232421875
6.11124997618890831,49.8537499864288947,361.90447998046875
6.11958330948890872,49.8537499864288947,233.631240844726562
6.12791664278890824,49.8537499864288947,249.69573974609375
6.13624997608890865,49.8537499864288947,267.913299560546875
6.14458330938890818,49.8537499864288947,91.6472854614257812
6.15291664268890859,49.8537499864288947,38.2036476135253906
6.161249975988909,49.8537499864288947,74.646728515625
6.16958330928890852,49.8537499864288947,40.0013084411621094
6.17791664258890894,49.8537499864288947,44.5410308837890625
6.18624997588890846,49.8537499864288947,56.0696296691894531
6.19458330918890887,49.8537499864288947,27.2434444427490234
6.20291664248890839,49.8537499864288947,26.4976863861083984
6.21124997578890881,49.8537499864288947,23.5532512664794922
6.21958330908890833,49.8537499864288947,30.5375900268554688
6.22791664238890874,49.8537499864288947,27.1215534210205078
6.23624997568890826,49.8537499864288947,43.8148345947265625
6.24458330898890868,49.8537499864288947,39.8297042846679688
6.25291664228890909,49.8537499864288947,24.3069820404052734
6.26124997558890861,49.8537499864288947,26.7059154510498047
6.26958330888890902,49.8537499864288947,42.5700721740722656
6.27791664218890855,49.8537499864288947,40.9172821044921875
6.28624997548890896,49.8537499864288947,44.9970550537109375
6.29458330878890848,49.8537499864288947,43.4089126586914062
6.30291664208890889,49.8537499864288947,28.3112545013427734
6.31124997538890842,49.8537499864288947,37.4419441223144531
6.34458330858890829,49.8537499864288947,171.221954345703125
6.3529166418889087,49.8537499864288947,345.84136962890625
6.36124997518890822,49.8537499864288947,383.864288330078125
6.36958330848890864,49.8537499864288947,160.23406982421875
5.75291664428890837,49.8454166531288934,34.6711997985839844
5.76124997758890878,49.8454166531288934,14.6574802398681641
5.7695833108889083,49.8454166531288934,14.3900871276855469
5.77791664418890871,49.8454166531288934,18.8110065460205078
5.78624997748890824,49.8454166531288934,72.801910400390625
5.79458331078890865,49.8454166531288934,90.4763031005859375
5.80291664408890817,49.8454166531288934,21.9111003875732422
5.81124997738890858,49.8454166531288934,37.3474197387695312
5.81958331068890899,49.8454166531288934,31.4029979705810547
5.82791664398890852,49.8454166531288934,19.89813232421875
5.83624997728890893,49.8454166531288934,54.0905685424804688
5.84458331058890845,49.8454166531288934,32.831787109375
5.85291664388890887,49.8454166531288934,16.3969593048095703
5.86124997718890839,49.8454166531288934,14.4230165481567383
5.8695833104889088,49.8454166531288934,14.8741683959960938
5.87791664378890832,49.8454166531288934,29.12005615234375
5.88624997708890874,49.8454166531288934,24.1438808441162109
5.89458331038890826,49.8454166531288934,23.7056427001953125
5.90291664368890867,49.8454166531288934,33.9262809753417969
5.91124997698890819,49.8454166531288934,38.6162300109863281
5.91958331028890861,49.8454166531288934,20.6988735198974609
5.92791664358890902,49.8454166531288934,16.7187824249267578
5.93624997688890854,49.8454166531288934,15.534815788269043
5.94458331018890895,49.8454166531288934,16.2057647705078125
5.95291664348890848,49.8454166531288934,17.0311412811279297
5.96124997678890889,49.8454166531288934,15.8527774810791016
5.96958331008890841,49.8454166531288934,17.4671440124511719
5.97791664338890882,49.8454166531288934,22.1844654083251953
5.98624997668890835,49.8454166531288934,25.4801349639892578
5.99458330998890876,49.8454166531288934,27.5791282653808594
6.00291664328890828,49.8454166531288934,28.9209709167480469
6.01124997658890869,49.8454166531288934,39.8837051391601562
6.01958330988890822,49.8454166531288934,35.2013168334960938
6.02791664318890863,49.8454166531288934,70.9228439331054688
6.03624997648890904,49.8454166531288934,88.3472137451171875
6.04458330978890856,49.8454166531288934,86.2937393188476562
6.05291664308890898,49.8454166531288934,44.5010147094726562
6.0612499763889085,49.8454166531288934,61.7793769836425781
6.06958330968890891,49.8454166531288934,88.96270751953125
6.07791664298890844,49.8454166531288934,168.848526000976562
6.08624997628890885,49.8454166531288934,644.647216796875
6.09458330958890837,49.8454166531288934,1480.92919921875
6.10291664288890878,49.8454166531288934,1344.252685546875
6.11124997618890831,49.8454166531288934,528.524169921875
6.11958330948890872,49.8454166531288934,145.533248901367188
6.12791664278890824,49.8454166531288934,90.332427978515625
6.13624997608890865,49.8454166531288934,54.0250434875488281
6.14458330938890818,49.8454166531288934,22.4002323150634766
6.15291664268890859,49.8454166531288934,15.490635871887207
6.161249975988909,49.8454166531288934,22.9318161010742188
6.16958330928890852,49.8454166531288934,22.0905494689941406
6.17791664258890894,49.8454166531288934,26.7620296478271484
6.18624997588890846,49.8454166531288934,28.1101894378662109
6.19458330918890887,49.8454166531288934,26.2090435028076172
6.20291664248890839,49.8454166531288934,25.9859790802001953
6.21124997578890881,49.8454166531288934,16.8600120544433594
6.21958330908890833,49.8454166531288934,19.5169773101806641
6.22791664238890874,49.8454166531288934,30.2100353240966797
6.23624997568890826,49.8454166531288934,23.3046092987060547
6.24458330898890868,49.8454166531288934,46.6808242797851562
6.25291664228890909,49.8454166531288934,36.5844459533691406
6.26124997558890861,49.8454166531288934,20.4312210083007812
6.26958330888890902,49.8454166531288934,45.7370529174804688
6.27791664218890855,49.8454166531288934,145.8172607421875
6.28624997548890896,49.8454166531288934,261.33270263671875
6.29458330878890848,49.8454166531288934,119.273612976074219
6.30291664208890889,49.8454166531288934,50.7596778869628906
6.31124997538890842,49.8454166531288934,58.6716842651367188
6.33624997528890876,49.8454166531288934,52.7760505676269531
6.34458330858890829,49.8454166531288934,67.3431549072265625
6.3529166418889087,49.8454166531288934,71.0031967163085938
6.36124997518890822,49.8454166531288934,81.2934112548828125
6.36958330848890864,49.8454166531288934,79.6147918701171875
6.37791664178890905,49.8454166531288934,46.5838241577148438
5.75291664428890837,49.8370833198288992,27.3163871765136719
5.76124997758890878,49.8370833198288992,14.0740108489990234
5.7695833108889083,49.8370833198288992,13.8411960601806641
5.77791664418890871,49.8370833198288992,24.8094615936279297
5.78624997748890824,49.8370833198288992,36.8793106079101562
5.79458331078890865,49.8370833198288992,21.2752838134765625
5.80291664408890817,49.8370833198288992,18.6909084320068359
5.81124997738890858,49.8370833198288992,68.195098876953125
5.81958331068890899,49.8370833198288992,63.491180419921875
5.82791664398890852,49.8370833198288992,31.1369113922119141
5.83624997728890893,49.8370833198288992,113.972946166992188
5.84458331058890845,49.8370833198288992,70.6077117919921875
5.85291664388890887,49.8370833198288992,37.8416671752929688
5.86124997718890839,49.8370833198288992,24.0965137481689453
5.8695833104889088,49.8370833198288992,16.8213024139404297
5.87791664378890832,49.8370833198288992,18.0721683502197266
5.88624997708890874,49.8370833198288992,19.8656024932861328
5.89458331038890826,49.8370833198288992,21.2960872650146484
5.90291664368890867,49.8370833198288992,65.0384750366210938
5.91124997698890819,49.8370833198288992,44.7035560607910156
5.91958331028890861,49.8370833198288992,17.0823783874511719
5.92791664358890902,49.8370833198288992,16.2904644012451172
5.93624997688890854,49.8370833198288992,16.7597942352294922
5.94458331018890895,49.8370833198288992,17.8097438812255859
5.95291664348890848,49.8370833198288992,20.4951591491699219
5.96124997678890889,49.8370833198288992,35.2357597351074219
5.96958331008890841,49.8370833198288992,31.2378139495849609
5.97791664338890882,49.8370833198288992,25.1642799377441406
5.98624997668890835,49.8370833198288992,29.5283603668212891
5.99458330998890876,49.8370833198288992,62.2635726928710938
6.00291664328890828,49.8370833198288992,244.98541259765625
6.01124997658890869,49.8370833198288992,284.549072265625
6.01958330988890822,49.8370833198288992,108.56982421875
6.02791664318890863,49.8370833198288992,35.198577880859375
6.03624997648890904,49.8370833198288992,27.302703857421875
6.04458330978890856,49.8370833198288992,29.47747802734375
6.05291664308890898,49.8370833198288992,36.4969100952148438
6.0612499763889085,49.8370833198288992,41.4550895690917969
6.06958330968890891,49.8370833198288992,47.7573051452636719
6.07791664298890844,49.8370833198288992,85.9547500610351562
6.08624997628890885,49.8370833198288992,165.818771362304688
6.09458330958890837,49.8370833198288992,770.75384521484375
6.10291664288890878,49.8370833198288992,264.3785400390625
6.11124997618890831,49.8370833198288992,27.5532207489013672
6.11958330948890872,49.8370833198288992,17.3441314697265625
6.12791664278890824,49.8370833198288992,16.4430027008056641
6.13624997608890865,49.8370833198288992,15.6079616546630859
6.14458330938890818,49.8370833198288992,13.7102890014648438
6.15291664268890859,49.8370833198288992,16.8722057342529297
6.161249975988909,49.8370833198288992,20.3900585174560547
6.16958330928890852,49.8370833198288992,26.1951885223388672
6.17791664258890894,49.8370833198288992,31.2640914916992188
6.18624997588890846,49.8370833198288992,26.2867660522460938
6.19458330918890887,49.8370833198288992,26.0725555419921875
6.20291664248890839,49.8370833198288992,25.2716827392578125
6.21124997578890881,49.8370833198288992,24.3811130523681641
6.21958330908890833,49.8370833198288992,36.5272178649902344
6.22791664238890874,49.8370833198288992,29.1156654357910156
6.23624997568890826,49.8370833198288992,23.3274803161621094
6.24458330898890868,49.8370833198288992,17.7136402130126953
6.25291664228890909,49.8370833198288992,17.5111351013183594
6.26124997558890861,49.8370833198288992,16.3872909545898438
6.26958330888890902,49.8370833198288992,40.0536918640136719
6.27791664218890855,49.8370833198288992,97.51947021484375
6.28624997548890896,49.8370833198288992,676.48297119140625
6.29458330878890848,49.8370833198288992,638.632568359375
6.30291664208890889,49.8370833198288992,126.382606506347656
6.31124997538890842,49.8370833198288992,53.4591102600097656
6.31958330868890883,49.8370833198288992,48.9120140075683594
6.32791664198890835,49.8370833198288992,82.7924575805664062
6.33624997528890876,49.8370833198288992,45.0479927062988281
6.34458330858890829,49.8370833198288992,24.5779819488525391
6.3529166418889087,49.8370833198288992,27.3538761138916016
6.36124997518890822,49.8370833198288992,32.9602737426757812
6.36958330848890864,49.8370833198288992,25.2597141265869141
6.37791664178890905,49.8370833198288992,49.2313995361328125
6.38624997508890857,49.8370833198288992,65.9195785522460938
5.75291664428890837,49.8287499865288979,67.86358642578125
5.76124997758890878,49.8287499865288979,47.3429450988769531
5.7695833108889083,49.8287499865288979,49.4578933715820312
5.77791664418890871,49.8287499865288979,38.0842437744140625
5.78624997748890824,49.8287499865288979,17.2804412841796875
5.79458331078890865,49.8287499865288979,13.9925107955932617
5.80291664408890817,49.8287499865288979,13.5061044692993164
5.81124997738890858,49.8287499865288979,14.2590265274047852
5.81958331068890899,49.8287499865288979,14.3126773834228516
5.82791664398890852,49.8287499865288979,14.1984405517578125
5.83624997728890893,49.8287499865288979,25.14959716796875
5.84458331058890845,49.8287499865288979,96.2550430297851562
5.85291664388890887,49.8287499865288979,133.367034912109375
5.86124997718890839,49.8287499865288979,39.1597938537597656
5.8695833104889088,49.8287499865288979,14.8185367584228516
5.87791664378890832,49.8287499865288979,19.9308261871337891
5.88624997708890874,49.8287499865288979,41.0761337280273438
5.89458331038890826,49.8287499865288979,26.8855018615722656
5.90291664368890867,49.8287499865288979,24.6294231414794922
5.91124997698890819,49.8287499865288979,23.2251605987548828
5.91958331028890861,49.8287499865288979,19.9492740631103516
5.92791664358890902,49.8287499865288979,31.4703826904296875
5.93624997688890854,49.8287499865288979,37.0205078125
5.94458331018890895,49.8287499865288979,17.9265651702880859
5.95291664348890848,49.8287499865288979,32.3450851440429688
5.96124997678890889,49.8287499865288979,182.85504150390625
5.96958331008890841,49.8287499865288979,170.892349243164062
5.97791664338890882,49.8287499865288979,39.8847770690917969
5.98624997668890835,49.8287499865288979,36.7109832763671875
5.99458330998890876,49.8287499865288979,187.973281860351562
6.00291664328890828,49.8287499865288979,562.61358642578125
6.01124997658890869,49.8287499865288979,239.7301025390625
6.01958330988890822,49.8287499865288979,46.3363418579101562
6.02791664318890863,49.8287499865288979,27.7999382019042969
6.03624997648890904,49.8287499865288979,33.9901580810546875
6.04458330978890856,49.8287499865288979,37.7328948974609375
6.05291664308890898,49.8287499865288979,35.9829788208007812
6.0612499763889085,49.8287499865288979,33.4290924072265625
6.06958330968890891,49.8287499865288979,33.6577301025390625
6.07791664298890844,49.8287499865288979,50.8142967224121094
6.08624997628890885,49.8287499865288979,59.5615882873535156
6.09458330958890837,49.8287499865288979,365.837432861328125
6.10291664288890878,49.8287499865288979,255.8922119140625
6.11124997618890831,49.8287499865288979,34.6426353454589844
6.11958330948890872,49.8287499865288979,17.9140987396240234
6.12791664278890824,49.8287499865288979,14.6136751174926758
6.13624997608890865,49.8287499865288979,14.483860969543457
6.14458330938890818,49.8287499865288979,13.6276874542236328
6.15291664268890859,49.8287499865288979,17.9936027526855469
6.161249975988909,49.8287499865288979,63.4630317687988281
6.16958330928890852,49.8287499865288979,122.242225646972656
6.17791664258890894,49.8287499865288979,89.8186264038085938
6.18624997588890846,49.8287499865288979,54.4090347290039062
6.19458330918890887,49.8287499865288979,18.5102214813232422
6.20291664248890839,49.8287499865288979,19.1539459228515625
6.21124997578890881,49.8287499865288979,45.2292556762695312
6.21958330908890833,49.8287499865288979,141.235824584960938
6.22791664238890874,49.8287499865288979,52.6011543273925781
6.23624997568890826,49.8287499865288979,17.6570415496826172
6.24458330898890868,49.8287499865288979,16.9855003356933594
6.25291664228890909,49.8287499865288979,15.3400783538818359
6.26124997558890861,49.8287499865288979,21.2304592132568359
6.26958330888890902,49.8287499865288979,49.2636680603027344
6.27791664218890855,49.8287499865288979,90.3501815795898438
6.28624997548890896,49.8287499865288979,195.23175048828125
6.29458330878890848,49.8287499865288979,287.695892333984375
6.30291664208890889,49.8287499865288979,122.771705627441406
6.31124997538890842,49.8287499865288979,61.8045196533203125
6.31958330868890883,49.8287499865288979,50.8593063354492188
6.32791664198890835,49.8287499865288979,86.8209762573242188
6.33624997528890876,49.8287499865288979,45.0126152038574219
6.34458330858890829,49.8287499865288979,72.9611282348632812
6.3529166418889087,49.8287499865288979,84.1615753173828125
6.36124997518890822,49.8287499865288979,49.6597061157226562
6.36958330848890864,49.8287499865288979,33.9198226928710938
6.37791664178890905,49.8287499865288979,37.6509513854980469
6.38624997508890857,49.8287499865288979,43.084197998046875
6.39458330838890898,49.8287499865288979,30.2772216796875
5.75291664428890837,49.8204166532288966,39.5039024353027344
5.76124997758890878,49.8204166532288966,33.14556884765625
5.7695833108889083,49.8204166532288966,29.8891696929931641
5.77791664418890871,49.8204166532288966,15.3191318511962891
5.78624997748890824,49.8204166532288966,14.8110628128051758
5.79458331078890865,49.8204166532288966,19.2227191925048828
5.80291664408890817,49.8204166532288966,15.5848379135131836
5.81124997738890858,49.8204166532288966,13.4288454055786133
5.81958331068890899,49.8204166532288966,13.514185905456543
5.82791664398890852,49.8204166532288966,13.3714303970336914
5.83624997728890893,49.8204166532288966,15.4090166091918945
5.84458331058890845,49.8204166532288966,21.63067626953125
5.85291664388890887,49.8204166532288966,38.8682518005371094
5.86124997718890839,49.8204166532288966,31.1140632629394531
5.8695833104889088,49.8204166532288966,30.5295543670654297
5.87791664378890832,49.8204166532288966,25.7452430725097656
5.88624997708890874,49.8204166532288966,72.5858306884765625
5.89458331038890826,49.8204166532288966,30.4014415740966797
5.90291664368890867,49.8204166532288966,28.9035682678222656
5.91124997698890819,49.8204166532288966,43.4107131958007812
5.91958331028890861,49.8204166532288966,22.7643680572509766
5.92791664358890902,49.8204166532288966,19.6459827423095703
5.93624997688890854,49.8204166532288966,27.6796646118164062
5.94458331018890895,49.8204166532288966,26.0759525299072266
5.95291664348890848,49.8204166532288966,31.0387744903564453
5.96124997678890889,49.8204166532288966,82.7418365478515625
5.96958331008890841,49.8204166532288966,99.6753387451171875
5.97791664338890882,49.8204166532288966,35.40313720703125
5.98624997668890835,49.8204166532288966,30.1972980499267578
5.99458330998890876,49.8204166532288966,40.5724716186523438
6.00291664328890828,49.8204166532288966,44.3664321899414062
6.01124997658890869,49.8204166532288966,51.8602142333984375
6.01958330988890822,49.8204166532288966,93.445465087890625
6.02791664318890863,49.8204166532288966,26.3232326507568359
6.03624997648890904,49.8204166532288966,20.3436794281005859
6.04458330978890856,49.8204166532288966,16.1462116241455078
6.05291664308890898,49.8204166532288966,14.7923603057861328
6.0612499763889085,49.8204166532288966,14.9613838195800781
6.06958330968890891,49.8204166532288966,15.6988191604614258
6.07791664298890844,49.8204166532288966,23.5403671264648438
6.08624997628890885,49.8204166532288966,66.3861618041992188
6.09458330958890837,49.8204166532288966,202.165359497070312
6.10291664288890878,49.8204166532288966,96.2542648315429688
6.11124997618890831,49.8204166532288966,24.2308444976806641
6.11958330948890872,49.8204166532288966,20.7704486846923828
6.12791664278890824,49.8204166532288966,19.9415302276611328
6.13624997608890865,49.8204166532288966,14.7387533187866211
6.14458330938890818,49.8204166532288966,15.538081169128418
6.15291664268890859,49.8204166532288966,16.2878780364990234
6.161249975988909,49.8204166532288966,18.2794113159179688
6.16958330928890852,49.8204166532288966,25.3002605438232422
6.17791664258890894,49.8204166532288966,25.5850486755371094
6.18624997588890846,49.8204166532288966,21.4546947479248047
6.19458330918890887,49.8204166532288966,26.5270004272460938
6.20291664248890839,49.8204166532288966,31.2872753143310547
6.21124997578890881,49.8204166532288966,44.6355361938476562
6.21958330908890833,49.8204166532288966,91.03985595703125
6.22791664238890874,49.8204166532288966,36.2697792053222656
6.23624997568890826,49.8204166532288966,22.3082103729248047
6.24458330898890868,49.8204166532288966,23.4223346710205078
6.25291664228890909,49.8204166532288966,21.0702152252197266
6.26124997558890861,49.8204166532288966,33.2674522399902344
6.26958330888890902,49.8204166532288966,50.246734619140625
6.27791664218890855,49.8204166532288966,137.426101684570312
6.28624997548890896,49.8204166532288966,105.241287231445312
6.29458330878890848,49.8204166532288966,36.2410469055175781
6.30291664208890889,49.8204166532288966,32.9530143737792969
6.31124997538890842,49.8204166532288966,35.5148391723632812
6.31958330868890883,49.8204166532288966,40.7076683044433594
6.32791664198890835,49.8204166532288966,49.8353157043457031
6.33624997528890876,49.8204166532288966,62.317047119140625
6.34458330858890829,49.8204166532288966,187.52569580078125
6.3529166418889087,49.8204166532288966,155.231155395507812
6.36124997518890822,49.8204166532288966,67.754638671875
6.36958330848890864,49.8204166532288966,25.7432079315185547
6.37791664178890905,49.8204166532288966,26.4708538055419922
6.38624997508890857,49.8204166532288966,25.7062606811523438
6.39458330838890898,49.8204166532288966,53.6374435424804688
6.40291664168890851,49.8204166532288966,102.215538024902344
6.41124997498890892,49.8204166532288966,248.115814208984375
6.41958330828890844,49.8204166532288966,280.3582763671875
6.42791664158890885,49.8204166532288966,147.869354248046875
6.43624997488890838,49.8204166532288966,166.62451171875
6.45291664148890831,49.8204166532288966,35.0894126892089844
6.46124997478890872,49.8204166532288966,36.7001876831054688
6.46958330808890913,49.8204166532288966,107.01666259765625
6.47791664138890866,49.8204166532288966,169.319091796875
5.76124997758890878,49.8120833199288953,146.080093383789062
5.7695833108889083,49.8120833199288953,88.0034866333007812
5.77791664418890871,49.8120833199288953,25.0829620361328125
5.78624997748890824,49.8120833199288953,49.2647552490234375
5.79458331078890865,49.8120833199288953,74.9174652099609375
5.80291664408890817,49.8120833199288953,20.4733314514160156
5.81124997738890858,49.8120833199288953,15.4373941421508789
5.81958331068890899,49.8120833199288953,15.3899774551391602
5.82791664398890852,49.8120833199288953,18.5637474060058594
5.83624997728890893,49.8120833199288953,14.2650623321533203
5.84458331058890845,49.8120833199288953,13.8654928207397461
5.85291664388890887,49.8120833199288953,23.8607158660888672
5.86124997718890839,49.8120833199288953,91.4274215698242188
5.8695833104889088,49.8120833199288953,116.372718811035156
5.87791664378890832,49.8120833199288953,51.8512802124023438
5.88624997708890874,49.8120833199288953,20.8552627563476562
5.89458331038890826,49.8120833199288953,29.5414161682128906
5.90291664368890867,49.8120833199288953,59.4872245788574219
5.91124997698890819,49.8120833199288953,60.6905899047851562
5.91958331028890861,49.8120833199288953,40.7323684692382812
5.92791664358890902,49.8120833199288953,22.8776664733886719
5.93624997688890854,49.8120833199288953,26.2732086181640625
5.94458331018890895,49.8120833199288953,26.5468425750732422
5.95291664348890848,49.8120833199288953,26.3960342407226562
5.96124997678890889,49.8120833199288953,21.0361289978027344
5.96958331008890841,49.8120833199288953,16.2267551422119141
5.97791664338890882,49.8120833199288953,17.3024253845214844
5.98624997668890835,49.8120833199288953,24.965087890625
5.99458330998890876,49.8120833199288953,35.7892112731933594
6.00291664328890828,49.8120833199288953,29.2281322479248047
6.01124997658890869,49.8120833199288953,26.9767475128173828
6.01958330988890822,49.8120833199288953,32.7471771240234375
6.02791664318890863,49.8120833199288953,22.2635307312011719
6.03624997648890904,49.8120833199288953,18.5447044372558594
6.04458330978890856,49.8120833199288953,17.5815410614013672
6.05291664308890898,49.8120833199288953,16.7592487335205078
6.0612499763889085,49.8120833199288953,15.7224531173706055
6.06958330968890891,49.8120833199288953,16.0019626617431641
6.07791664298890844,49.8120833199288953,20.0415763854980469
6.08624997628890885,49.8120833199288953,89.0687942504882812
6.09458330958890837,49.8120833199288953,361.29541015625
6.10291664288890878,49.8120833199288953,243.096755981445312
6.11124997618890831,49.8120833199288953,66.105621337890625
6.11958330948890872,49.8120833199288953,25.0163784027099609
6.12791664278890824,49.8120833199288953,17.6650600433349609
6.13624997608890865,49.8120833199288953,22.99432373046875
6.14458330938890818,49.8120833199288953,25.3533515930175781
6.15291664268890859,49.8120833199288953,37.80841064453125
6.161249975988909,49.8120833199288953,21.4552230834960938
6.16958330928890852,49.8120833199288953,18.5662288665771484
6.17791664258890894,49.8120833199288953,15.2569217681884766
6.18624997588890846,49.8120833199288953,14.775120735168457
6.19458330918890887,49.8120833199288953,23.7966346740722656
6.20291664248890839,49.8120833199288953,49.8671607971191406
6.21124997578890881,49.8120833199288953,270.326416015625
6.21958330908890833,49.8120833199288953,298.854888916015625
6.22791664238890874,49.8120833199288953,57.6966133117675781
6.23624997568890826,49.8120833199288953,30.0738010406494141
6.24458330898890868,49.8120833199288953,24.714263916015625
6.25291664228890909,49.8120833199288953,42.7338027954101562
6.26124997558890861,49.8120833199288953,24.9859123229980469
6.26958330888890902,49.8120833199288953,27.0024852752685547
6.27791664218890855,49.8120833199288953,25.9472007751464844
6.28624997548890896,49.8120833199288953,28.4803867340087891
6.29458330878890848,49.8120833199288953,17.7094783782958984
6.30291664208890889,49.8120833199288953,18.7736988067626953
6.31124997538890842,49.8120833199288953,20.0597572326660156
6.31958330868890883,49.8120833199288953,21.7616291046142578
6.32791664198890835,49.8120833199288953,23.5383758544921875
6.33624997528890876,49.8120833199288953,31.3927192687988281
6.34458330858890829,49.8120833199288953,63.8588333129882812
6.3529166418889087,49.8120833199288953,36.2554130554199219
6.36124997518890822,49.8120833199288953,24.584991455078125
6.36958330848890864,49.8120833199288953,23.5898551940917969
6.37791664178890905,49.8120833199288953,22.375701904296875
6.38624997508890857,49.8120833199288953,27.0968284606933594
6.39458330838890898,49.8120833199288953,39.6973762512207031
6.40291664168890851,49.8120833199288953,102.930885314941406
6.41124997498890892,49.8120833199288953,579.40948486328125
6.41958330828890844,49.8120833199288953,951.031982421875
6.42791664158890885,49.8120833199288953,801.52569580078125
6.43624997488890838,49.8120833199288953,459.114654541015625
6.44458330818890879,49.8120833199288953,188.46209716796875
6.45291664148890831,49.8120833199288953,53.6462211608886719
6.46124997478890872,49.8120833199288953,24.4446029663085938
6.46958330808890913,49.8120833199288953,31.4099521636962891
6.47791664138890866,49.8120833199288953,63.4018325805664062
6.48624997468890818,49.8120833199288953,120.337532043457031
6.49458330798890859,49.8120833199288953,147.849578857421875
6.50291664128890901,49.8120833199288953,187.786239624023438
6.51958330788890894,49.8120833199288953,67.6662826538085938
5.76124997758890878,49.803749986628894,39.5593681335449219
5.7695833108889083,49.803749986628894,59.1248054504394531
5.77791664418890871,49.803749986628894,25.2020359039306641
5.78624997748890824,49.803749986628894,85.6516036987304688
5.79458331078890865,49.803749986628894,86.43060302734375
5.80291664408890817,49.803749986628894,23.6083393096923828
5.81124997738890858,49.803749986628894,17.2200069427490234
5.81958331068890899,49.803749986628894,25.0281276702880859
5.82791664398890852,49.803749986628894,20.1157054901123047
5.83624997728890893,49.803749986628894,18.0383548736572266
5.84458331058890845,49.803749986628894,15.6936988830566406
5.85291664388890887,49.803749986628894,21.08648681640625
5.86124997718890839,49.803749986628894,38.02545166015625
5.8695833104889088,49.803749986628894,50.8438186645507812
5.87791664378890832,49.803749986628894,24.2521152496337891
5.88624997708890874,49.803749986628894,17.0011940002441406
5.89458331038890826,49.803749986628894,20.1885452270507812
5.90291664368890867,49.803749986628894,23.3835906982421875
5.91124997698890819,49.803749986628894,22.105712890625
5.91958331028890861,49.803749986628894,25.0778350830078125
5.92791664358890902,49.803749986628894,54.4675407409667969
5.93624997688890854,49.803749986628894,171.400177001953125
5.94458331018890895,49.803749986628894,53.748992919921875
5.95291664348890848,49.803749986628894,30.8317203521728516
5.96124997678890889,49.803749986628894,19.2882461547851562
5.96958331008890841,49.803749986628894,18.9521217346191406
5.97791664338890882,49.803749986628894,18.5572948455810547
5.98624997668890835,49.803749986628894,59.8545570373535156
5.99458330998890876,49.803749986628894,294.60076904296875
6.00291664328890828,49.803749986628894,219.218673706054688
6.01124997658890869,49.803749986628894,48.4816703796386719
6.01958330988890822,49.803749986628894,19.0027103424072266
6.02791664318890863,49.803749986628894,19.0110855102539062
6.03624997648890904,49.803749986628894,17.3120555877685547
6.04458330978890856,49.803749986628894,18.1709861755371094
6.05291664308890898,49.803749986628894,18.44122314453125
6.0612499763889085,49.803749986628894,18.04681396484375
6.06958330968890891,49.803749986628894,19.1315174102783203
6.07791664298890844,49.803749986628894,28.2394962310791016
6.08624997628890885,49.803749986628894,151.35528564453125
6.09458330958890837,49.803749986628894,428.5787353515625
6.10291664288890878,49.803749986628894,384.941925048828125
6.11124997618890831,49.803749986628894,162.1685791015625
6.11958330948890872,49.803749986628894,44.830535888671875
6.12791664278890824,49.803749986628894,64.5027999877929688
6.13624997608890865,49.803749986628894,55.84515380859375
6.14458330938890818,49.803749986628894,23.9871749877929688
6.15291664268890859,49.803749986628894,50.9083290100097656
6.161249975988909,49.803749986628894,46.5946197509765625
6.16958330928890852,49.803749986628894,34.6594467163085938
6.17791664258890894,49.803749986628894,24.3214797973632812
6.18624997588890846,49.803749986628894,18.2188377380371094
6.19458330918890887,49.803749986628894,25.4495048522949219
6.20291664248890839,49.803749986628894,42.949005126953125
6.21124997578890881,49.803749986628894,172.829421997070312
6.21958330908890833,49.803749986628894,120.273086547851562
6.22791664238890874,49.803749986628894,36.5941619873046875
6.23624997568890826,49.803749986628894,34.1484794616699219
6.24458330898890868,49.803749986628894,33.8745765686035156
6.25291664228890909,49.803749986628894,34.3258209228515625
6.26124997558890861,49.803749986628894,26.7595443725585938
6.26958330888890902,49.803749986628894,22.0404109954833984
6.27791664218890855,49.803749986628894,41.5006103515625
6.28624997548890896,49.803749986628894,49.7770614624023438
6.29458330878890848,49.803749986628894,29.8176536560058594
6.30291664208890889,49.803749986628894,20.6321392059326172
6.31124997538890842,49.803749986628894,20.93426513671875
6.31958330868890883,49.803749986628894,22.6316452026367188
6.32791664198890835,49.803749986628894,21.9375953674316406
6.33624997528890876,49.803749986628894,22.0856742858886719
6.34458330858890829,49.803749986628894,24.0050773620605469
6.3529166418889087,49.803749986628894,33.9997482299804688
6.36124997518890822,49.803749986628894,35.3182640075683594
6.36958330848890864,49.803749986628894,30.5829734802246094
6.37791664178890905,49.803749986628894,24.23907470703125
6.38624997508890857,49.803749986628894,37.7776298522949219
6.39458330838890898,49.803749986628894,83.17779541015625
6.40291664168890851,49.803749986628894,193.920013427734375
6.41124997498890892,49.803749986628894,303.8436279296875
6.41958330828890844,49.803749986628894,194.086761474609375
6.42791664158890885,49.803749986628894,270.83831787109375
6.43624997488890838,49.803749986628894,335.608062744140625
6.44458330818890879,49.803749986628894,453.7742919921875
6.45291664148890831,49.803749986628894,130.225418090820312
6.46124997478890872,49.803749986628894,31.1863861083984375
6.46958330808890913,49.803749986628894,18.8843173980712891
6.47791664138890866,49.803749986628894,18.9666366577148438
6.48624997468890818,49.803749986628894,20.9329738616943359
6.49458330798890859,49.803749986628894,79.30712890625
6.50291664128890901,49.803749986628894,316.913787841796875
6.51124997458890853,49.803749986628894,241.173843383789062
5.79458331078890865,49.7954166533288998,15.49493408203125
5.80291664408890817,49.7954166533288998,18.5802021026611328
5.81124997738890858,49.7954166533288998,29.9387683868408203
5.81958331068890899,49.7954166533288998,135.341995239257812
5.82791664398890852,49.7954166533288998,39.9797935485839844
5.83624997728890893,49.7954166533288998,30.7159900665283203
5.84458331058890845,49.7954166533288998,28.7699985504150391
5.85291664388890887,49.7954166533288998,28.101959228515625
5.86124997718890839,49.7954166533288998,34.7243728637695312
5.8695833104889088,49.7954166533288998,21.3374347686767578
5.87791664378890832,49.7954166533288998,21.4882736206054688
5.88624997708890874,49.7954166533288998,17.2295455932617188
5.89458331038890826,49.7954166533288998,17.9766998291015625
5.90291664368890867,49.7954166533288998,19.7506675720214844
5.91124997698890819,49.7954166533288998,22.5935478210449219
5.91958331028890861,49.7954166533288998,23.2240867614746094
5.92791664358890902,49.7954166533288998,56.1885490417480469
5.93624997688890854,49.7954166533288998,330.788421630859375
5.94458331018890895,49.7954166533288998,131.654891967773438
5.95291664348890848,49.7954166533288998,72.3870162963867188
5.96124997678890889,49.7954166533288998,25.5576915740966797
5.96958331008890841,49.7954166533288998,37.1086540222167969
5.97791664338890882,49.7954166533288998,39.430999755859375
5.98624997668890835,49.7954166533288998,29.0965824127197266
5.99458330998890876,49.7954166533288998,55.290679931640625
6.00291664328890828,49.7954166533288998,57.2404212951660156
6.01124997658890869,49.7954166533288998,35.0454864501953125
6.01958330988890822,49.7954166533288998,18.7029914855957031
6.02791664318890863,49.7954166533288998,18.4630393981933594
6.03624997648890904,49.7954166533288998,19.4878005981445312
6.04458330978890856,49.7954166533288998,23.3432331085205078
6.05291664308890898,49.7954166533288998,34.60675048828125
6.0612499763889085,49.7954166533288998,86.4423904418945312
6.06958330968890891,49.7954166533288998,131.022979736328125
6.07791664298890844,49.7954166533288998,89.1367721557617188
6.08624997628890885,49.7954166533288998,127.218452453613281
6.09458330958890837,49.7954166533288998,349.98895263671875
6.10291664288890878,49.7954166533288998,336.421234130859375
6.11124997618890831,49.7954166533288998,138.255035400390625
6.11958330948890872,49.7954166533288998,67.3973236083984375
6.12791664278890824,49.7954166533288998,89.0622024536132812
6.13624997608890865,49.7954166533288998,63.5703506469726562
6.14458330938890818,49.7954166533288998,27.8560390472412109
6.15291664268890859,49.7954166533288998,32.8495254516601562
6.161249975988909,49.7954166533288998,41.906585693359375
6.16958330928890852,49.7954166533288998,98.9009780883789062
6.17791664258890894,49.7954166533288998,86.7093963623046875
6.18624997588890846,49.7954166533288998,22.5412960052490234
6.19458330918890887,49.7954166533288998,31.8873653411865234
6.20291664248890839,49.7954166533288998,34.5896377563476562
6.21124997578890881,49.7954166533288998,44.0631790161132812
6.21958330908890833,49.7954166533288998,91.3227615356445312
6.22791664238890874,49.7954166533288998,43.4660758972167969
6.23624997568890826,49.7954166533288998,34.6687698364257812
6.24458330898890868,49.7954166533288998,28.2325420379638672
6.25291664228890909,49.7954166533288998,22.7645416259765625
6.26124997558890861,49.7954166533288998,27.6198463439941406
6.26958330888890902,49.7954166533288998,67.1917572021484375
6.27791664218890855,49.7954166533288998,121.731094360351562
6.28624997548890896,49.7954166533288998,164.215408325195312
6.29458330878890848,49.7954166533288998,52.303314208984375
6.30291664208890889,49.7954166533288998,33.6400909423828125
6.31124997538890842,49.7954166533288998,30.0472908020019531
6.31958330868890883,49.7954166533288998,21.8616275787353516
6.32791664198890835,49.7954166533288998,25.0809555053710938
6.33624997528890876,49.7954166533288998,31.5914649963378906
6.34458330858890829,49.7954166533288998,24.6648426055908203
6.3529166418889087,49.7954166533288998,21.6675930023193359
6.36124997518890822,49.7954166533288998,25.2506065368652344
6.36958330848890864,49.7954166533288998,33.0875129699707031
6.37791664178890905,49.7954166533288998,30.4819908142089844
6.38624997508890857,49.7954166533288998,54.0201644897460938
6.39458330838890898,49.7954166533288998,42.9645195007324219
6.40291664168890851,49.7954166533288998,42.0382575988769531
6.41124997498890892,49.7954166533288998,39.2951545715332031
6.41958330828890844,49.7954166533288998,56.8555068969726562
6.42791664158890885,49.7954166533288998,57.0492401123046875
6.43624997488890838,49.7954166533288998,71.9717636108398438
6.44458330818890879,49.7954166533288998,58.80706787109375
6.45291664148890831,49.7954166533288998,61.126678466796875
6.46124997478890872,49.7954166533288998,36.4803543090820312
6.46958330808890913,49.7954166533288998,20.1572990417480469
6.47791664138890866,49.7954166533288998,18.4659442901611328
6.48624997468890818,49.7954166533288998,22.9970073699951172
6.49458330798890859,49.7954166533288998,23.4225654602050781
6.50291664128890901,49.7954166533288998,70.3451461791992188
5.80291664408890817,49.7870833200288985,18.255218505859375
5.81124997738890858,49.7870833200288985,24.7149581909179688
5.81958331068890899,49.7870833200288985,56.4681320190429688
5.82791664398890852,49.7870833200288985,32.9968299865722656
5.83624997728890893,49.7870833200288985,48.9103279113769531
5.84458331058890845,49.7870833200288985,42.8923149108886719
5.85291664388890887,49.7870833200288985,100.834617614746094
5.86124997718890839,49.7870833200288985,77.5006561279296875
5.8695833104889088,49.7870833200288985,23.9344329833984375
5.87791664378890832,49.7870833200288985,27.7439022064208984
5.88624997708890874,49.7870833200288985,19.2471961975097656
5.89458331038890826,49.7870833200288985,47.1243209838867188
5.90291664368890867,49.7870833200288985,91.5393142700195312
5.91124997698890819,49.7870833200288985,38.655609130859375
5.91958331028890861,49.7870833200288985,21.5000934600830078
5.92791664358890902,49.7870833200288985,41.7209014892578125
5.93624997688890854,49.7870833200288985,147.629653930664062
5.94458331018890895,49.7870833200288985,46.9079246520996094
5.95291664348890848,49.7870833200288985,28.0635776519775391
5.96124997678890889,49.7870833200288985,22.1667823791503906
5.96958331008890841,49.7870833200288985,42.55194091796875
5.97791664338890882,49.7870833200288985,36.3490829467773438
5.98624997668890835,49.7870833200288985,20.758270263671875
5.99458330998890876,49.7870833200288985,24.1710224151611328
6.00291664328890828,49.7870833200288985,26.0283145904541016
6.01124997658890869,49.7870833200288985,28.8190021514892578
6.01958330988890822,49.7870833200288985,24.9993343353271484
6.02791664318890863,49.7870833200288985,22.6170997619628906
6.03624997648890904,49.7870833200288985,25.2116527557373047
6.04458330978890856,49.7870833200288985,88.4311141967773438
6.05291664308890898,49.7870833200288985,175.666305541992188
6.0612499763889085,49.7870833200288985,337.199005126953125
6.06958330968890891,49.7870833200288985,444.51708984375
6.07791664298890844,49.7870833200288985,295.762542724609375
6.08624997628890885,49.7870833200288985,274.66644287109375
6.09458330958890837,49.7870833200288985,348.050323486328125
6.10291664288890878,49.7870833200288985,152.742050170898438
6.11124997618890831,49.7870833200288985,47.4080467224121094
6.11958330948890872,49.7870833200288985,35.4769477844238281
6.12791664278890824,49.7870833200288985,28.1115436553955078
6.13624997608890865,49.7870833200288985,29.4423732757568359
6.14458330938890818,49.7870833200288985,65.1472854614257812
6.15291664268890859,49.7870833200288985,54.9772377014160156
6.161249975988909,49.7870833200288985,26.9962615966796875
6.16958330928890852,49.7870833200288985,41.7602195739746094
6.17791664258890894,49.7870833200288985,40.3542823791503906
6.18624997588890846,49.7870833200288985,33.5992393493652344
6.19458330918890887,49.7870833200288985,34.6697578430175781
6.20291664248890839,49.7870833200288985,59.5175018310546875
6.21124997578890881,49.7870833200288985,184.575775146484375
6.21958330908890833,49.7870833200288985,535.4027099609375
6.22791664238890874,49.7870833200288985,76.4144821166992188
6.23624997568890826,49.7870833200288985,38.542633056640625
6.24458330898890868,49.7870833200288985,23.4035320281982422
6.25291664228890909,49.7870833200288985,20.2288627624511719
6.26124997558890861,49.7870833200288985,42.8460922241210938
6.26958330888890902,49.7870833200288985,128.823638916015625
6.27791664218890855,49.7870833200288985,126.666458129882812
6.28624997548890896,49.7870833200288985,36.15228271484375
6.29458330878890848,49.7870833200288985,30.84429931640625
6.30291664208890889,49.7870833200288985,40.9256820678710938
6.31124997538890842,49.7870833200288985,33.9906234741210938
6.31958330868890883,49.7870833200288985,24.2856197357177734
6.32791664198890835,49.7870833200288985,29.4494419097900391
6.33624997528890876,49.7870833200288985,80.1355819702148438
6.34458330858890829,49.7870833200288985,107.448043823242188
6.3529166418889087,49.7870833200288985,46.4898223876953125
6.36124997518890822,49.7870833200288985,40.5645370483398438
6.36958330848890864,49.7870833200288985,49.1448745727539062
6.37791664178890905,49.7870833200288985,27.2038555145263672
6.38624997508890857,49.7870833200288985,28.5183162689208984
6.39458330838890898,49.7870833200288985,28.7931003570556641
6.40291664168890851,49.7870833200288985,28.1926174163818359
6.41124997498890892,49.7870833200288985,28.7447605133056641
6.41958330828890844,49.7870833200288985,41.7047576904296875
6.42791664158890885,49.7870833200288985,56.1866493225097656
6.43624997488890838,49.7870833200288985,136.129714965820312
6.44458330818890879,49.7870833200288985,138.987136840820312
6.45291664148890831,49.7870833200288985,39.1591758728027344
6.46124997478890872,49.7870833200288985,31.5564708709716797
6.46958330808890913,49.7870833200288985,43.2568931579589844
6.47791664138890866,49.7870833200288985,30.0816383361816406
6.48624997468890818,49.7870833200288985,20.4005928039550781
6.49458330798890859,49.7870833200288985,24.8848857879638672
6.50291664128890901,49.7870833200288985,61.7756919860839844
6.51124997458890853,49.7870833200288985,206.280975341796875
5.81124997738890858,49.7787499867288972,40.7816162109375
5.81958331068890899,49.7787499867288972,19.1988925933837891
5.82791664398890852,49.7787499867288972,19.1100063323974609
5.83624997728890893,49.7787499867288972,24.6030693054199219
5.84458331058890845,49.7787499867288972,26.3101902008056641
5.85291664388890887,49.7787499867288972,36.2069854736328125
5.86124997718890839,49.7787499867288972,26.1430835723876953
5.8695833104889088,49.7787499867288972,22.6039600372314453
5.87791664378890832,49.7787499867288972,32.1018867492675781
5.88624997708890874,49.7787499867288972,23.2447509765625
5.89458331038890826,49.7787499867288972,63.8236160278320312
5.90291664368890867,49.7787499867288972,72.9201812744140625
5.91124997698890819,49.7787499867288972,51.7265434265136719
5.91958331028890861,49.7787499867288972,30.5983142852783203
5.92791664358890902,49.7787499867288972,42.5454368591308594
5.93624997688890854,49.7787499867288972,39.3665504455566406
5.94458331018890895,49.7787499867288972,42.9398536682128906
5.95291664348890848,49.7787499867288972,83.2151565551757812
5.96124997678890889,49.7787499867288972,44.3151702880859375
5.96958331008890841,49.7787499867288972,24.9919834136962891
5.97791664338890882,49.7787499867288972,42.0172576904296875
5.98624997668890835,49.7787499867288972,40.9505729675292969
5.99458330998890876,49.7787499867288972,33.2820014953613281
6.00291664328890828,49.7787499867288972,59.8724517822265625
6.01124997658890869,49.7787499867288972,179.092041015625
6.01958330988890822,49.7787499867288972,97.883148193359375
6.02791664318890863,49.7787499867288972,35.7736167907714844
6.03624997648890904,49.7787499867288972,23.8533287048339844
6.04458330978890856,49.7787499867288972,45.3107337951660156
6.05291664308890898,49.7787499867288972,65.805999755859375
6.0612499763889085,49.7787499867288972,52.4153823852539062
6.06958330968890891,49.7787499867288972,86.17962646484375
6.07791664298890844,49.7787499867288972,188.749786376953125
6.08624997628890885,49.7787499867288972,198.989456176757812
6.09458330958890837,49.7787499867288972,87.2651138305664062
6.10291664288890878,49.7787499867288972,33.54351806640625
6.11124997618890831,49.7787499867288972,43.3931846618652344
6.11958330948890872,49.7787499867288972,40.0392494201660156
6.12791664278890824,49.7787499867288972,21.8526725769042969
6.13624997608890865,49.7787499867288972,24.4715824127197266
6.14458330938890818,49.7787499867288972,38.6810188293457031
6.15291664268890859,49.7787499867288972,42.2882652282714844
6.161249975988909,49.7787499867288972,25.1523227691650391
6.16958330928890852,49.7787499867288972,31.6153163909912109
6.17791664258890894,49.7787499867288972,40.201202392578125
6.18624997588890846,49.7787499867288972,31.6335296630859375
6.19458330918890887,49.7787499867288972,29.6206207275390625
6.20291664248890839,49.7787499867288972,37.6222076416015625
6.21124997578890881,49.7787499867288972,97.0861663818359375
6.21958330908890833,49.7787499867288972,309.6240234375
6.22791664238890874,49.7787499867288972,69.1069793701171875
6.23624997568890826,49.7787499867288972,62.2977523803710938
6.24458330898890868,49.7787499867288972,37.9834480285644531
6.25291664228890909,49.7787499867288972,25.2865982055664062
6.26124997558890861,49.7787499867288972,29.5044994354248047
6.26958330888890902,49.7787499867288972,25.6239891052246094
6.27791664218890855,49.7787499867288972,24.7713584899902344
6.28624997548890896,49.7787499867288972,21.2085857391357422
6.29458330878890848,49.7787499867288972,27.0766639709472656
6.30291664208890889,49.7787499867288972,46.462646484375
6.31124997538890842,49.7787499867288972,34.0323677062988281
6.31958330868890883,49.7787499867288972,27.0507087707519531
6.32791664198890835,49.7787499867288972,65.2928085327148438
6.33624997528890876,49.7787499867288972,372.37335205078125
6.34458330858890829,49.7787499867288972,194.001876831054688
6.3529166418889087,49.7787499867288972,60.78106689453125
6.36124997518890822,49.7787499867288972,81.0868606567382812
6.36958330848890864,49.7787499867288972,36.7238845825195312
6.37791664178890905,49.7787499867288972,47.2365798950195312
6.38624997508890857,49.7787499867288972,35.0107269287109375
6.39458330838890898,49.7787499867288972,27.2464771270751953
6.40291664168890851,49.7787499867288972,29.0498580932617188
6.41124997498890892,49.7787499867288972,32.1958198547363281
6.41958330828890844,49.7787499867288972,29.0390205383300781
6.42791664158890885,49.7787499867288972,33.7738189697265625
6.43624997488890838,49.7787499867288972,57.5536155700683594
6.44458330818890879,49.7787499867288972,47.0274772644042969
6.45291664148890831,49.7787499867288972,24.0820045471191406
6.46124997478890872,49.7787499867288972,23.9850616455078125
6.46958330808890913,49.7787499867288972,31.3687953948974609
6.47791664138890866,49.7787499867288972,21.0636329650878906
6.48624997468890818,49.7787499867288972,19.0708789825439453
6.49458330798890859,49.7787499867288972,29.5383110046386719
6.50291664128890901,49.7787499867288972,29.9047698974609375
6.51124997458890853,49.7787499867288972,40.0468406677246094
5.81958331068890899,49.7704166534288959,51.6388626098632812
5.82791664398890852,49.7704166534288959,24.5575504302978516
5.83624997728890893,49.7704166534288959,22.08465576171875
5.84458331058890845,49.7704166534288959,28.5470600128173828
5.85291664388890887,49.7704166534288959,38.0006484985351562
5.86124997718890839,49.7704166534288959,37.2166023254394531
5.8695833104889088,49.7704166534288959,36.9849166870117188
5.87791664378890832,49.7704166534288959,135.613662719726562
5.88624997708890874,49.7704166534288959,167.890777587890625
5.89458331038890826,49.7704166534288959,226.382431030273438
5.90291664368890867,49.7704166534288959,95.43365478515625
5.91124997698890819,49.7704166534288959,28.6334228515625
5.91958331028890861,49.7704166534288959,37.9824638366699219
5.92791664358890902,49.7704166534288959,42.6975936889648438
5.93624997688890854,49.7704166534288959,21.3187675476074219
5.94458331018890895,49.7704166534288959,43.7198295593261719
5.95291664348890848,49.7704166534288959,97.8818283081054688
5.96124997678890889,49.7704166534288959,52.8178749084472656
5.96958331008890841,49.7704166534288959,43.7397689819335938
5.97791664338890882,49.7704166534288959,237.363998413085938
5.98624997668890835,49.7704166534288959,196.558120727539062
5.99458330998890876,49.7704166534288959,54.7604293823242188
6.00291664328890828,49.7704166534288959,51.48748779296875
6.01124997658890869,49.7704166534288959,155.387054443359375
6.01958330988890822,49.7704166534288959,253.156600952148438
6.02791664318890863,49.7704166534288959,79.068695068359375
6.03624997648890904,49.7704166534288959,25.8672370910644531
6.04458330978890856,49.7704166534288959,20.8072967529296875
6.05291664308890898,49.7704166534288959,26.0762557983398438
6.0612499763889085,49.7704166534288959,22.1512279510498047
6.06958330968890891,49.7704166534288959,35.5583953857421875
6.07791664298890844,49.7704166534288959,56.0994224548339844
6.08624997628890885,49.7704166534288959,102.324378967285156
6.09458330958890837,49.7704166534288959,49.248992919921875
6.10291664288890878,49.7704166534288959,94.24285888671875
6.11124997618890831,49.7704166534288959,181.026214599609375
6.11958330948890872,49.7704166534288959,116.383720397949219
6.12791664278890824,49.7704166534288959,31.4632091522216797
6.13624997608890865,49.7704166534288959,21.4084644317626953
6.14458330938890818,49.7704166534288959,21.0766410827636719
6.15291664268890859,49.7704166534288959,46.4267692565917969
6.161249975988909,49.7704166534288959,72.5676727294921875
6.16958330928890852,49.7704166534288959,35.2295455932617188
6.17791664258890894,49.7704166534288959,32.9341354370117188
6.18624997588890846,49.7704166534288959,32.5713386535644531
6.19458330918890887,49.7704166534288959,29.8704986572265625
6.20291664248890839,49.7704166534288959,38.5701026916503906
6.21124997578890881,49.7704166534288959,128.627914428710938
6.21958330908890833,49.7704166534288959,139.030654907226562
6.22791664238890874,49.7704166534288959,82.9470596313476562
6.23624997568890826,49.7704166534288959,302.809112548828125
6.24458330898890868,49.7704166534288959,298.02569580078125
6.25291664228890909,49.7704166534288959,46.9590530395507812
6.26124997558890861,49.7704166534288959,25.7275218963623047
6.26958330888890902,49.7704166534288959,20.5549163818359375
6.27791664218890855,49.7704166534288959,19.0953636169433594
6.28624997548890896,49.7704166534288959,22.3822021484375
6.29458330878890848,49.7704166534288959,27.2156867980957031
6.30291664208890889,49.7704166534288959,44.6894264221191406
6.31124997538890842,49.7704166534288959,22.4256381988525391
6.31958330868890883,49.7704166534288959,22.7729854583740234
6.32791664198890835,49.7704166534288959,31.0614280700683594
6.33624997528890876,49.7704166534288959,103.530563354492188
6.34458330858890829,49.7704166534288959,78.4986724853515625
6.3529166418889087,49.7704166534288959,35.9322128295898438
6.36124997518890822,49.7704166534288959,26.2841892242431641
6.36958330848890864,49.7704166534288959,32.9864959716796875
6.37791664178890905,49.7704166534288959,31.2460250854492188
6.38624997508890857,49.7704166534288959,32.9180564880371094
6.39458330838890898,49.7704166534288959,25.4698562622070312
6.40291664168890851,49.7704166534288959,20.3860816955566406
6.41124997498890892,49.7704166534288959,18.8180065155029297
6.41958330828890844,49.7704166534288959,22.4251804351806641
6.42791664158890885,49.7704166534288959,20.4644737243652344
6.43624997488890838,49.7704166534288959,23.1058597564697266
6.44458330818890879,49.7704166534288959,21.3613758087158203
6.45291664148890831,49.7704166534288959,28.9725265502929688
6.46124997478890872,49.7704166534288959,18.9128036499023438
6.46958330808890913,49.7704166534288959,18.0058650970458984
6.47791664138890866,49.7704166534288959,19.8063755035400391
6.48624997468890818,49.7704166534288959,16.7237014770507812
6.49458330798890859,49.7704166534288959,23.7298927307128906
6.50291664128890901,49.7704166534288959,28.6939239501953125
6.51124997458890853,49.7704166534288959,29.3242435455322266
5.81958331068890899,49.7620833201288946,48.1170120239257812
5.82791664398890852,49.7620833201288946,38.9496040344238281
5.83624997728890893,49.7620833201288946,26.2510337829589844
5.84458331058890845,49.7620833201288946,68.8697967529296875
5.85291664388890887,49.7620833201288946,176.536483764648438
5.86124997718890839,49.7620833201288946,134.540420532226562
5.8695833104889088,49.7620833201288946,39.8608779907226562
5.87791664378890832,49.7620833201288946,123.971031188964844
5.88624997708890874,49.7620833201288946,252.575592041015625
5.89458331038890826,49.7620833201288946,231.76043701171875
5.90291664368890867,49.7620833201288946,76.41180419921875
5.91124997698890819,49.7620833201288946,42.1158943176269531
5.91958331028890861,49.7620833201288946,27.6208171844482422
5.92791664358890902,49.7620833201288946,23.0893821716308594
5.93624997688890854,49.7620833201288946,25.6879196166992188
5.94458331018890895,49.7620833201288946,30.63873291015625
5.95291664348890848,49.7620833201288946,35.7477035522460938
5.96124997678890889,49.7620833201288946,29.0376338958740234
5.96958331008890841,49.7620833201288946,42.3087501525878906
5.97791664338890882,49.7620833201288946,83.2316513061523438
5.98624997668890835,49.7620833201288946,58.8338088989257812
5.99458330998890876,49.7620833201288946,38.0078468322753906
6.00291664328890828,49.7620833201288946,49.7860374450683594
6.01124997658890869,49.7620833201288946,38.5964698791503906
6.01958330988890822,49.7620833201288946,50.4227104187011719
6.02791664318890863,49.7620833201288946,79.8752059936523438
6.03624997648890904,49.7620833201288946,74.1539764404296875
6.04458330978890856,49.7620833201288946,35.2467575073242188
6.05291664308890898,49.7620833201288946,28.4740734100341797
6.0612499763889085,49.7620833201288946,30.3384246826171875
6.06958330968890891,49.7620833201288946,33.1502494812011719
6.07791664298890844,49.7620833201288946,43.8095703125
6.08624997628890885,49.7620833201288946,118.197807312011719
6.09458330958890837,49.7620833201288946,259.604400634765625
6.10291664288890878,49.7620833201288946,202.46685791015625
6.11124997618890831,49.7620833201288946,304.028472900390625
6.11958330948890872,49.7620833201288946,170.373886108398438
6.12791664278890824,49.7620833201288946,38.8699264526367188
6.13624997608890865,49.7620833201288946,22.1615943908691406
6.14458330938890818,49.7620833201288946,23.2636489868164062
6.15291664268890859,49.7620833201288946,104.344078063964844
6.161249975988909,49.7620833201288946,201.262924194335938
6.16958330928890852,49.7620833201288946,55.6843185424804688
6.17791664258890894,49.7620833201288946,35.4312286376953125
6.18624997588890846,49.7620833201288946,23.5546417236328125
6.19458330918890887,49.7620833201288946,25.5051479339599609
6.20291664248890839,49.7620833201288946,31.2177219390869141
6.21124997578890881,49.7620833201288946,51.1980056762695312
6.21958330908890833,49.7620833201288946,55.3086662292480469
6.22791664238890874,49.7620833201288946,40.0116157531738281
6.23624997568890826,49.7620833201288946,111.525062561035156
6.24458330898890868,49.7620833201288946,111.272392272949219
6.25291664228890909,49.7620833201288946,30.5075473785400391
6.26124997558890861,49.7620833201288946,24.1681289672851562
6.26958330888890902,49.7620833201288946,28.0610160827636719
6.27791664218890855,49.7620833201288946,27.9013595581054688
6.28624997548890896,49.7620833201288946,27.3535881042480469
6.29458330878890848,49.7620833201288946,24.3343296051025391
6.30291664208890889,49.7620833201288946,26.8224143981933594
6.31124997538890842,49.7620833201288946,21.7500190734863281
6.31958330868890883,49.7620833201288946,21.0449199676513672
6.32791664198890835,49.7620833201288946,29.7605361938476562
6.33624997528890876,49.7620833201288946,35.8771896362304688
6.34458330858890829,49.7620833201288946,43.5408363342285156
6.3529166418889087,49.7620833201288946,32.4995269775390625
6.36124997518890822,49.7620833201288946,25.7288837432861328
6.36958330848890864,49.7620833201288946,17.3300228118896484
6.37791664178890905,49.7620833201288946,16.6291999816894531
6.38624997508890857,49.7620833201288946,22.6111507415771484
6.39458330838890898,49.7620833201288946,17.4722900390625
6.40291664168890851,49.7620833201288946,18.6260604858398438
6.41124997498890892,49.7620833201288946,19.3781795501708984
6.41958330828890844,49.7620833201288946,18.7800693511962891
6.42791664158890885,49.7620833201288946,16.2100982666015625
6.43624997488890838,49.7620833201288946,13.9391565322875977
6.44458330818890879,49.7620833201288946,15.9928407669067383
6.45291664148890831,49.7620833201288946,20.2479839324951172
6.46124997478890872,49.7620833201288946,15.0870742797851562
6.46958330808890913,49.7620833201288946,14.5633230209350586
6.47791664138890866,49.7620833201288946,21.0835647583007812
6.48624997468890818,49.7620833201288946,15.9583673477172852
6.49458330798890859,49.7620833201288946,14.4387569427490234
6.50291664128890901,49.7620833201288946,35.2873878479003906
5.82791664398890852,49.7537499868288933,33.9214935302734375
5.83624997728890893,49.7537499868288933,20.3278350830078125
5.84458331058890845,49.7537499868288933,23.6074199676513672
5.85291664388890887,49.7537499868288933,34.4076957702636719
5.86124997718890839,49.7537499868288933,35.1577911376953125
5.8695833104889088,49.7537499868288933,23.3290481567382812
5.87791664378890832,49.7537499868288933,24.7533817291259766
5.88624997708890874,49.7537499868288933,26.4370269775390625
5.89458331038890826,49.7537499868288933,33.8160438537597656
5.90291664368890867,49.7537499868288933,72.4323806762695312
5.91124997698890819,49.7537499868288933,155.558624267578125
5.91958331028890861,49.7537499868288933,47.0763816833496094
5.92791664358890902,49.7537499868288933,25.3570995330810547
5.93624997688890854,49.7537499868288933,21.0013313293457031
5.94458331018890895,49.7537499868288933,29.1692371368408203
5.95291664348890848,49.7537499868288933,129.827667236328125
5.96124997678890889,49.7537499868288933,110.395965576171875
5.96958331008890841,49.7537499868288933,32.600006103515625
5.97791664338890882,49.7537499868288933,22.850128173828125
5.98624997668890835,49.7537499868288933,25.1711769104003906
5.99458330998890876,49.7537499868288933,47.7867965698242188
6.00291664328890828,49.7537499868288933,154.048294067382812
6.01124997658890869,49.7537499868288933,92.2713851928710938
6.01958330988890822,49.7537499868288933,32.9318389892578125
6.02791664318890863,49.7537499868288933,28.0290279388427734
6.03624997648890904,49.7537499868288933,44.3494911193847656
6.04458330978890856,49.7537499868288933,23.4554233551025391
6.05291664308890898,49.7537499868288933,23.4201583862304688
6.0612499763889085,49.7537499868288933,29.0772552490234375
6.06958330968890891,49.7537499868288933,49.4245567321777344
6.07791664298890844,49.7537499868288933,116.765495300292969
6.08624997628890885,49.7537499868288933,211.58209228515625
6.09458330958890837,49.7537499868288933,525.12432861328125
6.10291664288890878,49.7537499868288933,690.379150390625
6.11124997618890831,49.7537499868288933,639.100830078125
6.11958330948890872,49.7537499868288933,196.306869506835938
6.12791664278890824,49.7537499868288933,39.8230781555175781
6.13624997608890865,49.7537499868288933,24.1241378784179688
6.14458330938890818,49.7537499868288933,23.7153301239013672
6.15291664268890859,49.7537499868288933,27.8640708923339844
6.161249975988909,49.7537499868288933,44.513702392578125
6.16958330928890852,49.7537499868288933,69.809478759765625
6.17791664258890894,49.7537499868288933,24.9496955871582031
6.18624997588890846,49.7537499868288933,22.3075447082519531
6.19458330918890887,49.7537499868288933,23.3651466369628906
6.20291664248890839,49.7537499868288933,26.1852912902832031
6.21124997578890881,49.7537499868288933,26.3395748138427734
6.21958330908890833,49.7537499868288933,24.8661079406738281
6.22791664238890874,49.7537499868288933,26.6123065948486328
6.23624997568890826,49.7537499868288933,27.6281452178955078
6.24458330898890868,49.7537499868288933,33.8874092102050781
6.25291664228890909,49.7537499868288933,58.9988059997558594
6.26124997558890861,49.7537499868288933,63.7302818298339844
6.26958330888890902,49.7537499868288933,27.8545761108398438
6.27791664218890855,49.7537499868288933,22.0443344116210938
6.28624997548890896,49.7537499868288933,20.8988933563232422
6.29458330878890848,49.7537499868288933,20.1711502075195312
6.30291664208890889,49.7537499868288933,29.6271877288818359
6.31124997538890842,49.7537499868288933,26.900543212890625
6.31958330868890883,49.7537499868288933,40.3590660095214844
6.32791664198890835,49.7537499868288933,65.9020767211914062
6.33624997528890876,49.7537499868288933,47.2487907409667969
6.34458330858890829,49.7537499868288933,29.9652500152587891
6.3529166418889087,49.7537499868288933,29.10980224609375
6.36124997518890822,49.7537499868288933,64.8933868408203125
6.36958330848890864,49.7537499868288933,37.08587646484375
6.37791664178890905,49.7537499868288933,15.9379549026489258
6.38624997508890857,49.7537499868288933,18.4158191680908203
6.39458330838890898,49.7537499868288933,25.7536106109619141
6.40291664168890851,49.7537499868288933,15.2738742828369141
6.41124997498890892,49.7537499868288933,15.0414237976074219
6.41958330828890844,49.7537499868288933,18.1250362396240234
6.42791664158890885,49.7537499868288933,30.7287998199462891
6.43624997488890838,49.7537499868288933,16.1988124847412109
6.44458330818890879,49.7537499868288933,12.6927642822265625
6.45291664148890831,49.7537499868288933,16.2949485778808594
6.46124997478890872,49.7537499868288933,70.5303573608398438
6.46958330808890913,49.7537499868288933,45.5870704650878906
6.47791664138890866,49.7537499868288933,26.7088813781738281
6.48624997468890818,49.7537499868288933,15.8835659027099609
6.49458330798890859,49.7537499868288933,25.2044906616210938
5.83624997728890893,49.7454166535288991,22.8132400512695312
5.84458331058890845,49.7454166535288991,21.9573402404785156
5.85291664388890887,49.7454166535288991,28.9467334747314453
5.86124997718890839,49.7454166535288991,23.87158203125
5.8695833104889088,49.7454166535288991,25.8388004302978516
5.87791664378890832,49.7454166535288991,25.0972442626953125
5.88624997708890874,49.7454166535288991,25.9514255523681641
5.89458331038890826,49.7454166535288991,22.1755256652832031
5.90291664368890867,49.7454166535288991,24.7022495269775391
5.91124997698890819,49.7454166535288991,40.9892311096191406
5.91958331028890861,49.7454166535288991,122.034683227539062
5.92791664358890902,49.7454166535288991,104.438743591308594
5.93624997688890854,49.7454166535288991,37.3308067321777344
5.94458331018890895,49.7454166535288991,30.7909507751464844
5.95291664348890848,49.7454166535288991,51.9355506896972656
5.96124997678890889,49.7454166535288991,61.8936614990234375
5.96958331008890841,49.7454166535288991,59.2401847839355469
5.97791664338890882,49.7454166535288991,38.1746330261230469
5.98624997668890835,49.7454166535288991,22.0452327728271484
5.99458330998890876,49.7454166535288991,37.42962646484375
6.00291664328890828,49.7454166535288991,90.1236419677734375
6.01124997658890869,49.7454166535288991,94.538238525390625
6.01958330988890822,49.7454166535288991,53.0465278625488281
6.02791664318890863,49.7454166535288991,31.4454860687255859
6.03624997648890904,49.7454166535288991,30.8963966369628906
6.04458330978890856,49.7454166535288991,34.9931755065917969
6.05291664308890898,49.7454166535288991,28.3866958618164062
6.0612499763889085,49.7454166535288991,25.9249858856201172
6.06958330968890891,49.7454166535288991,49.160675048828125
6.07791664298890844,49.7454166535288991,172.251708984375
6.08624997628890885,49.7454166535288991,241.882522583007812
6.09458330958890837,49.7454166535288991,482.146942138671875
6.10291664288890878,49.7454166535288991,482.0927734375
6.11124997618890831,49.7454166535288991,523.11602783203125
6.11958330948890872,49.7454166535288991,180.3895263671875
6.12791664278890824,49.7454166535288991,38.5440101623535156
6.13624997608890865,49.7454166535288991,22.6767005920410156
6.14458330938890818,49.7454166535288991,20.8129806518554688
6.15291664268890859,49.7454166535288991,21.9522514343261719
6.161249975988909,49.7454166535288991,31.6494369506835938
6.16958330928890852,49.7454166535288991,46.1054115295410156
6.17791664258890894,49.7454166535288991,30.1217041015625
6.18624997588890846,49.7454166535288991,79.8285903930664062
6.19458330918890887,49.7454166535288991,41.1955833435058594
6.20291664248890839,49.7454166535288991,23.2271919250488281
6.21124997578890881,49.7454166535288991,25.7773914337158203
6.21958330908890833,49.7454166535288991,24.4022483825683594
6.22791664238890874,49.7454166535288991,26.4588127136230469
6.23624997568890826,49.7454166535288991,23.9844303131103516
6.24458330898890868,49.7454166535288991,21.3383617401123047
6.25291664228890909,49.7454166535288991,22.9238948822021484
6.26124997558890861,49.7454166535288991,38.9911384582519531
6.26958330888890902,49.7454166535288991,32.2257461547851562
6.27791664218890855,49.7454166535288991,17.9331779479980469
6.28624997548890896,49.7454166535288991,26.1812477111816406
6.29458330878890848,49.7454166535288991,17.697662353515625
6.30291664208890889,49.7454166535288991,17.8634300231933594
6.31124997538890842,49.7454166535288991,44.6573257446289062
6.31958330868890883,49.7454166535288991,63.8035964965820312
6.32791664198890835,49.7454166535288991,46.0611915588378906
6.33624997528890876,49.7454166535288991,39.7742385864257812
6.34458330858890829,49.7454166535288991,40.0861740112304688
6.3529166418889087,49.7454166535288991,17.1447200775146484
6.36124997518890822,49.7454166535288991,28.5649280548095703
6.36958330848890864,49.7454166535288991,24.8288345336914062
6.37791664178890905,49.7454166535288991,17.79547119140625
6.38624997508890857,49.7454166535288991,20.8392887115478516
6.39458330838890898,49.7454166535288991,22.2310295104980469
6.40291664168890851,49.7454166535288991,19.9856510162353516
6.41124997498890892,49.7454166535288991,15.9484500885009766
6.41958330828890844,49.7454166535288991,39.5723686218261719
6.42791664158890885,49.7454166535288991,77.1263504028320312
6.43624997488890838,49.7454166535288991,19.4506626129150391
6.44458330818890879,49.7454166535288991,12.9804353713989258
6.45291664148890831,49.7454166535288991,13.5505847930908203
6.46124997478890872,49.7454166535288991,24.2902145385742188
6.46958330808890913,49.7454166535288991,29.1980419158935547
6.47791664138890866,49.7454166535288991,36.5750350952148438
6.48624997468890818,49.7454166535288991,20.3241291046142578
6.49458330798890859,49.7454166535288991,56.0439338684082031
6.50291664128890901,49.7454166535288991,177.08404541015625
5.83624997728890893,49.7370833202288978,47.0528526306152344
5.84458331058890845,49.7370833202288978,59.1599464416503906
5.85291664388890887,49.7370833202288978,61.1640853881835938
5.86124997718890839,49.7370833202288978,38.242584228515625
5.8695833104889088,49.7370833202288978,40.4570732116699219
5.87791664378890832,49.7370833202288978,63.9985809326171875
5.88624997708890874,49.7370833202288978,93.10015869140625
5.89458331038890826,49.7370833202288978,56.4813613891601562
5.90291664368890867,49.7370833202288978,31.53643798828125
5.91124997698890819,49.7370833202288978,46.3369979858398438
5.91958331028890861,49.7370833202288978,115.748588562011719
5.92791664358890902,49.7370833202288978,73.7199020385742188
5.93624997688890854,49.7370833202288978,28.2938213348388672
5.94458331018890895,49.7370833202288978,30.3448944091796875
5.95291664348890848,49.7370833202288978,24.63629150390625
5.96124997678890889,49.7370833202288978,27.7038650512695312
5.96958331008890841,49.7370833202288978,39.9523124694824219
5.97791664338890882,49.7370833202288978,36.0730209350585938
5.98624997668890835,49.7370833202288978,44.8981208801269531
5.99458330998890876,49.7370833202288978,24.7306442260742188
6.00291664328890828,49.7370833202288978,24.8420772552490234
6.01124997658890869,49.7370833202288978,58.4422721862792969
6.01958330988890822,49.7370833202288978,109.949867248535156
6.02791664318890863,49.7370833202288978,83.930755615234375
6.03624997648890904,49.7370833202288978,35.2629814147949219
6.04458330978890856,49.7370833202288978,22.0910072326660156
6.05291664308890898,49.7370833202288978,21.2586078643798828
6.0612499763889085,49.7370833202288978,21.55126953125
6.06958330968890891,49.7370833202288978,22.8008518218994141
6.07791664298890844,49.7370833202288978,28.3811016082763672
6.08624997628890885,49.7370833202288978,52.346954345703125
6.09458330958890837,49.7370833202288978,212.68505859375
6.10291664288890878,49.7370833202288978,127.75714111328125
6.11124997618890831,49.7370833202288978,220.402862548828125
6.11958330948890872,49.7370833202288978,172.52740478515625
6.12791664278890824,49.7370833202288978,43.1431388854980469
6.13624997608890865,49.7370833202288978,25.7045783996582031
6.14458330938890818,49.7370833202288978,28.1868495941162109
6.15291664268890859,49.7370833202288978,36.1713066101074219
6.161249975988909,49.7370833202288978,23.9232540130615234
6.16958330928890852,49.7370833202288978,23.8196449279785156
6.17791664258890894,49.7370833202288978,26.6822776794433594
6.18624997588890846,49.7370833202288978,29.7863636016845703
6.19458330918890887,49.7370833202288978,23.363677978515625
6.20291664248890839,49.7370833202288978,23.57049560546875
6.21124997578890881,49.7370833202288978,31.1549053192138672
6.21958330908890833,49.7370833202288978,37.2983322143554688
6.22791664238890874,49.7370833202288978,135.789901733398438
6.23624997568890826,49.7370833202288978,91.5074386596679688
6.24458330898890868,49.7370833202288978,24.4243545532226562
6.25291664228890909,49.7370833202288978,20.1453189849853516
6.26124997558890861,49.7370833202288978,22.4929237365722656
6.26958330888890902,49.7370833202288978,23.4947566986083984
6.27791664218890855,49.7370833202288978,23.337615966796875
6.28624997548890896,49.7370833202288978,67.2071914672851562
6.29458330878890848,49.7370833202288978,30.1213111877441406
6.30291664208890889,49.7370833202288978,44.0922737121582031
6.31124997538890842,49.7370833202288978,46.2649917602539062
6.31958330868890883,49.7370833202288978,76.7848358154296875
6.32791664198890835,49.7370833202288978,32.6321945190429688
6.33624997528890876,49.7370833202288978,34.6162528991699219
6.34458330858890829,49.7370833202288978,28.113677978515625
6.3529166418889087,49.7370833202288978,18.4556865692138672
6.36124997518890822,49.7370833202288978,23.6066398620605469
6.36958330848890864,49.7370833202288978,17.7144012451171875
6.37791664178890905,49.7370833202288978,22.3177223205566406
6.38624997508890857,49.7370833202288978,115.330902099609375
6.39458330838890898,49.7370833202288978,192.8804931640625
6.40291664168890851,49.7370833202288978,53.3411102294921875
6.41124997498890892,49.7370833202288978,24.0915699005126953
6.41958330828890844,49.7370833202288978,18.4217414855957031
6.42791664158890885,49.7370833202288978,18.1270313262939453
6.43624997488890838,49.7370833202288978,13.0258455276489258
6.44458330818890879,49.7370833202288978,16.3673439025878906
6.45291664148890831,49.7370833202288978,19.0445899963378906
6.46124997478890872,49.7370833202288978,21.7289962768554688
6.46958330808890913,49.7370833202288978,19.3785400390625
6.47791664138890866,49.7370833202288978,22.3409938812255859
6.48624997468890818,49.7370833202288978,26.5811672210693359
6.49458330798890859,49.7370833202288978,41.6667366027832031
6.50291664128890901,49.7370833202288978,48.8771438598632812
5.87791664378890832,49.7287499869288965,98.6827392578125
5.88624997708890874,49.7287499869288965,152.91168212890625
5.89458331038890826,49.7287499869288965,96.8812484741210938
5.90291664368890867,49.7287499869288965,54.0753974914550781
5.91124997698890819,49.7287499869288965,41.8015480041503906
5.91958331028890861,49.7287499869288965,51.2889747619628906
5.92791664358890902,49.7287499869288965,40.5665931701660156
5.93624997688890854,49.7287499869288965,34.7428169250488281
5.94458331018890895,49.7287499869288965,28.2498950958251953
5.95291664348890848,49.7287499869288965,21.6253490447998047
5.96124997678890889,49.7287499869288965,38.9470710754394531
5.96958331008890841,49.7287499869288965,32.6250801086425781
5.97791664338890882,49.7287499869288965,68.521209716796875
5.98624997668890835,49.7287499869288965,186.919418334960938
5.99458330998890876,49.7287499869288965,65.27288818359375
6.00291664328890828,49.7287499869288965,25.3312129974365234
6.01124997658890869,49.7287499869288965,31.9011611938476562
6.01958330988890822,49.7287499869288965,41.9582672119140625
6.02791664318890863,49.7287499869288965,24.3098011016845703
6.03624997648890904,49.7287499869288965,19.7975120544433594
6.04458330978890856,49.7287499869288965,20.6286277770996094
6.05291664308890898,49.7287499869288965,21.4954490661621094
6.0612499763889085,49.7287499869288965,21.8509883880615234
6.06958330968890891,49.7287499869288965,22.0567131042480469
6.07791664298890844,49.7287499869288965,25.8912487030029297
6.08624997628890885,49.7287499869288965,26.2105045318603516
6.09458330958890837,49.7287499869288965,39.283447265625
6.10291664288890878,49.7287499869288965,71.5863113403320312
6.11124997618890831,49.7287499869288965,176.083465576171875
6.11958330948890872,49.7287499869288965,265.06805419921875
6.12791664278890824,49.7287499869288965,207.07696533203125
6.13624997608890865,49.7287499869288965,53.3807029724121094
6.14458330938890818,49.7287499869288965,30.3111782073974609
6.15291664268890859,49.7287499869288965,25.5895118713378906
6.161249975988909,49.7287499869288965,24.1930961608886719
6.16958330928890852,49.7287499869288965,24.9549884796142578
6.17791664258890894,49.7287499869288965,27.941131591796875
6.18624997588890846,49.7287499869288965,34.061431884765625
6.19458330918890887,49.7287499869288965,30.9039783477783203
6.20291664248890839,49.7287499869288965,40.3705635070800781
6.21124997578890881,49.7287499869288965,35.123016357421875
6.21958330908890833,49.7287499869288965,43.8177452087402344
6.22791664238890874,49.7287499869288965,55.5937881469726562
6.23624997568890826,49.7287499869288965,51.39044189453125
6.24458330898890868,49.7287499869288965,25.5136432647705078
6.25291664228890909,49.7287499869288965,20.1630439758300781
6.26124997558890861,49.7287499869288965,28.1053142547607422
6.26958330888890902,49.7287499869288965,34.9416847229003906
6.27791664218890855,49.7287499869288965,38.9496231079101562
6.28624997548890896,49.7287499869288965,32.3468666076660156
6.29458330878890848,49.7287499869288965,67.3084716796875
6.30291664208890889,49.7287499869288965,131.040512084960938
6.31124997538890842,49.7287499869288965,34.8080978393554688
6.31958330868890883,49.7287499869288965,20.4233760833740234
6.32791664198890835,49.7287499869288965,16.2138595581054688
6.33624997528890876,49.7287499869288965,21.59368896484375
6.34458330858890829,49.7287499869288965,20.7408409118652344
6.3529166418889087,49.7287499869288965,11.7249650955200195
6.36124997518890822,49.7287499869288965,15.0552253723144531
6.36958330848890864,49.7287499869288965,12.0750617980957031
6.37791664178890905,49.7287499869288965,20.2077312469482422
6.38624997508890857,49.7287499869288965,74.6538848876953125
6.39458330838890898,49.7287499869288965,181.75628662109375
6.40291664168890851,49.7287499869288965,56.8345413208007812
6.41124997498890892,49.7287499869288965,24.5324325561523438
6.41958330828890844,49.7287499869288965,32.5271263122558594
6.42791664158890885,49.7287499869288965,23.2541751861572266
6.43624997488890838,49.7287499869288965,48.2228622436523438
6.44458330818890879,49.7287499869288965,28.1641845703125
6.45291664148890831,49.7287499869288965,20.3149967193603516
6.46124997478890872,49.7287499869288965,21.5885944366455078
6.46958330808890913,49.7287499869288965,27.4111099243164062
6.47791664138890866,49.7287499869288965,42.6245307922363281
6.48624997468890818,49.7287499869288965,253.401840209960938
6.49458330798890859,49.7287499869288965,420.763214111328125
5.88624997708890874,49.7204166536288952,30.3632030487060547
5.89458331038890826,49.7204166536288952,44.12359619140625
5.90291664368890867,49.7204166536288952,67.5769500732421875
5.91124997698890819,49.7204166536288952,62.4317665100097656
5.91958331028890861,49.7204166536288952,80.2343063354492188
5.92791664358890902,49.7204166536288952,61.3171348571777344
5.93624997688890854,49.7204166536288952,25.8541545867919922
5.94458331018890895,49.7204166536288952,24.6954536437988281
5.95291664348890848,49.7204166536288952,26.3537693023681641
5.96124997678890889,49.7204166536288952,32.3100776672363281
5.96958331008890841,49.7204166536288952,25.5464076995849609
5.97791664338890882,49.7204166536288952,35.3316535949707031
5.98624997668890835,49.7204166536288952,53.4240188598632812
5.99458330998890876,49.7204166536288952,40.2584342956542969
6.00291664328890828,49.7204166536288952,140.486831665039062
6.01124997658890869,49.7204166536288952,205.127548217773438
6.01958330988890822,49.7204166536288952,70.1174087524414062
6.02791664318890863,49.7204166536288952,33.8758163452148438
6.03624997648890904,49.7204166536288952,20.1028060913085938
6.04458330978890856,49.7204166536288952,25.0592212677001953
6.05291664308890898,49.7204166536288952,26.0157546997070312
6.0612499763889085,49.7204166536288952,28.1655654907226562
6.06958330968890891,49.7204166536288952,34.8720474243164062
6.07791664298890844,49.7204166536288952,30.9614982604980469
6.08624997628890885,49.7204166536288952,98.4933013916015625
6.09458330958890837,49.7204166536288952,106.271476745605469
6.10291664288890878,49.7204166536288952,38.0825843811035156
6.11124997618890831,49.7204166536288952,102.806755065917969
6.11958330948890872,49.7204166536288952,358.45721435546875
6.12791664278890824,49.7204166536288952,679.85888671875
6.13624997608890865,49.7204166536288952,251.249542236328125
6.14458330938890818,49.7204166536288952,92.1031417846679688
6.15291664268890859,49.7204166536288952,42.0970878601074219
6.161249975988909,49.7204166536288952,25.6913414001464844
6.16958330928890852,49.7204166536288952,24.8877811431884766
6.17791664258890894,49.7204166536288952,28.7254219055175781
6.18624997588890846,49.7204166536288952,31.1755886077880859
6.19458330918890887,49.7204166536288952,33.0705337524414062
6.20291664248890839,49.7204166536288952,36.8358192443847656
6.21124997578890881,49.7204166536288952,96.3215789794921875
6.21958330908890833,49.7204166536288952,100.330497741699219
6.22791664238890874,49.7204166536288952,26.2221965789794922
6.23624997568890826,49.7204166536288952,37.0473785400390625
6.24458330898890868,49.7204166536288952,134.798965454101562
6.25291664228890909,49.7204166536288952,125.757896423339844
6.26124997558890861,49.7204166536288952,113.415878295898438
6.26958330888890902,49.7204166536288952,111.440719604492188
6.27791664218890855,49.7204166536288952,36.391143798828125
6.28624997548890896,49.7204166536288952,23.8337364196777344
6.29458330878890848,49.7204166536288952,32.8384590148925781
6.30291664208890889,49.7204166536288952,71.5948410034179688
6.31124997538890842,49.7204166536288952,85.2616806030273438
6.31958330868890883,49.7204166536288952,20.27374267578125
6.32791664198890835,49.7204166536288952,18.4371604919433594
6.33624997528890876,49.7204166536288952,11.6011390686035156
6.34458330858890829,49.7204166536288952,13.0074119567871094
6.3529166418889087,49.7204166536288952,24.9160003662109375
6.36124997518890822,49.7204166536288952,13.0469188690185547
6.36958330848890864,49.7204166536288952,13.3947439193725586
6.37791664178890905,49.7204166536288952,21.5090312957763672
6.38624997508890857,49.7204166536288952,23.5595073699951172
6.39458330838890898,49.7204166536288952,37.4354057312011719
6.40291664168890851,49.7204166536288952,21.9242515563964844
6.41124997498890892,49.7204166536288952,22.2649440765380859
6.41958330828890844,49.7204166536288952,21.4489669799804688
6.42791664158890885,49.7204166536288952,52.8883819580078125
6.43624997488890838,49.7204166536288952,116.541366577148438
6.44458330818890879,49.7204166536288952,28.6224613189697266
6.45291664148890831,49.7204166536288952,21.7281856536865234
6.46124997478890872,49.7204166536288952,29.4939117431640625
6.46958330808890913,49.7204166536288952,40.274383544921875
6.47791664138890866,49.7204166536288952,53.2003555297851562
6.48624997468890818,49.7204166536288952,177.68475341796875
6.49458330798890859,49.7204166536288952,403.332000732421875
5.88624997708890874,49.7120833203288939,25.0764007568359375
5.89458331038890826,49.7120833203288939,28.3424320220947266
5.90291664368890867,49.7120833203288939,32.5174980163574219
5.91124997698890819,49.7120833203288939,29.5792083740234375
5.91958331028890861,49.7120833203288939,25.4389572143554688
5.92791664358890902,49.7120833203288939,24.5384140014648438
5.93624997688890854,49.7120833203288939,22.6518096923828125
5.94458331018890895,49.7120833203288939,23.0206756591796875
5.95291664348890848,49.7120833203288939,22.2816982269287109
5.96124997678890889,49.7120833203288939,15.8588380813598633
5.96958331008890841,49.7120833203288939,17.8031444549560547
5.97791664338890882,49.7120833203288939,22.8714160919189453
5.98624997668890835,49.7120833203288939,82.3303070068359375
5.99458330998890876,49.7120833203288939,29.0157566070556641
6.00291664328890828,49.7120833203288939,50.3101081848144531
6.01124997658890869,49.7120833203288939,143.080734252929688
6.01958330988890822,49.7120833203288939,60.7906417846679688
6.02791664318890863,49.7120833203288939,22.9172954559326172
6.03624997648890904,49.7120833203288939,26.8347969055175781
6.04458330978890856,49.7120833203288939,82.8471450805664062
6.05291664308890898,49.7120833203288939,58.4444580078125
6.0612499763889085,49.7120833203288939,40.9010581970214844
6.06958330968890891,49.7120833203288939,30.5220985412597656
6.07791664298890844,49.7120833203288939,26.8371315002441406
6.08624997628890885,49.7120833203288939,43.8986778259277344
6.09458330958890837,49.7120833203288939,45.6492042541503906
6.10291664288890878,49.7120833203288939,29.2867412567138672
6.11124997618890831,49.7120833203288939,38.5050392150878906
6.11958330948890872,49.7120833203288939,118.854270935058594
6.12791664278890824,49.7120833203288939,218.082138061523438
6.13624997608890865,49.7120833203288939,167.873703002929688
6.14458330938890818,49.7120833203288939,77.6233139038085938
6.15291664268890859,49.7120833203288939,37.3519058227539062
6.161249975988909,49.7120833203288939,30.6121711730957031
6.16958330928890852,49.7120833203288939,38.5330162048339844
6.17791664258890894,49.7120833203288939,30.2598533630371094
6.18624997588890846,49.7120833203288939,29.3044872283935547
6.19458330918890887,49.7120833203288939,28.371917724609375
6.20291664248890839,49.7120833203288939,40.5202827453613281
6.21124997578890881,49.7120833203288939,62.5495758056640625
6.21958330908890833,49.7120833203288939,97.5730209350585938
6.22791664238890874,49.7120833203288939,32.8903427124023438
6.23624997568890826,49.7120833203288939,64.7430038452148438
6.24458330898890868,49.7120833203288939,350.580657958984375
6.25291664228890909,49.7120833203288939,524.71783447265625
6.26124997558890861,49.7120833203288939,253.217437744140625
6.26958330888890902,49.7120833203288939,109.384231567382812
6.27791664218890855,49.7120833203288939,50.5031852722167969
6.28624997548890896,49.7120833203288939,24.5696945190429688
6.29458330878890848,49.7120833203288939,29.5461273193359375
6.30291664208890889,49.7120833203288939,80.5991897583007812
6.31124997538890842,49.7120833203288939,76.477874755859375
6.31958330868890883,49.7120833203288939,21.1713142395019531
6.32791664198890835,49.7120833203288939,15.5116996765136719
6.33624997528890876,49.7120833203288939,19.0521678924560547
6.34458330858890829,49.7120833203288939,19.2608413696289062
6.3529166418889087,49.7120833203288939,12.9182977676391602
6.36124997518890822,49.7120833203288939,17.3251590728759766
6.36958330848890864,49.7120833203288939,44.1465034484863281
6.37791664178890905,49.7120833203288939,40.7332191467285156
6.38624997508890857,49.7120833203288939,17.7761440277099609
6.39458330838890898,49.7120833203288939,31.8361492156982422
6.40291664168890851,49.7120833203288939,25.4123153686523438
6.41124997498890892,49.7120833203288939,27.8059062957763672
6.41958330828890844,49.7120833203288939,94.4804916381835938
6.42791664158890885,49.7120833203288939,109.968368530273438
6.43624997488890838,49.7120833203288939,40.4491996765136719
6.44458330818890879,49.7120833203288939,28.0191841125488281
6.45291664148890831,49.7120833203288939,37.2747154235839844
6.46124997478890872,49.7120833203288939,47.2393760681152344
6.46958330808890913,49.7120833203288939,48.4697914123535156
6.47791664138890866,49.7120833203288939,86.6690292358398438
6.48624997468890818,49.7120833203288939,299.756103515625
5.87791664378890832,49.7037499870288997,25.3652000427246094
5.88624997708890874,49.7037499870288997,38.7000923156738281
5.89458331038890826,49.7037499870288997,40.8874626159667969
5.90291664368890867,49.7037499870288997,42.0705604553222656
5.91124997698890819,49.7037499870288997,73.697021484375
5.91958331028890861,49.7037499870288997,63.2675628662109375
5.92791664358890902,49.7037499870288997,41.8459548950195312
5.93624997688890854,49.7037499870288997,19.9010391235351562
5.94458331018890895,49.7037499870288997,15.25396728515625
5.95291664348890848,49.7037499870288997,18.6874027252197266
5.96124997678890889,49.7037499870288997,65.9297637939453125
5.96958331008890841,49.7037499870288997,66.8047561645507812
5.97791664338890882,49.7037499870288997,26.8980293273925781
5.98624997668890835,49.7037499870288997,37.9021682739257812
5.99458330998890876,49.7037499870288997,19.8077774047851562
6.00291664328890828,49.7037499870288997,21.4722499847412109
6.01124997658890869,49.7037499870288997,26.5370521545410156
6.01958330988890822,49.7037499870288997,34.0452079772949219
6.02791664318890863,49.7037499870288997,22.4828109741210938
6.03624997648890904,49.7037499870288997,28.7862682342529297
6.04458330978890856,49.7037499870288997,41.7183761596679688
6.05291664308890898,49.7037499870288997,31.3677806854248047
6.0612499763889085,49.7037499870288997,28.4404640197753906
6.06958330968890891,49.7037499870288997,38.6217384338378906
6.07791664298890844,49.7037499870288997,26.5256519317626953
6.08624997628890885,49.7037499870288997,26.3916397094726562
6.09458330958890837,49.7037499870288997,26.0048637390136719
6.10291664288890878,49.7037499870288997,27.0741863250732422
6.11124997618890831,49.7037499870288997,31.2079849243164062
6.11958330948890872,49.7037499870288997,55.2077064514160156
6.12791664278890824,49.7037499870288997,140.441818237304688
6.13624997608890865,49.7037499870288997,488.22735595703125
6.14458330938890818,49.7037499870288997,622.1109619140625
6.15291664268890859,49.7037499870288997,111.877464294433594
6.161249975988909,49.7037499870288997,147.762359619140625
6.16958330928890852,49.7037499870288997,214.607772827148438
6.17791664258890894,49.7037499870288997,52.589691162109375
6.18624997588890846,49.7037499870288997,62.616485595703125
6.19458330918890887,49.7037499870288997,135.189132690429688
6.20291664248890839,49.7037499870288997,50.0981788635253906
6.21124997578890881,49.7037499870288997,108.573944091796875
6.21958330908890833,49.7037499870288997,192.831298828125
6.22791664238890874,49.7037499870288997,61.2467765808105469
6.23624997568890826,49.7037499870288997,52.2327728271484375
6.24458330898890868,49.7037499870288997,334.12860107421875
6.25291664228890909,49.7037499870288997,418.95501708984375
6.26124997558890861,49.7037499870288997,101.044418334960938
6.26958330888890902,49.7037499870288997,33.8428993225097656
6.27791664218890855,49.7037499870288997,44.3540840148925781
6.28624997548890896,49.7037499870288997,21.9383354187011719
6.29458330878890848,49.7037499870288997,20.9862098693847656
6.30291664208890889,49.7037499870288997,24.5753650665283203
6.31124997538890842,49.7037499870288997,19.5426254272460938
6.31958330868890883,49.7037499870288997,12.5916986465454102
6.32791664198890835,49.7037499870288997,15.6368551254272461
6.33624997528890876,49.7037499870288997,16.0866718292236328
6.34458330858890829,49.7037499870288997,15.43023681640625
6.3529166418889087,49.7037499870288997,12.5820589065551758
6.36124997518890822,49.7037499870288997,18.8439197540283203
6.36958330848890864,49.7037499870288997,76.8444976806640625
6.37791664178890905,49.7037499870288997,99.4631195068359375
6.38624997508890857,49.7037499870288997,94.8946533203125
6.39458330838890898,49.7037499870288997,76.5501861572265625
6.40291664168890851,49.7037499870288997,40.274322509765625
6.41124997498890892,49.7037499870288997,34.1651077270507812
6.41958330828890844,49.7037499870288997,135.375289916992188
6.42791664158890885,49.7037499870288997,137.953506469726562
6.43624997488890838,49.7037499870288997,54.1628494262695312
6.44458330818890879,49.7037499870288997,33.2136993408203125
6.45291664148890831,49.7037499870288997,32.38970947265625
6.46124997478890872,49.7037499870288997,73.7929763793945312
6.46958330808890913,49.7037499870288997,223.141616821289062
5.87791664378890832,49.6954166537288984,68.9799346923828125
5.88624997708890874,49.6954166537288984,54.9024085998535156
5.89458331038890826,49.6954166537288984,40.6809463500976562
5.90291664368890867,49.6954166537288984,46.7837104797363281
5.91124997698890819,49.6954166537288984,96.4348602294921875
5.91958331028890861,49.6954166537288984,172.109649658203125
5.92791664358890902,49.6954166537288984,63.2513160705566406
5.93624997688890854,49.6954166537288984,14.3615808486938477
5.94458331018890895,49.6954166537288984,12.7567481994628906
5.95291664348890848,49.6954166537288984,15.6055002212524414
5.96124997678890889,49.6954166537288984,55.4633369445800781
5.96958331008890841,49.6954166537288984,41.8339462280273438
5.97791664338890882,49.6954166537288984,16.9239921569824219
5.98624997668890835,49.6954166537288984,29.8731822967529297
5.99458330998890876,49.6954166537288984,31.478729248046875
6.00291664328890828,49.6954166537288984,41.4018287658691406
6.01124997658890869,49.6954166537288984,18.7889747619628906
6.01958330988890822,49.6954166537288984,25.0644702911376953
6.02791664318890863,49.6954166537288984,44.0038795471191406
6.03624997648890904,49.6954166537288984,30.9858684539794922
6.04458330978890856,49.6954166537288984,24.0797939300537109
6.05291664308890898,49.6954166537288984,33.0953521728515625
6.0612499763889085,49.6954166537288984,117.746505737304688
6.06958330968890891,49.6954166537288984,201.927871704101562
6.07791664298890844,49.6954166537288984,43.558624267578125
6.08624997628890885,49.6954166537288984,31.1447353363037109
6.09458330958890837,49.6954166537288984,30.2835578918457031
6.10291664288890878,49.6954166537288984,28.0507965087890625
6.11124997618890831,49.6954166537288984,29.8898067474365234
6.11958330948890872,49.6954166537288984,51.4868850708007812
6.12791664278890824,49.6954166537288984,190.558868408203125
6.13624997608890865,49.6954166537288984,404.574066162109375
6.14458330938890818,49.6954166537288984,428.632110595703125
6.15291664268890859,49.6954166537288984,85.756561279296875
6.161249975988909,49.6954166537288984,85.7758331298828125
6.16958330928890852,49.6954166537288984,135.708038330078125
6.17791664258890894,49.6954166537288984,61.8497085571289062
6.18624997588890846,49.6954166537288984,83.0151138305664062
6.19458330918890887,49.6954166537288984,102.091865539550781
6.20291664248890839,49.6954166537288984,29.2020301818847656
6.21124997578890881,49.6954166537288984,26.56072998046875
6.21958330908890833,49.6954166537288984,31.8549118041992188
6.22791664238890874,49.6954166537288984,33.8285484313964844
6.23624997568890826,49.6954166537288984,165.826400756835938
6.24458330898890868,49.6954166537288984,467.657745361328125
6.25291664228890909,49.6954166537288984,306.472503662109375
6.26124997558890861,49.6954166537288984,68.3158798217773438
6.26958330888890902,49.6954166537288984,30.7080326080322266
6.27791664218890855,49.6954166537288984,28.7291164398193359
6.28624997548890896,49.6954166537288984,34.5505752563476562
6.29458330878890848,49.6954166537288984,27.5438308715820312
6.30291664208890889,49.6954166537288984,24.7005138397216797
6.31124997538890842,49.6954166537288984,22.6406688690185547
6.31958330868890883,49.6954166537288984,30.0087718963623047
6.32791664198890835,49.6954166537288984,197.558502197265625
6.33624997528890876,49.6954166537288984,95.0723037719726562
6.34458330858890829,49.6954166537288984,46.2262306213378906
6.3529166418889087,49.6954166537288984,34.5476913452148438
6.36124997518890822,49.6954166537288984,17.7255649566650391
6.36958330848890864,49.6954166537288984,19.2861652374267578
6.37791664178890905,49.6954166537288984,87.2928314208984375
6.38624997508890857,49.6954166537288984,183.1201171875
6.39458330838890898,49.6954166537288984,39.7098503112792969
6.40291664168890851,49.6954166537288984,22.7951641082763672
6.41124997498890892,49.6954166537288984,31.3912868499755859
6.41958330828890844,49.6954166537288984,35.6683502197265625
6.42791664158890885,49.6954166537288984,28.2586574554443359
6.43624997488890838,49.6954166537288984,71.8966293334960938
6.44458330818890879,49.6954166537288984,120.3231201171875
6.45291664148890831,49.6954166537288984,146.401046752929688
5.87791664378890832,49.6870833204288971,603.74395751953125
5.88624997708890874,49.6870833204288971,198.604583740234375
5.89458331038890826,49.6870833204288971,52.6842384338378906
5.90291664368890867,49.6870833204288971,104.662117004394531
5.91124997698890819,49.6870833204288971,512.89208984375
5.91958331028890861,49.6870833204288971,408.4454345703125
5.92791664358890902,49.6870833204288971,96.7714767456054688
5.93624997688890854,49.6870833204288971,23.985321044921875
5.94458331018890895,49.6870833204288971,16.45538330078125
5.95291664348890848,49.6870833204288971,15.2030925750732422
5.96124997678890889,49.6870833204288971,18.0089492797851562
5.96958331008890841,49.6870833204288971,22.8908481597900391
5.97791664338890882,49.6870833204288971,21.1387271881103516
5.98624997668890835,49.6870833204288971,21.3700580596923828
5.99458330998890876,49.6870833204288971,30.1451301574707031
6.00291664328890828,49.6870833204288971,35.7720108032226562
6.01124997658890869,49.6870833204288971,28.1785144805908203
6.01958330988890822,49.6870833204288971,27.7903461456298828
6.02791664318890863,49.6870833204288971,54.1940727233886719
6.03624997648890904,49.6870833204288971,37.6611289978027344
6.04458330978890856,49.6870833204288971,28.1295871734619141
6.05291664308890898,49.6870833204288971,68.4727554321289062
6.0612499763889085,49.6870833204288971,115.963615417480469
6.06958330968890891,49.6870833204288971,88.3374862670898438
6.07791664298890844,49.6870833204288971,40.2575721740722656
6.08624997628890885,49.6870833204288971,32.7957611083984375
6.09458330958890837,49.6870833204288971,32.0281982421875
6.10291664288890878,49.6870833204288971,30.5986042022705078
6.11124997618890831,49.6870833204288971,37.3188056945800781
6.11958330948890872,49.6870833204288971,97.9354095458984375
6.12791664278890824,49.6870833204288971,175.24072265625
6.13624997608890865,49.6870833204288971,316.369232177734375
6.14458330938890818,49.6870833204288971,329.518585205078125
6.15291664268890859,49.6870833204288971,83.1594009399414062
6.161249975988909,49.6870833204288971,76.5750045776367188
6.16958330928890852,49.6870833204288971,54.5998458862304688
6.17791664258890894,49.6870833204288971,48.883209228515625
6.18624997588890846,49.6870833204288971,46.4770393371582031
6.19458330918890887,49.6870833204288971,27.3687496185302734
6.20291664248890839,49.6870833204288971,25.0557174682617188
6.21124997578890881,49.6870833204288971,21.6150760650634766
6.21958330908890833,49.6870833204288971,24.7496852874755859
6.22791664238890874,49.6870833204288971,29.5884628295898438
6.23624997568890826,49.6870833204288971,90.2486648559570312
6.24458330898890868,49.6870833204288971,139.826263427734375
6.25291664228890909,49.6870833204288971,128.104904174804688
6.26124997558890861,49.6870833204288971,47.8830642700195312
6.26958330888890902,49.6870833204288971,24.7680187225341797
6.27791664218890855,49.6870833204288971,24.4604721069335938
6.28624997548890896,49.6870833204288971,55.0819091796875
6.29458330878890848,49.6870833204288971,48.9699249267578125
6.30291664208890889,49.6870833204288971,45.8952751159667969
6.31124997538890842,49.6870833204288971,56.7550621032714844
6.31958330868890883,49.6870833204288971,70.9874420166015625
6.32791664198890835,49.6870833204288971,91.42608642578125
6.33624997528890876,49.6870833204288971,83.63702392578125
6.34458330858890829,49.6870833204288971,156.843765258789062
6.3529166418889087,49.6870833204288971,181.100601196289062
6.36124997518890822,49.6870833204288971,60.9164047241210938
6.36958330848890864,49.6870833204288971,21.2850093841552734
6.37791664178890905,49.6870833204288971,27.3784103393554688
6.38624997508890857,49.6870833204288971,52.6437721252441406
6.39458330838890898,49.6870833204288971,94.7752838134765625
6.40291664168890851,49.6870833204288971,51.216705322265625
6.41124997498890892,49.6870833204288971,25.8421707153320312
6.41958330828890844,49.6870833204288971,39.4385528564453125
6.42791664158890885,49.6870833204288971,118.35382080078125
6.43624997488890838,49.6870833204288971,336.506561279296875
6.44458330818890879,49.6870833204288971,783.7271728515625
5.89458331038890826,49.6787499871288958,51.7420158386230469
5.90291664368890867,49.6787499871288958,56.0824546813964844
5.91124997698890819,49.6787499871288958,90.4627151489257812
5.91958331028890861,49.6787499871288958,177.320114135742188
5.92791664358890902,49.6787499871288958,73.7453231811523438
5.93624997688890854,49.6787499871288958,71.2425308227539062
5.94458331018890895,49.6787499871288958,58.6168251037597656
5.95291664348890848,49.6787499871288958,42.0976295471191406
5.96124997678890889,49.6787499871288958,28.0317802429199219
5.96958331008890841,49.6787499871288958,25.0607185363769531
5.97791664338890882,49.6787499871288958,22.3584957122802734
5.98624997668890835,49.6787499871288958,20.9999504089355469
5.99458330998890876,49.6787499871288958,47.6146583557128906
6.00291664328890828,49.6787499871288958,179.93505859375
6.01124997658890869,49.6787499871288958,163.55218505859375
6.01958330988890822,49.6787499871288958,65.1469955444335938
6.02791664318890863,49.6787499871288958,42.9342575073242188
6.03624997648890904,49.6787499871288958,63.9704208374023438
6.04458330978890856,49.6787499871288958,76.5455703735351562
6.05291664308890898,49.6787499871288958,38.6926841735839844
6.0612499763889085,49.6787499871288958,43.3668556213378906
6.06958330968890891,49.6787499871288958,42.7260589599609375
6.07791664298890844,49.6787499871288958,48.5121994018554688
6.08624997628890885,49.6787499871288958,42.8194694519042969
6.09458330958890837,49.6787499871288958,31.5283889770507812
6.10291664288890878,49.6787499871288958,33.9849510192871094
6.11124997618890831,49.6787499871288958,115.563308715820312
6.11958330948890872,49.6787499871288958,599.8111572265625
6.12791664278890824,49.6787499871288958,687.9736328125
6.13624997608890865,49.6787499871288958,601.78619384765625
6.14458330938890818,49.6787499871288958,220.56683349609375
6.15291664268890859,49.6787499871288958,66.1953811645507812
6.161249975988909,49.6787499871288958,46.4200668334960938
6.16958330928890852,49.6787499871288958,32.9236602783203125
6.17791664258890894,49.6787499871288958,34.0424461364746094
6.18624997588890846,49.6787499871288958,30.6795368194580078
6.19458330918890887,49.6787499871288958,30.0314731597900391
6.20291664248890839,49.6787499871288958,29.5498218536376953
6.21124997578890881,49.6787499871288958,23.4083843231201172
6.21958330908890833,49.6787499871288958,15.747441291809082
6.22791664238890874,49.6787499871288958,13.0975847244262695
6.23624997568890826,49.6787499871288958,17.0591106414794922
6.24458330898890868,49.6787499871288958,40.9240341186523438
6.25291664228890909,49.6787499871288958,28.0594558715820312
6.26124997558890861,49.6787499871288958,21.7488117218017578
6.26958330888890902,49.6787499871288958,25.7811698913574219
6.27791664218890855,49.6787499871288958,23.0193214416503906
6.28624997548890896,49.6787499871288958,23.7808589935302734
6.29458330878890848,49.6787499871288958,32.2169151306152344
6.30291664208890889,49.6787499871288958,72.4524383544921875
6.31124997538890842,49.6787499871288958,172.905075073242188
6.31958330868890883,49.6787499871288958,158.906265258789062
6.32791664198890835,49.6787499871288958,50.5368232727050781
6.33624997528890876,49.6787499871288958,38.701263427734375
6.34458330858890829,49.6787499871288958,57.4631423950195312
6.3529166418889087,49.6787499871288958,95.7592010498046875
6.36124997518890822,49.6787499871288958,68.1959762573242188
6.36958330848890864,49.6787499871288958,30.7353801727294922
6.37791664178890905,49.6787499871288958,25.3009376525878906
6.38624997508890857,49.6787499871288958,59.6296577453613281
6.39458330838890898,49.6787499871288958,224.097457885742188
6.40291664168890851,49.6787499871288958,110.688743591308594
6.41124997498890892,49.6787499871288958,57.404937744140625
6.41958330828890844,49.6787499871288958,79.7411651611328125
6.42791664158890885,49.6787499871288958,189.234237670898438
5.91124997698890819,49.6704166538288945,113.0546875
5.91958331028890861,49.6704166538288945,141.19842529296875
5.92791664358890902,49.6704166538288945,38.9082794189453125
5.93624997688890854,49.6704166538288945,70.0446548461914062
5.94458331018890895,49.6704166538288945,268.275543212890625
5.95291664348890848,49.6704166538288945,358.8304443359375
5.96124997678890889,49.6704166538288945,169.922653198242188
5.96958331008890841,49.6704166538288945,139.191085815429688
5.97791664338890882,49.6704166538288945,44.7618484497070312
5.98624997668890835,49.6704166538288945,23.8439102172851562
5.99458330998890876,49.6704166538288945,41.5732460021972656
6.00291664328890828,49.6704166538288945,137.209152221679688
6.01124997658890869,49.6704166538288945,219.199981689453125
6.01958330988890822,49.6704166538288945,124.312484741210938
6.02791664318890863,49.6704166538288945,284.376556396484375
6.03624997648890904,49.6704166538288945,498.188751220703125
6.04458330978890856,49.6704166538288945,135.291595458984375
6.05291664308890898,49.6704166538288945,68.1417083740234375
6.0612499763889085,49.6704166538288945,69.6139373779296875
6.06958330968890891,49.6704166538288945,207.214553833007812
6.07791664298890844,49.6704166538288945,214.612289428710938
6.08624997628890885,49.6704166538288945,79.2907562255859375
6.09458330958890837,49.6704166538288945,46.9547958374023438
6.10291664288890878,49.6704166538288945,44.3826789855957031
6.11124997618890831,49.6704166538288945,186.810546875
6.11958330948890872,49.6704166538288945,665.58447265625
6.12791664278890824,49.6704166538288945,790.2496337890625
6.13624997608890865,49.6704166538288945,1034.8836669921875
6.14458330938890818,49.6704166538288945,505.640289306640625
6.15291664268890859,49.6704166538288945,114.683601379394531
6.161249975988909,49.6704166538288945,70.057647705078125
6.16958330928890852,49.6704166538288945,44.1893348693847656
6.17791664258890894,49.6704166538288945,35.9827423095703125
6.18624997588890846,49.6704166538288945,32.6224288940429688
6.19458330918890887,49.6704166538288945,28.5308017730712891
6.20291664248890839,49.6704166538288945,15.3524065017700195
6.21124997578890881,49.6704166538288945,17.3233699798583984
6.21958330908890833,49.6704166538288945,14.9413118362426758
6.22791664238890874,49.6704166538288945,29.92486572265625
6.23624997568890826,49.6704166538288945,39.6470603942871094
6.24458330898890868,49.6704166538288945,22.1758975982666016
6.25291664228890909,49.6704166538288945,13.8544092178344727
6.26124997558890861,49.6704166538288945,14.8270578384399414
6.26958330888890902,49.6704166538288945,17.5291786193847656
6.27791664218890855,49.6704166538288945,23.5517368316650391
6.28624997548890896,49.6704166538288945,33.064056396484375
6.29458330878890848,49.6704166538288945,120.75421142578125
6.30291664208890889,49.6704166538288945,360.3460693359375
6.31124997538890842,49.6704166538288945,163.385910034179688
6.31958330868890883,49.6704166538288945,70.78765869140625
6.32791664198890835,49.6704166538288945,58.39447021484375
6.33624997528890876,49.6704166538288945,76.11199951171875
6.34458330858890829,49.6704166538288945,78.9704666137695312
6.3529166418889087,49.6704166538288945,40.1594467163085938
6.36124997518890822,49.6704166538288945,38.8354835510253906
6.36958330848890864,49.6704166538288945,58.4756622314453125
6.37791664178890905,49.6704166538288945,61.820068359375
6.38624997508890857,49.6704166538288945,49.8320693969726562
6.39458330838890898,49.6704166538288945,56.2057991027832031
6.40291664168890851,49.6704166538288945,66.0746307373046875
6.41124997498890892,49.6704166538288945,55.1457099914550781
6.41958330828890844,49.6704166538288945,70.8350372314453125
5.91124997698890819,49.6620833205288932,463.48577880859375
5.91958331028890861,49.6620833205288932,617.845458984375
5.92791664358890902,49.6620833205288932,250.891525268554688
5.93624997688890854,49.6620833205288932,55.7010917663574219
5.94458331018890895,49.6620833205288932,78.7237167358398438
5.95291664348890848,49.6620833205288932,133.761474609375
5.96124997678890889,49.6620833205288932,74.0212478637695312
5.96958331008890841,49.6620833205288932,62.4037857055664062
5.97791664338890882,49.6620833205288932,155.162887573242188
5.98624997668890835,49.6620833205288932,91.4694290161132812
5.99458330998890876,49.6620833205288932,62.0066032409667969
6.00291664328890828,49.6620833205288932,87.0283203125
6.01124997658890869,49.6620833205288932,260.37493896484375
6.01958330988890822,49.6620833205288932,328.1741943359375
6.02791664318890863,49.6620833205288932,134.462722778320312
6.03624997648890904,49.6620833205288932,260.409881591796875
6.04458330978890856,49.6620833205288932,98.1432876586914062
6.05291664308890898,49.6620833205288932,53.9485549926757812
6.0612499763889085,49.6620833205288932,89.1945571899414062
6.06958330968890891,49.6620833205288932,430.932037353515625
6.07791664298890844,49.6620833205288932,675.81903076171875
6.08624997628890885,49.6620833205288932,460.454193115234375
6.09458330958890837,49.6620833205288932,159.21392822265625
6.10291664288890878,49.6620833205288932,74.6654891967773438
6.11124997618890831,49.6620833205288932,145.536636352539062
6.11958330948890872,49.6620833205288932,389.36004638671875
6.12791664278890824,49.6620833205288932,884.67388916015625
6.13624997608890865,49.6620833205288932,1344.592041015625
6.14458330938890818,49.6620833205288932,451.81719970703125
6.15291664268890859,49.6620833205288932,116.821380615234375
6.161249975988909,49.6620833205288932,85.907562255859375
6.16958330928890852,49.6620833205288932,54.5486831665039062
6.17791664258890894,49.6620833205288932,35.6517219543457031
6.18624997588890846,49.6620833205288932,28.6567497253417969
6.19458330918890887,49.6620833205288932,30.9349575042724609
6.20291664248890839,49.6620833205288932,16.2007560729980469
6.21124997578890881,49.6620833205288932,17.8122444152832031
6.21958330908890833,49.6620833205288932,36.5374755859375
6.22791664238890874,49.6620833205288932,131.189712524414062
6.23624997568890826,49.6620833205288932,221.85931396484375
6.24458330898890868,49.6620833205288932,90.9905319213867188
6.25291664228890909,49.6620833205288932,70.750091552734375
6.26124997558890861,49.6620833205288932,29.340667724609375
6.26958330888890902,49.6620833205288932,16.2625274658203125
6.27791664218890855,49.6620833205288932,20.5471153259277344
6.28624997548890896,49.6620833205288932,115.810958862304688
6.29458330878890848,49.6620833205288932,280.73651123046875
6.30291664208890889,49.6620833205288932,311.19427490234375
6.31124997538890842,49.6620833205288932,98.2600936889648438
6.31958330868890883,49.6620833205288932,35.3510971069335938
6.32791664198890835,49.6620833205288932,25.0999946594238281
6.33624997528890876,49.6620833205288932,51.7417793273925781
6.34458330858890829,49.6620833205288932,121.280570983886719
6.3529166418889087,49.6620833205288932,83.1589813232421875
6.36124997518890822,49.6620833205288932,54.0817909240722656
6.36958330848890864,49.6620833205288932,51.6173973083496094
6.37791664178890905,49.6620833205288932,50.6533241271972656
6.38624997508890857,49.6620833205288932,43.1103286743164062
6.39458330838890898,49.6620833205288932,46.7270011901855469
6.40291664168890851,49.6620833205288932,47.3098716735839844
6.41124997498890892,49.6620833205288932,49.7838478088378906
6.41958330828890844,49.6620833205288932,80.4933013916015625
6.42791664158890885,49.6620833205288932,176.394439697265625
5.91124997698890819,49.653749987228899,312.56158447265625
5.91958331028890861,49.653749987228899,448.96331787109375
5.92791664358890902,49.653749987228899,258.101806640625
5.93624997688890854,49.653749987228899,99.6278839111328125
5.94458331018890895,49.653749987228899,57.7786865234375
5.95291664348890848,49.653749987228899,95.9368209838867188
5.96124997678890889,49.653749987228899,137.211654663085938
5.96958331008890841,49.653749987228899,58.0716476440429688
5.97791664338890882,49.653749987228899,76.6890182495117188
5.98624997668890835,49.653749987228899,136.130889892578125
5.99458330998890876,49.653749987228899,248.790847778320312
6.00291664328890828,49.653749987228899,94.7101364135742188
6.01124997658890869,49.653749987228899,58.9377326965332031
6.01958330988890822,49.653749987228899,54.7561531066894531
6.02791664318890863,49.653749987228899,40.657073974609375
6.03624997648890904,49.653749987228899,37.6752510070800781
6.04458330978890856,49.653749987228899,67.458282470703125
6.05291664308890898,49.653749987228899,61.0436897277832031
6.0612499763889085,49.653749987228899,62.7950172424316406
6.06958330968890891,49.653749987228899,134.637542724609375
6.07791664298890844,49.653749987228899,581.91497802734375
6.08624997628890885,49.653749987228899,412.690673828125
6.09458330958890837,49.653749987228899,148.563934326171875
6.10291664288890878,49.653749987228899,112.037521362304688
6.11124997618890831,49.653749987228899,264.63067626953125
6.11958330948890872,49.653749987228899,1049.7689208984375
6.12791664278890824,49.653749987228899,1394.4637451171875
6.13624997608890865,49.653749987228899,967.7950439453125
6.14458330938890818,49.653749987228899,216.060394287109375
6.15291664268890859,49.653749987228899,86.9099807739257812
6.161249975988909,49.653749987228899,76.6988906860351562
6.16958330928890852,49.653749987228899,52.0396728515625
6.17791664258890894,49.653749987228899,33.2831954956054688
6.18624997588890846,49.653749987228899,47.2957382202148438
6.19458330918890887,49.653749987228899,27.7492046356201172
6.20291664248890839,49.653749987228899,22.1198749542236328
6.21124997578890881,49.653749987228899,32.9885787963867188
6.21958330908890833,49.653749987228899,97.0108718872070312
6.22791664238890874,49.653749987228899,237.326187133789062
6.23624997568890826,49.653749987228899,186.493850708007812
6.24458330898890868,49.653749987228899,180.244247436523438
6.25291664228890909,49.653749987228899,208.25103759765625
6.26124997558890861,49.653749987228899,210.38177490234375
6.26958330888890902,49.653749987228899,81.4416885375976562
6.27791664218890855,49.653749987228899,28.8935279846191406
6.28624997548890896,49.653749987228899,58.6680984497070312
6.29458330878890848,49.653749987228899,158.97222900390625
6.30291664208890889,49.653749987228899,258.321929931640625
6.31124997538890842,49.653749987228899,106.242752075195312
6.31958330868890883,49.653749987228899,29.9371185302734375
6.32791664198890835,49.653749987228899,25.7696933746337891
6.33624997528890876,49.653749987228899,36.4349098205566406
6.34458330858890829,49.653749987228899,33.9170608520507812
6.3529166418889087,49.653749987228899,23.5180912017822266
6.36124997518890822,49.653749987228899,19.9105587005615234
6.36958330848890864,49.653749987228899,19.6234302520751953
6.37791664178890905,49.653749987228899,21.3782768249511719
6.38624997508890857,49.653749987228899,42.1974983215332031
6.39458330838890898,49.653749987228899,155.271133422851562
6.40291664168890851,49.653749987228899,102.671257019042969
6.41124997498890892,49.653749987228899,35.1967086791992188
6.41958330828890844,49.653749987228899,39.7043190002441406
6.42791664158890885,49.653749987228899,105.3929443359375
5.91124997698890819,49.6454166539288977,336.320831298828125
5.91958331028890861,49.6454166539288977,536.9903564453125
5.92791664358890902,49.6454166539288977,172.5936279296875
5.93624997688890854,49.6454166539288977,101.685829162597656
5.94458331018890895,49.6454166539288977,85.4457626342773438
5.95291664348890848,49.6454166539288977,350.73834228515625
5.96124997678890889,49.6454166539288977,471.03704833984375
5.96958331008890841,49.6454166539288977,117.866752624511719
5.97791664338890882,49.6454166539288977,219.332992553710938
5.98624997668890835,49.6454166539288977,698.80584716796875
5.99458330998890876,49.6454166539288977,717.50799560546875
6.00291664328890828,49.6454166539288977,364.971038818359375
6.01124997658890869,49.6454166539288977,189.183395385742188
6.01958330988890822,49.6454166539288977,83.0513687133789062
6.02791664318890863,49.6454166539288977,42.2804985046386719
6.03624997648890904,49.6454166539288977,37.7891273498535156
6.04458330978890856,49.6454166539288977,38.9130706787109375
6.05291664308890898,49.6454166539288977,42.4173431396484375
6.0612499763889085,49.6454166539288977,44.3747978210449219
6.06958330968890891,49.6454166539288977,65.8952560424804688
6.07791664298890844,49.6454166539288977,144.701934814453125
6.08624997628890885,49.6454166539288977,236.53997802734375
6.09458330958890837,49.6454166539288977,169.394668579101562
6.10291664288890878,49.6454166539288977,167.189865112304688
6.11124997618890831,49.6454166539288977,128.525482177734375
6.11958330948890872,49.6454166539288977,322.5509033203125
6.12791664278890824,49.6454166539288977,1764.4053955078125
6.13624997608890865,49.6454166539288977,1423.487060546875
6.14458330938890818,49.6454166539288977,340.40911865234375
6.15291664268890859,49.6454166539288977,195.384201049804688
6.161249975988909,49.6454166539288977,96.9750137329101562
6.16958330928890852,49.6454166539288977,62.8665618896484375
6.17791664258890894,49.6454166539288977,37.6292762756347656
6.18624997588890846,49.6454166539288977,69.1910781860351562
6.19458330918890887,49.6454166539288977,54.8206405639648438
6.20291664248890839,49.6454166539288977,43.4868087768554688
6.21124997578890881,49.6454166539288977,76.44097900390625
6.21958330908890833,49.6454166539288977,167.252853393554688
6.22791664238890874,49.6454166539288977,235.204177856445312
6.23624997568890826,49.6454166539288977,150.865936279296875
6.24458330898890868,49.6454166539288977,126.054733276367188
6.25291664228890909,49.6454166539288977,54.366058349609375
6.26124997558890861,49.6454166539288977,142.043121337890625
6.26958330888890902,49.6454166539288977,176.690170288085938
6.27791664218890855,49.6454166539288977,113.396499633789062
6.28624997548890896,49.6454166539288977,40.2800331115722656
6.29458330878890848,49.6454166539288977,51.1129798889160156
6.30291664208890889,49.6454166539288977,68.0435867309570312
6.31124997538890842,49.6454166539288977,55.0340576171875
6.31958330868890883,49.6454166539288977,45.55841064453125
6.32791664198890835,49.6454166539288977,28.2349929809570312
6.33624997528890876,49.6454166539288977,21.7658481597900391
6.34458330858890829,49.6454166539288977,20.6239452362060547
6.3529166418889087,49.6454166539288977,20.1723594665527344
6.36124997518890822,49.6454166539288977,21.4325103759765625
6.36958330848890864,49.6454166539288977,22.702178955078125
6.37791664178890905,49.6454166539288977,21.7596683502197266
6.38624997508890857,49.6454166539288977,22.9834079742431641
6.39458330838890898,49.6454166539288977,67.1150283813476562
6.40291664168890851,49.6454166539288977,72.2634201049804688
6.41124997498890892,49.6454166539288977,28.3934955596923828
6.41958330828890844,49.6454166539288977,31.57208251953125
5.88624997708890874,49.6370833206288964,295.048431396484375
5.89458331038890826,49.6370833206288964,244.595977783203125
5.90291664368890867,49.6370833206288964,160.163421630859375
5.91124997698890819,49.6370833206288964,191.90386962890625
5.91958331028890861,49.6370833206288964,182.14654541015625
5.92791664358890902,49.6370833206288964,74.7827377319335938
5.93624997688890854,49.6370833206288964,56.1234893798828125
5.94458331018890895,49.6370833206288964,66.01348876953125
5.95291664348890848,49.6370833206288964,124.063301086425781
5.96124997678890889,49.6370833206288964,161.155014038085938
5.96958331008890841,49.6370833206288964,387.765960693359375
5.97791664338890882,49.6370833206288964,199.5301513671875
5.98624997668890835,49.6370833206288964,291.62738037109375
5.99458330998890876,49.6370833206288964,137.618972778320312
6.00291664328890828,49.6370833206288964,255.620773315429688
6.01124997658890869,49.6370833206288964,450.312744140625
6.01958330988890822,49.6370833206288964,446.31573486328125
6.02791664318890863,49.6370833206288964,172.639724731445312
6.03624997648890904,49.6370833206288964,114.815879821777344
6.04458330978890856,49.6370833206288964,77.4752960205078125
6.05291664308890898,49.6370833206288964,70.7564468383789062
6.0612499763889085,49.6370833206288964,77.8366470336914062
6.06958330968890891,49.6370833206288964,73.0776824951171875
6.07791664298890844,49.6370833206288964,72.8916244506835938
6.08624997628890885,49.6370833206288964,81.8197708129882812
6.09458330958890837,49.6370833206288964,75.7535476684570312
6.10291664288890878,49.6370833206288964,86.3431549072265625
6.11124997618890831,49.6370833206288964,141.451416015625
6.11958330948890872,49.6370833206288964,205.718765258789062
6.12791664278890824,49.6370833206288964,674.71990966796875
6.13624997608890865,49.6370833206288964,2339.283203125
6.14458330938890818,49.6370833206288964,1127.4317626953125
6.15291664268890859,49.6370833206288964,460.726593017578125
6.161249975988909,49.6370833206288964,599.33416748046875
6.16958330928890852,49.6370833206288964,783.56097412109375
6.17791664258890894,49.6370833206288964,461.804931640625
6.18624997588890846,49.6370833206288964,231.619491577148438
6.19458330918890887,49.6370833206288964,57.0065689086914062
6.20291664248890839,49.6370833206288964,85.1890106201171875
6.21124997578890881,49.6370833206288964,295.7069091796875
6.21958330908890833,49.6370833206288964,303.278045654296875
6.22791664238890874,49.6370833206288964,320.77081298828125
6.23624997568890826,49.6370833206288964,181.372482299804688
6.24458330898890868,49.6370833206288964,50.1343574523925781
6.25291664228890909,49.6370833206288964,46.0663414001464844
6.26124997558890861,49.6370833206288964,175.172134399414062
6.26958330888890902,49.6370833206288964,395.986328125
6.27791664218890855,49.6370833206288964,229.5986328125
6.28624997548890896,49.6370833206288964,89.2959747314453125
6.29458330878890848,49.6370833206288964,31.9873580932617188
6.30291664208890889,49.6370833206288964,29.3276462554931641
6.31124997538890842,49.6370833206288964,26.5718727111816406
6.31958330868890883,49.6370833206288964,34.0226058959960938
6.32791664198890835,49.6370833206288964,51.0549774169921875
6.33624997528890876,49.6370833206288964,63.3103218078613281
6.34458330858890829,49.6370833206288964,26.336578369140625
6.3529166418889087,49.6370833206288964,40.7732124328613281
6.36124997518890822,49.6370833206288964,34.6576919555664062
6.36958330848890864,49.6370833206288964,28.2088069915771484
6.37791664178890905,49.6370833206288964,28.1600074768066406
6.38624997508890857,49.6370833206288964,23.0538043975830078
6.39458330838890898,49.6370833206288964,55.9365272521972656
6.40291664168890851,49.6370833206288964,147.152252197265625
6.41124997498890892,49.6370833206288964,80.9303131103515625
6.41958330828890844,49.6370833206288964,36.6762161254882812
5.87791664378890832,49.6287499873288951,31.5238857269287109
5.88624997708890874,49.6287499873288951,64.8660354614257812
5.89458331038890826,49.6287499873288951,69.1010894775390625
5.90291664368890867,49.6287499873288951,36.4067611694335938
5.91124997698890819,49.6287499873288951,93.0709991455078125
5.91958331028890861,49.6287499873288951,180.472076416015625
5.92791664358890902,49.6287499873288951,40.6567611694335938
5.93624997688890854,49.6287499873288951,25.379425048828125
5.94458331018890895,49.6287499873288951,30.8178958892822266
5.95291664348890848,49.6287499873288951,45.7006454467773438
5.96124997678890889,49.6287499873288951,52.262725830078125
5.96958331008890841,49.6287499873288951,91.3162307739257812
5.97791664338890882,49.6287499873288951,73.6801300048828125
5.98624997668890835,49.6287499873288951,52.245391845703125
5.99458330998890876,49.6287499873288951,49.8423118591308594
6.00291664328890828,49.6287499873288951,89.0420074462890625
6.01124997658890869,49.6287499873288951,290.42333984375
6.01958330988890822,49.6287499873288951,757.1754150390625
6.02791664318890863,49.6287499873288951,632.429931640625
6.03624997648890904,49.6287499873288951,600.75640869140625
6.04458330978890856,49.6287499873288951,305.439453125
6.05291664308890898,49.6287499873288951,227.570571899414062
6.0612499763889085,49.6287499873288951,277.444091796875
6.06958330968890891,49.6287499873288951,313.126251220703125
6.07791664298890844,49.6287499873288951,274.135009765625
6.08624997628890885,49.6287499873288951,180.465087890625
6.09458330958890837,49.6287499873288951,267.5040283203125
6.10291664288890878,49.6287499873288951,616.4735107421875
6.11124997618890831,49.6287499873288951,1606.6123046875
6.11958330948890872,49.6287499873288951,2062.961181640625
6.12791664278890824,49.6287499873288951,1579.294677734375
6.13624997608890865,49.6287499873288951,2288.253173828125
6.14458330938890818,49.6287499873288951,1463.395263671875
6.15291664268890859,49.6287499873288951,922.60650634765625
6.161249975988909,49.6287499873288951,991.2935791015625
6.16958330928890852,49.6287499873288951,1212.6708984375
6.17791664258890894,49.6287499873288951,1184.1895751953125
6.18624997588890846,49.6287499873288951,504.558074951171875
6.19458330918890887,49.6287499873288951,211.815505981445312
6.20291664248890839,49.6287499873288951,406.652587890625
6.21124997578890881,49.6287499873288951,333.567718505859375
6.21958330908890833,49.6287499873288951,177.66546630859375
6.22791664238890874,49.6287499873288951,75.09637451171875
6.23624997568890826,49.6287499873288951,48.6161079406738281
6.24458330898890868,49.6287499873288951,55.3488693237304688
6.25291664228890909,49.6287499873288951,75.7615432739257812
6.26124997558890861,49.6287499873288951,232.629669189453125
6.26958330888890902,49.6287499873288951,515.364990234375
6.27791664218890855,49.6287499873288951,273.39404296875
6.28624997548890896,49.6287499873288951,126.759201049804688
6.29458330878890848,49.6287499873288951,38.3870468139648438
6.30291664208890889,49.6287499873288951,29.0820789337158203
6.31124997538890842,49.6287499873288951,21.49468994140625
6.31958330868890883,49.6287499873288951,21.3657245635986328
6.32791664198890835,49.6287499873288951,56.5003509521484375
6.33624997528890876,49.6287499873288951,144.962432861328125
6.34458330858890829,49.6287499873288951,48.0751380920410156
6.3529166418889087,49.6287499873288951,41.162567138671875
6.36124997518890822,49.6287499873288951,40.6515693664550781
6.36958330848890864,49.6287499873288951,29.7560100555419922
6.37791664178890905,49.6287499873288951,30.0165195465087891
6.38624997508890857,49.6287499873288951,30.4228363037109375
6.39458330838890898,49.6287499873288951,35.6236610412597656
6.40291664168890851,49.6287499873288951,64.167938232421875
6.41124997498890892,49.6287499873288951,46.0764808654785156
6.41958330828890844,49.6287499873288951,104.374046325683594
5.87791664378890832,49.6204166540288938,24.0792675018310547
5.88624997708890874,49.6204166540288938,27.5225048065185547
5.89458331038890826,49.6204166540288938,28.4970493316650391
5.90291664368890867,49.6204166540288938,26.9337654113769531
5.91124997698890819,49.6204166540288938,28.8767108917236328
5.91958331028890861,49.6204166540288938,36.9476890563964844
5.92791664358890902,49.6204166540288938,24.7767162322998047
5.93624997688890854,49.6204166540288938,29.8547286987304688
5.94458331018890895,49.6204166540288938,100.949806213378906
5.95291664348890848,49.6204166540288938,208.913711547851562
5.96124997678890889,49.6204166540288938,50.3687248229980469
5.96958331008890841,49.6204166540288938,27.8365612030029297
5.97791664338890882,49.6204166540288938,71.2448806762695312
5.98624997668890835,49.6204166540288938,133.27679443359375
5.99458330998890876,49.6204166540288938,114.441360473632812
6.00291664328890828,49.6204166540288938,170.414596557617188
6.01124997658890869,49.6204166540288938,305.55657958984375
6.01958330988890822,49.6204166540288938,191.190261840820312
6.02791664318890863,49.6204166540288938,328.529510498046875
6.03624997648890904,49.6204166540288938,477.1258544921875
6.04458330978890856,49.6204166540288938,457.4217529296875
6.05291664308890898,49.6204166540288938,968.7110595703125
6.0612499763889085,49.6204166540288938,971.080322265625
6.06958330968890891,49.6204166540288938,987.60919189453125
6.07791664298890844,49.6204166540288938,1147.114013671875
6.08624997628890885,49.6204166540288938,855.9307861328125
6.09458330958890837,49.6204166540288938,1248.5352783203125
6.10291664288890878,49.6204166540288938,2039.1102294921875
6.11124997618890831,49.6204166540288938,2985.868896484375
6.11958330948890872,49.6204166540288938,4724.19677734375
6.12791664278890824,49.6204166540288938,3539.19970703125
6.13624997608890865,49.6204166540288938,1150.6883544921875
6.14458330938890818,49.6204166540288938,1209.3936767578125
6.15291664268890859,49.6204166540288938,1461.133544921875
6.161249975988909,49.6204166540288938,2190.16162109375
6.16958330928890852,49.6204166540288938,2369.421142578125
6.17791664258890894,49.6204166540288938,2259.0078125
6.18624997588890846,49.6204166540288938,988.5609130859375
6.19458330918890887,49.6204166540288938,441.136077880859375
6.20291664248890839,49.6204166540288938,230.369369506835938
6.21124997578890881,49.6204166540288938,185.853363037109375
6.21958330908890833,49.6204166540288938,284.06915283203125
6.22791664238890874,49.6204166540288938,122.0499267578125
6.23624997568890826,49.6204166540288938,88.7597732543945312
6.24458330898890868,49.6204166540288938,100.812728881835938
6.25291664228890909,49.6204166540288938,132.160110473632812
6.26124997558890861,49.6204166540288938,310.484710693359375
6.26958330888890902,49.6204166540288938,410.22021484375
6.27791664218890855,49.6204166540288938,148.839462280273438
6.28624997548890896,49.6204166540288938,44.5196151733398438
6.29458330878890848,49.6204166540288938,29.8859462738037109
6.30291664208890889,49.6204166540288938,31.4894962310791016
6.31124997538890842,49.6204166540288938,26.1160030364990234
6.31958330868890883,49.6204166540288938,34.1736526489257812
6.32791664198890835,49.6204166540288938,41.4690322875976562
6.33624997528890876,49.6204166540288938,29.0167388916015625
6.34458330858890829,49.6204166540288938,35.5111198425292969
6.3529166418889087,49.6204166540288938,150.843154907226562
6.36124997518890822,49.6204166540288938,48.9114952087402344
6.36958330848890864,49.6204166540288938,24.9108772277832031
6.37791664178890905,49.6204166540288938,29.8102035522460938
6.38624997508890857,49.6204166540288938,49.6569557189941406
6.39458330838890898,49.6204166540288938,140.992233276367188
6.40291664168890851,49.6204166540288938,99.3846969604492188
6.41124997498890892,49.6204166540288938,60.9673919677734375
5.8695833104889088,49.6120833207288996,27.0425472259521484
5.87791664378890832,49.6120833207288996,39.187225341796875
5.88624997708890874,49.6120833207288996,28.3139533996582031
5.89458331038890826,49.6120833207288996,28.0991497039794922
5.90291664368890867,49.6120833207288996,27.7219009399414062
5.91124997698890819,49.6120833207288996,25.0533313751220703
5.91958331028890861,49.6120833207288996,30.4353466033935547
5.92791664358890902,49.6120833207288996,32.4348945617675781
5.93624997688890854,49.6120833207288996,33.3644943237304688
5.94458331018890895,49.6120833207288996,157.014877319335938
5.95291664348890848,49.6120833207288996,304.8087158203125
5.96124997678890889,49.6120833207288996,69.6162109375
5.96958331008890841,49.6120833207288996,30.5422477722167969
5.97791664338890882,49.6120833207288996,50.5938186645507812
5.98624997668890835,49.6120833207288996,152.33453369140625
5.99458330998890876,49.6120833207288996,119.33062744140625
6.00291664328890828,49.6120833207288996,58.2967605590820312
6.01124997658890869,49.6120833207288996,53.3564796447753906
6.01958330988890822,49.6120833207288996,45.5522499084472656
6.02791664318890863,49.6120833207288996,73.5943374633789062
6.03624997648890904,49.6120833207288996,167.286163330078125
6.04458330978890856,49.6120833207288996,618.85455322265625
6.05291664308890898,49.6120833207288996,981.36114501953125
6.0612499763889085,49.6120833207288996,769.13653564453125
6.06958330968890891,49.6120833207288996,785.93304443359375
6.07791664298890844,49.6120833207288996,883.4334716796875
6.08624997628890885,49.6120833207288996,534.80377197265625
6.09458330958890837,49.6120833207288996,1143.0142822265625
6.10291664288890878,49.6120833207288996,3573.60986328125
6.11124997618890831,49.6120833207288996,5050.0087890625
6.11958330948890872,49.6120833207288996,3835.6953125
6.12791664278890824,49.6120833207288996,1967.6134033203125
6.13624997608890865,49.6120833207288996,1482.1571044921875
6.14458330938890818,49.6120833207288996,1338.1478271484375
6.15291664268890859,49.6120833207288996,1865.0386962890625
6.161249975988909,49.6120833207288996,1800.5703125
6.16958330928890852,49.6120833207288996,1356.15625
6.17791664258890894,49.6120833207288996,980.13641357421875
6.18624997588890846,49.6120833207288996,146.612014770507812
6.19458330918890887,49.6120833207288996,208.190277099609375
6.20291664248890839,49.6120833207288996,219.3922119140625
6.21124997578890881,49.6120833207288996,295.7127685546875
6.21958330908890833,49.6120833207288996,244.0101318359375
6.22791664238890874,49.6120833207288996,225.702911376953125
6.23624997568890826,49.6120833207288996,128.834579467773438
6.24458330898890868,49.6120833207288996,352.343475341796875
6.25291664228890909,49.6120833207288996,273.30633544921875
6.26124997558890861,49.6120833207288996,224.745956420898438
6.26958330888890902,49.6120833207288996,78.6896286010742188
6.27791664218890855,49.6120833207288996,48.6899681091308594
6.28624997548890896,49.6120833207288996,35.0305747985839844
6.29458330878890848,49.6120833207288996,31.3056545257568359
6.30291664208890889,49.6120833207288996,56.5644454956054688
6.31124997538890842,49.6120833207288996,97.0969467163085938
6.31958330868890883,49.6120833207288996,235.318099975585938
6.32791664198890835,49.6120833207288996,283.198333740234375
6.33624997528890876,49.6120833207288996,89.1835861206054688
6.34458330858890829,49.6120833207288996,29.0591793060302734
6.3529166418889087,49.6120833207288996,34.95574951171875
6.36124997518890822,49.6120833207288996,43.784759521484375
6.36958330848890864,49.6120833207288996,36.8885498046875
6.37791664178890905,49.6120833207288996,59.443115234375
6.38624997508890857,49.6120833207288996,64.7856216430664062
6.39458330838890898,49.6120833207288996,237.541534423828125
5.86124997718890839,49.6037499874288983,50.20904541015625
5.8695833104889088,49.6037499874288983,198.513931274414062
5.87791664378890832,49.6037499874288983,203.862472534179688
5.88624997708890874,49.6037499874288983,72.5747528076171875
5.89458331038890826,49.6037499874288983,70.7823028564453125
5.90291664368890867,49.6037499874288983,76.4789810180664062
5.91124997698890819,49.6037499874288983,52.51934814453125
5.91958331028890861,49.6037499874288983,35.9203605651855469
5.92791664358890902,49.6037499874288983,74.2083358764648438
5.93624997688890854,49.6037499874288983,55.6663894653320312
5.94458331018890895,49.6037499874288983,108.609458923339844
5.95291664348890848,49.6037499874288983,61.71881103515625
5.96124997678890889,49.6037499874288983,26.5289211273193359
5.96958331008890841,49.6037499874288983,26.2253265380859375
5.97791664338890882,49.6037499874288983,28.1592941284179688
5.98624997668890835,49.6037499874288983,30.8865451812744141
5.99458330998890876,49.6037499874288983,37.9557342529296875
6.00291664328890828,49.6037499874288983,33.7569580078125
6.01124997658890869,49.6037499874288983,27.7843513488769531
6.01958330988890822,49.6037499874288983,34.0577011108398438
6.02791664318890863,49.6037499874288983,55.1184730529785156
6.03624997648890904,49.6037499874288983,116.843063354492188
6.04458330978890856,49.6037499874288983,285.16241455078125
6.05291664308890898,49.6037499874288983,562.085205078125
6.0612499763889085,49.6037499874288983,347.691741943359375
6.06958330968890891,49.6037499874288983,608.31268310546875
6.07791664298890844,49.6037499874288983,903.28790283203125
6.08624997628890885,49.6037499874288983,715.711669921875
6.09458330958890837,49.6037499874288983,1063.4801025390625
6.10291664288890878,49.6037499874288983,1928.918212890625
6.11124997618890831,49.6037499874288983,2197.22998046875
6.11958330948890872,49.6037499874288983,2534.63330078125
6.12791664278890824,49.6037499874288983,5526.72216796875
6.13624997608890865,49.6037499874288983,5270.52783203125
6.14458330938890818,49.6037499874288983,2958.772705078125
6.15291664268890859,49.6037499874288983,615.36187744140625
6.161249975988909,49.6037499874288983,409.189697265625
6.16958330928890852,49.6037499874288983,265.18017578125
6.17791664258890894,49.6037499874288983,117.295364379882812
6.18624997588890846,49.6037499874288983,86.2882537841796875
6.19458330918890887,49.6037499874288983,208.406784057617188
6.20291664248890839,49.6037499874288983,328.430633544921875
6.21124997578890881,49.6037499874288983,158.869598388671875
6.21958330908890833,49.6037499874288983,174.992706298828125
6.22791664238890874,49.6037499874288983,67.8877944946289062
6.23624997568890826,49.6037499874288983,74.1826858520507812
6.24458330898890868,49.6037499874288983,106.443588256835938
6.25291664228890909,49.6037499874288983,186.813995361328125
6.26124997558890861,49.6037499874288983,213.702865600585938
6.26958330888890902,49.6037499874288983,105.736244201660156
6.27791664218890855,49.6037499874288983,48.4082145690917969
6.28624997548890896,49.6037499874288983,30.835479736328125
6.29458330878890848,49.6037499874288983,35.3387413024902344
6.30291664208890889,49.6037499874288983,86.6434402465820312
6.31124997538890842,49.6037499874288983,129.985580444335938
6.31958330868890883,49.6037499874288983,188.266525268554688
6.32791664198890835,49.6037499874288983,104.894874572753906
6.33624997528890876,49.6037499874288983,42.1119956970214844
6.34458330858890829,49.6037499874288983,28.8963356018066406
6.3529166418889087,49.6037499874288983,32.3968467712402344
6.36124997518890822,49.6037499874288983,92.579681396484375
6.36958330848890864,49.6037499874288983,156.9541015625
6.37791664178890905,49.6037499874288983,102.349899291992188
6.38624997508890857,49.6037499874288983,490.56219482421875
5.86124997718890839,49.595416654128897,55.3502616882324219
5.8695833104889088,49.595416654128897,301.808624267578125
5.87791664378890832,49.595416654128897,492.6845703125
5.88624997708890874,49.595416654128897,229.406707763671875
5.89458331038890826,49.595416654128897,56.1779441833496094
5.90291664368890867,49.595416654128897,46.736175537109375
5.91124997698890819,49.595416654128897,38.4726753234863281
5.91958331028890861,49.595416654128897,33.4460105895996094
5.92791664358890902,49.595416654128897,30.7908687591552734
5.93624997688890854,49.595416654128897,53.0155868530273438
5.94458331018890895,49.595416654128897,143.50286865234375
5.95291664348890848,49.595416654128897,82.7311630249023438
5.96124997678890889,49.595416654128897,37.6894149780273438
5.96958331008890841,49.595416654128897,53.5476303100585938
5.97791664338890882,49.595416654128897,57.762359619140625
5.98624997668890835,49.595416654128897,68.43756103515625
5.99458330998890876,49.595416654128897,63.8251724243164062
6.00291664328890828,49.595416654128897,49.3828773498535156
6.01124997658890869,49.595416654128897,31.1126480102539062
6.01958330988890822,49.595416654128897,43.8046760559082031
6.02791664318890863,49.595416654128897,47.9511566162109375
6.03624997648890904,49.595416654128897,59.3962821960449219
6.04458330978890856,49.595416654128897,93.3544235229492188
6.05291664308890898,49.595416654128897,131.1204833984375
6.0612499763889085,49.595416654128897,116.921226501464844
6.06958330968890891,49.595416654128897,138.986068725585938
6.07791664298890844,49.595416654128897,163.502960205078125
6.08624997628890885,49.595416654128897,167.87994384765625
6.09458330958890837,49.595416654128897,177.960769653320312
6.10291664288890878,49.595416654128897,444.8709716796875
6.11124997618890831,49.595416654128897,824.0186767578125
6.11958330948890872,49.595416654128897,1994.58154296875
6.12791664278890824,49.595416654128897,3708.31787109375
6.13624997608890865,49.595416654128897,5550.87548828125
6.14458330938890818,49.595416654128897,4480.37939453125
6.15291664268890859,49.595416654128897,1798.2698974609375
6.161249975988909,49.595416654128897,275.844085693359375
6.16958330928890852,49.595416654128897,302.186981201171875
6.17791664258890894,49.595416654128897,138.903701782226562
6.18624997588890846,49.595416654128897,81.9424514770507812
6.19458330918890887,49.595416654128897,204.63385009765625
6.20291664248890839,49.595416654128897,597.77166748046875
6.21124997578890881,49.595416654128897,361.26043701171875
6.21958330908890833,49.595416654128897,358.880706787109375
6.22791664238890874,49.595416654128897,110.888168334960938
6.23624997568890826,49.595416654128897,39.4487533569335938
6.24458330898890868,49.595416654128897,64.3201446533203125
6.25291664228890909,49.595416654128897,129.374603271484375
6.26124997558890861,49.595416654128897,176.781646728515625
6.26958330888890902,49.595416654128897,55.1255073547363281
6.27791664218890855,49.595416654128897,31.0909061431884766
6.28624997548890896,49.595416654128897,23.8413906097412109
6.29458330878890848,49.595416654128897,26.3159656524658203
6.30291664208890889,49.595416654128897,45.9284553527832031
6.31124997538890842,49.595416654128897,60.2527847290039062
6.31958330868890883,49.595416654128897,34.8228034973144531
6.32791664198890835,49.595416654128897,31.2814254760742188
6.33624997528890876,49.595416654128897,30.8717479705810547
6.34458330858890829,49.595416654128897,31.1051483154296875
6.3529166418889087,49.595416654128897,45.1823463439941406
6.36124997518890822,49.595416654128897,91.779876708984375
6.36958330848890864,49.595416654128897,100.810066223144531
6.37791664178890905,49.595416654128897,102.994216918945312
5.87791664378890832,49.5870833208288957,126.691322326660156
5.88624997708890874,49.5870833208288957,58.5078659057617188
5.89458331038890826,49.5870833208288957,39.0634498596191406
5.90291664368890867,49.5870833208288957,47.5939674377441406
5.91124997698890819,49.5870833208288957,54.4616851806640625
5.91958331028890861,49.5870833208288957,42.4569625854492188
5.92791664358890902,49.5870833208288957,37.9264030456542969
5.93624997688890854,49.5870833208288957,35.9989776611328125
5.94458331018890895,49.5870833208288957,54.6760444641113281
5.95291664348890848,49.5870833208288957,222.193756103515625
5.96124997678890889,49.5870833208288957,218.9390869140625
5.96958331008890841,49.5870833208288957,164.031707763671875
5.97791664338890882,49.5870833208288957,261.56060791015625
5.98624997668890835,49.5870833208288957,230.702621459960938
5.99458330998890876,49.5870833208288957,111.959884643554688
6.00291664328890828,49.5870833208288957,37.7118453979492188
6.01124997658890869,49.5870833208288957,29.5452442169189453
6.01958330988890822,49.5870833208288957,31.5460681915283203
6.02791664318890863,49.5870833208288957,42.4944076538085938
6.03624997648890904,49.5870833208288957,31.5985450744628906
6.04458330978890856,49.5870833208288957,37.1850776672363281
6.05291664308890898,49.5870833208288957,45.4659461975097656
6.0612499763889085,49.5870833208288957,68.1047210693359375
6.06958330968890891,49.5870833208288957,37.1809501647949219
6.07791664298890844,49.5870833208288957,72.5418701171875
6.08624997628890885,49.5870833208288957,276.44024658203125
6.09458330958890837,49.5870833208288957,220.843032836914062
6.10291664288890878,49.5870833208288957,450.680267333984375
6.11124997618890831,49.5870833208288957,529.97552490234375
6.11958330948890872,49.5870833208288957,1088.121337890625
6.12791664278890824,49.5870833208288957,764.7254638671875
6.13624997608890865,49.5870833208288957,2094.480224609375
6.14458330938890818,49.5870833208288957,1660.10986328125
6.15291664268890859,49.5870833208288957,331.912994384765625
6.161249975988909,49.5870833208288957,350.890655517578125
6.16958330928890852,49.5870833208288957,960.93597412109375
6.17791664258890894,49.5870833208288957,451.474212646484375
6.18624997588890846,49.5870833208288957,109.626602172851562
6.19458330918890887,49.5870833208288957,71.1375503540039062
6.20291664248890839,49.5870833208288957,60.7283706665039062
6.21124997578890881,49.5870833208288957,76.4950027465820312
6.21958330908890833,49.5870833208288957,203.75811767578125
6.22791664238890874,49.5870833208288957,310.7774658203125
6.23624997568890826,49.5870833208288957,81.1016769409179688
6.24458330898890868,49.5870833208288957,130.611862182617188
6.25291664228890909,49.5870833208288957,243.634201049804688
6.26124997558890861,49.5870833208288957,211.555953979492188
6.26958330888890902,49.5870833208288957,45.1479682922363281
6.27791664218890855,49.5870833208288957,21.1092147827148438
6.28624997548890896,49.5870833208288957,19.9634971618652344
6.29458330878890848,49.5870833208288957,18.9525985717773438
6.30291664208890889,49.5870833208288957,23.5766792297363281
6.31124997538890842,49.5870833208288957,36.7457427978515625
6.31958330868890883,49.5870833208288957,38.5513267517089844
6.32791664198890835,49.5870833208288957,31.9606590270996094
6.33624997528890876,49.5870833208288957,35.9018402099609375
6.34458330858890829,49.5870833208288957,43.8522605895996094
6.3529166418889087,49.5870833208288957,166.283660888671875
6.36124997518890822,49.5870833208288957,311.094879150390625
6.36958330848890864,49.5870833208288957,164.528045654296875
6.37791664178890905,49.5870833208288957,224.33953857421875
5.8695833104889088,49.5787499875288944,30.3624591827392578
5.87791664378890832,49.5787499875288944,41.1207122802734375
5.88624997708890874,49.5787499875288944,49.6048393249511719
5.89458331038890826,49.5787499875288944,62.3564529418945312
5.90291664368890867,49.5787499875288944,235.434722900390625
5.91124997698890819,49.5787499875288944,385.2747802734375
5.91958331028890861,49.5787499875288944,178.104644775390625
5.92791664358890902,49.5787499875288944,178.642471313476562
5.93624997688890854,49.5787499875288944,143.842239379882812
5.94458331018890895,49.5787499875288944,239.608642578125
5.95291664348890848,49.5787499875288944,501.106658935546875
5.96124997678890889,49.5787499875288944,483.9349365234375
5.96958331008890841,49.5787499875288944,115.025459289550781
5.97791664338890882,49.5787499875288944,143.483566284179688
5.98624997668890835,49.5787499875288944,213.426162719726562
5.99458330998890876,49.5787499875288944,222.42120361328125
6.00291664328890828,49.5787499875288944,51.7496490478515625
6.01124997658890869,49.5787499875288944,25.7348270416259766
6.01958330988890822,49.5787499875288944,25.8421783447265625
6.02791664318890863,49.5787499875288944,51.3812446594238281
6.03624997648890904,49.5787499875288944,78.8335037231445312
6.04458330978890856,49.5787499875288944,33.7260818481445312
6.05291664308890898,49.5787499875288944,62.8782310485839844
6.0612499763889085,49.5787499875288944,104.43682861328125
6.06958330968890891,49.5787499875288944,44.7736396789550781
6.07791664298890844,49.5787499875288944,64.897552490234375
6.08624997628890885,49.5787499875288944,195.181076049804688
6.09458330958890837,49.5787499875288944,304.249237060546875
6.10291664288890878,49.5787499875288944,148.688247680664062
6.11124997618890831,49.5787499875288944,513.904296875
6.11958330948890872,49.5787499875288944,734.18072509765625
6.12791664278890824,49.5787499875288944,1145.76806640625
6.13624997608890865,49.5787499875288944,1215.2750244140625
6.14458330938890818,49.5787499875288944,746.9462890625
6.15291664268890859,49.5787499875288944,654.7301025390625
6.161249975988909,49.5787499875288944,500.480072021484375
6.16958330928890852,49.5787499875288944,272.238922119140625
6.17791664258890894,49.5787499875288944,199.378494262695312
6.18624997588890846,49.5787499875288944,116.905364990234375
6.19458330918890887,49.5787499875288944,62.4083824157714844
6.20291664248890839,49.5787499875288944,32.2767372131347656
6.21124997578890881,49.5787499875288944,50.4103622436523438
6.21958330908890833,49.5787499875288944,208.131240844726562
6.22791664238890874,49.5787499875288944,161.808486938476562
6.23624997568890826,49.5787499875288944,64.9329605102539062
6.24458330898890868,49.5787499875288944,56.5823860168457031
6.25291664228890909,49.5787499875288944,49.6403388977050781
6.26124997558890861,49.5787499875288944,42.586456298828125
6.26958330888890902,49.5787499875288944,57.4829635620117188
6.27791664218890855,49.5787499875288944,83.0286331176757812
6.28624997548890896,49.5787499875288944,25.3977508544921875
6.29458330878890848,49.5787499875288944,16.4494972229003906
6.30291664208890889,49.5787499875288944,17.2749118804931641
6.31124997538890842,49.5787499875288944,35.5144081115722656
6.31958330868890883,49.5787499875288944,32.8230514526367188
6.32791664198890835,49.5787499875288944,36.6849479675292969
6.33624997528890876,49.5787499875288944,36.9349632263183594
6.34458330858890829,49.5787499875288944,39.6783866882324219
6.3529166418889087,49.5787499875288944,90.6423263549804688
6.36124997518890822,49.5787499875288944,125.804107666015625
5.86124997718890839,49.5704166542288931,73.6984176635742188
5.8695833104889088,49.5704166542288931,118.123367309570312
5.87791664378890832,49.5704166542288931,122.556114196777344
5.88624997708890874,49.5704166542288931,258.744903564453125
5.89458331038890826,49.5704166542288931,158.722763061523438
5.90291664368890867,49.5704166542288931,521.20367431640625
5.91124997698890819,49.5704166542288931,872.40557861328125
5.91958331028890861,49.5704166542288931,843.67425537109375
5.92791664358890902,49.5704166542288931,839.47210693359375
5.93624997688890854,49.5704166542288931,554.2066650390625
5.94458331018890895,49.5704166542288931,158.1220703125
5.95291664348890848,49.5704166542288931,84.5927810668945312
5.96124997678890889,49.5704166542288931,82.6653671264648438
5.96958331008890841,49.5704166542288931,42.6364707946777344
5.97791664338890882,49.5704166542288931,123.178352355957031
5.98624997668890835,49.5704166542288931,207.282211303710938
5.99458330998890876,49.5704166542288931,188.612167358398438
6.00291664328890828,49.5704166542288931,95.1921539306640625
6.01124997658890869,49.5704166542288931,43.8338661193847656
6.01958330988890822,49.5704166542288931,29.4477806091308594
6.02791664318890863,49.5704166542288931,76.141632080078125
6.03624997648890904,49.5704166542288931,101.540122985839844
6.04458330978890856,49.5704166542288931,31.9755191802978516
6.05291664308890898,49.5704166542288931,42.741119384765625
6.0612499763889085,49.5704166542288931,200.44317626953125
6.06958330968890891,49.5704166542288931,209.04449462890625
6.07791664298890844,49.5704166542288931,263.235137939453125
6.08624997628890885,49.5704166542288931,200.296524047851562
6.09458330958890837,49.5704166542288931,80.3496551513671875
6.10291664288890878,49.5704166542288931,126.298835754394531
6.11124997618890831,49.5704166542288931,197.823837280273438
6.11958330948890872,49.5704166542288931,206.651947021484375
6.12791664278890824,49.5704166542288931,358.342041015625
6.13624997608890865,49.5704166542288931,396.0843505859375
6.14458330938890818,49.5704166542288931,762.05450439453125
6.15291664268890859,49.5704166542288931,1120.0211181640625
6.161249975988909,49.5704166542288931,1072.3983154296875
6.16958330928890852,49.5704166542288931,410.556884765625
6.17791664258890894,49.5704166542288931,107.170516967773438
6.18624997588890846,49.5704166542288931,60.8379325866699219
6.19458330918890887,49.5704166542288931,53.436248779296875
6.20291664248890839,49.5704166542288931,36.5865287780761719
6.21124997578890881,49.5704166542288931,75.1446304321289062
6.21958330908890833,49.5704166542288931,128.56121826171875
6.22791664238890874,49.5704166542288931,53.4603462219238281
6.23624997568890826,49.5704166542288931,33.6190528869628906
6.24458330898890868,49.5704166542288931,28.4912776947021484
6.25291664228890909,49.5704166542288931,28.7188854217529297
6.26124997558890861,49.5704166542288931,16.8717365264892578
6.26958330888890902,49.5704166542288931,33.0427017211914062
6.27791664218890855,49.5704166542288931,125.276451110839844
6.28624997548890896,49.5704166542288931,77.1401443481445312
6.29458330878890848,49.5704166542288931,18.4483909606933594
6.30291664208890889,49.5704166542288931,15.8859357833862305
6.31124997538890842,49.5704166542288931,38.5009841918945312
6.31958330868890883,49.5704166542288931,36.6702766418457031
6.32791664198890835,49.5704166542288931,37.6951408386230469
6.33624997528890876,49.5704166542288931,37.1721916198730469
6.34458330858890829,49.5704166542288931,46.2605247497558594
6.3529166418889087,49.5704166542288931,93.3860626220703125
6.36124997518890822,49.5704166542288931,146.40106201171875
6.36958330848890864,49.5704166542288931,171.4351806640625
5.84458331058890845,49.5620833209288989,461.722625732421875
5.85291664388890887,49.5620833209288989,343.73876953125
5.86124997718890839,49.5620833209288989,683.4361572265625
5.8695833104889088,49.5620833209288989,962.227783203125
5.87791664378890832,49.5620833209288989,1037.40087890625
5.88624997708890874,49.5620833209288989,1042.3427734375
5.89458331038890826,49.5620833209288989,610.251708984375
5.90291664368890867,49.5620833209288989,637.16827392578125
5.91124997698890819,49.5620833209288989,562.143310546875
5.91958331028890861,49.5620833209288989,534.88720703125
5.92791664358890902,49.5620833209288989,566.37353515625
5.93624997688890854,49.5620833209288989,403.234832763671875
5.94458331018890895,49.5620833209288989,87.2844467163085938
5.95291664348890848,49.5620833209288989,48.90289306640625
5.96124997678890889,49.5620833209288989,40.0780220031738281
5.96958331008890841,49.5620833209288989,44.199493408203125
5.97791664338890882,49.5620833209288989,65.7868194580078125
5.98624997668890835,49.5620833209288989,50.952880859375
5.99458330998890876,49.5620833209288989,42.1554183959960938
6.00291664328890828,49.5620833209288989,210.333709716796875
6.01124997658890869,49.5620833209288989,291.031524658203125
6.01958330988890822,49.5620833209288989,65.3163681030273438
6.02791664318890863,49.5620833209288989,27.2977504730224609
6.03624997648890904,49.5620833209288989,21.2162418365478516
6.04458330978890856,49.5620833209288989,19.7099075317382812
6.05291664308890898,49.5620833209288989,41.041229248046875
6.0612499763889085,49.5620833209288989,149.161102294921875
6.06958330968890891,49.5620833209288989,258.5115966796875
6.07791664298890844,49.5620833209288989,217.233901977539062
6.08624997628890885,49.5620833209288989,89.8111724853515625
6.09458330958890837,49.5620833209288989,66.7351837158203125
6.10291664288890878,49.5620833209288989,145.292739868164062
6.11124997618890831,49.5620833209288989,272.884033203125
6.11958330948890872,49.5620833209288989,97.330413818359375
6.12791664278890824,49.5620833209288989,112.222496032714844
6.13624997608890865,49.5620833209288989,98.9669113159179688
6.14458330938890818,49.5620833209288989,335.694427490234375
6.15291664268890859,49.5620833209288989,545.14013671875
6.161249975988909,49.5620833209288989,634.76043701171875
6.16958330928890852,49.5620833209288989,337.34735107421875
6.17791664258890894,49.5620833209288989,98.8972320556640625
6.18624997588890846,49.5620833209288989,63.2861824035644531
6.19458330918890887,49.5620833209288989,44.0674057006835938
6.20291664248890839,49.5620833209288989,49.1898384094238281
6.21124997578890881,49.5620833209288989,85.8543853759765625
6.21958330908890833,49.5620833209288989,251.580718994140625
6.22791664238890874,49.5620833209288989,77.5235137939453125
6.23624997568890826,49.5620833209288989,27.9533576965332031
6.24458330898890868,49.5620833209288989,23.2563648223876953
6.25291664228890909,49.5620833209288989,23.8426723480224609
6.26124997558890861,49.5620833209288989,20.0568790435791016
6.26958330888890902,49.5620833209288989,16.8400459289550781
6.27791664218890855,49.5620833209288989,32.0597457885742188
6.28624997548890896,49.5620833209288989,64.532989501953125
6.29458330878890848,49.5620833209288989,47.0671157836914062
6.30291664208890889,49.5620833209288989,24.6749496459960938
6.31124997538890842,49.5620833209288989,60.6171531677246094
6.31958330868890883,49.5620833209288989,77.5917205810546875
6.32791664198890835,49.5620833209288989,93.518524169921875
6.33624997528890876,49.5620833209288989,73.3194961547851562
6.34458330858890829,49.5620833209288989,48.7356109619140625
6.3529166418889087,49.5620833209288989,108.233779907226562
6.36124997518890822,49.5620833209288989,230.5469970703125
6.36958330848890864,49.5620833209288989,251.140518188476562
6.37791664178890905,49.5620833209288989,155.683502197265625
5.82791664398890852,49.5537499876288976,813.85845947265625
5.83624997728890893,49.5537499876288976,1170.7911376953125
5.84458331058890845,49.5537499876288976,1474.139404296875
5.85291664388890887,49.5537499876288976,1298.2041015625
5.86124997718890839,49.5537499876288976,1283.783203125
5.8695833104889088,49.5537499876288976,1414.7109375
5.87791664378890832,49.5537499876288976,1411.2750244140625
5.88624997708890874,49.5537499876288976,1037.7568359375
5.89458331038890826,49.5537499876288976,306.961212158203125
5.90291664368890867,49.5537499876288976,238.612884521484375
5.91124997698890819,49.5537499876288976,128.848587036132812
5.91958331028890861,49.5537499876288976,192.420623779296875
5.92791664358890902,49.5537499876288976,378.422698974609375
5.93624997688890854,49.5537499876288976,173.311019897460938
5.94458331018890895,49.5537499876288976,59.8347625732421875
5.95291664348890848,49.5537499876288976,49.5547256469726562
5.96124997678890889,49.5537499876288976,40.5251197814941406
5.96958331008890841,49.5537499876288976,39.806640625
5.97791664338890882,49.5537499876288976,66.9592742919921875
5.98624997668890835,49.5537499876288976,45.5912513732910156
5.99458330998890876,49.5537499876288976,34.9548301696777344
6.00291664328890828,49.5537499876288976,56.372222900390625
6.01124997658890869,49.5537499876288976,120.033454895019531
6.01958330988890822,49.5537499876288976,74.8943634033203125
6.02791664318890863,49.5537499876288976,32.3629074096679688
6.03624997648890904,49.5537499876288976,29.1870861053466797
6.04458330978890856,49.5537499876288976,44.066070556640625
6.05291664308890898,49.5537499876288976,58.2677268981933594
6.0612499763889085,49.5537499876288976,49.2297286987304688
6.06958330968890891,49.5537499876288976,70.1633529663085938
6.07791664298890844,49.5537499876288976,47.4288558959960938
6.08624997628890885,49.5537499876288976,50.3556938171386719
6.09458330958890837,49.5537499876288976,54.286712646484375
6.10291664288890878,49.5537499876288976,114.95556640625
6.11124997618890831,49.5537499876288976,98.582427978515625
6.11958330948890872,49.5537499876288976,69.96417236328125
6.12791664278890824,49.5537499876288976,91.8858642578125
6.13624997608890865,49.5537499876288976,73.7809677124023438
6.14458330938890818,49.5537499876288976,87.5721282958984375
6.15291664268890859,49.5537499876288976,112.697784423828125
6.161249975988909,49.5537499876288976,106.780960083007812
6.16958330928890852,49.5537499876288976,117.179405212402344
6.17791664258890894,49.5537499876288976,54.6376876831054688
6.18624997588890846,49.5537499876288976,39.1914863586425781
6.19458330918890887,49.5537499876288976,69.8337249755859375
6.20291664248890839,49.5537499876288976,261.610748291015625
6.21124997578890881,49.5537499876288976,173.056198120117188
6.21958330908890833,49.5537499876288976,53.4600257873535156
6.22791664238890874,49.5537499876288976,28.3316516876220703
6.23624997568890826,49.5537499876288976,22.5306415557861328
6.24458330898890868,49.5537499876288976,25.2387962341308594
6.25291664228890909,49.5537499876288976,44.4121589660644531
6.26124997558890861,49.5537499876288976,45.7861785888671875
6.26958330888890902,49.5537499876288976,17.1475582122802734
6.27791664218890855,49.5537499876288976,52.4922256469726562
6.28624997548890896,49.5537499876288976,98.451324462890625
6.29458330878890848,49.5537499876288976,46.4735565185546875
6.30291664208890889,49.5537499876288976,35.85711669921875
6.31124997538890842,49.5537499876288976,224.538055419921875
6.31958330868890883,49.5537499876288976,306.773895263671875
6.32791664198890835,49.5537499876288976,290.806121826171875
6.33624997528890876,49.5537499876288976,169.662109375
6.34458330858890829,49.5537499876288976,88.1114425659179688
6.3529166418889087,49.5537499876288976,113.253318786621094
6.36124997518890822,49.5537499876288976,184.958938598632812
6.36958330848890864,49.5537499876288976,194.213485717773438
5.81958331068890899,49.5454166543288963,1120.891845703125
5.84458331058890845,49.5454166543288963,1173.7806396484375
5.85291664388890887,49.5454166543288963,1021.5556640625
5.86124997718890839,49.5454166543288963,519.57476806640625
5.8695833104889088,49.5454166543288963,193.011459350585938
5.87791664378890832,49.5454166543288963,230.090667724609375
5.88624997708890874,49.5454166543288963,804.00506591796875
5.89458331038890826,49.5454166543288963,1185.7545166015625
5.90291664368890867,49.5454166543288963,983.81134033203125
5.91124997698890819,49.5454166543288963,464.1717529296875
5.91958331028890861,49.5454166543288963,435.25946044921875
5.92791664358890902,49.5454166543288963,602.26068115234375
5.93624997688890854,49.5454166543288963,263.83428955078125
5.94458331018890895,49.5454166543288963,182.98712158203125
5.95291664348890848,49.5454166543288963,387.4625244140625
5.96124997678890889,49.5454166543288963,101.939048767089844
5.96958331008890841,49.5454166543288963,55.5110359191894531
5.97791664338890882,49.5454166543288963,94.7160415649414062
5.98624997668890835,49.5454166543288963,88.31744384765625
5.99458330998890876,49.5454166543288963,61.6741294860839844
6.00291664328890828,49.5454166543288963,60.827789306640625
6.01124997658890869,49.5454166543288963,144.386978149414062
6.01958330988890822,49.5454166543288963,179.564605712890625
6.02791664318890863,49.5454166543288963,92.7799835205078125
6.03624997648890904,49.5454166543288963,150.199600219726562
6.04458330978890856,49.5454166543288963,100.726669311523438
6.05291664308890898,49.5454166543288963,36.7588005065917969
6.0612499763889085,49.5454166543288963,32.1974945068359375
6.06958330968890891,49.5454166543288963,46.6863365173339844
6.07791664298890844,49.5454166543288963,58.3370094299316406
6.08624997628890885,49.5454166543288963,50.0817680358886719
6.09458330958890837,49.5454166543288963,49.6273193359375
6.10291664288890878,49.5454166543288963,54.7504158020019531
6.11124997618890831,49.5454166543288963,164.224746704101562
6.11958330948890872,49.5454166543288963,396.805572509765625
6.12791664278890824,49.5454166543288963,228.7637939453125
6.13624997608890865,49.5454166543288963,360.380615234375
6.14458330938890818,49.5454166543288963,268.03594970703125
6.15291664268890859,49.5454166543288963,155.236465454101562
6.161249975988909,49.5454166543288963,40.7452735900878906
6.16958330928890852,49.5454166543288963,37.2180747985839844
6.17791664258890894,49.5454166543288963,35.9274864196777344
6.18624997588890846,49.5454166543288963,40.5040969848632812
6.19458330918890887,49.5454166543288963,204.171722412109375
6.20291664248890839,49.5454166543288963,466.910919189453125
6.21124997578890881,49.5454166543288963,130.052902221679688
6.21958330908890833,49.5454166543288963,42.7285652160644531
6.22791664238890874,49.5454166543288963,23.8474693298339844
6.23624997568890826,49.5454166543288963,25.0193138122558594
6.24458330898890868,49.5454166543288963,41.803741455078125
6.25291664228890909,49.5454166543288963,215.479873657226562
6.26124997558890861,49.5454166543288963,316.1243896484375
6.26958330888890902,49.5454166543288963,72.505035400390625
6.27791664218890855,49.5454166543288963,43.0630607604980469
6.28624997548890896,49.5454166543288963,60.0372543334960938
6.29458330878890848,49.5454166543288963,23.8265380859375
6.30291664208890889,49.5454166543288963,41.3086738586425781
6.31124997538890842,49.5454166543288963,80.0931167602539062
6.31958330868890883,49.5454166543288963,172.928970336914062
6.32791664198890835,49.5454166543288963,278.042236328125
6.33624997528890876,49.5454166543288963,78.4289932250976562
6.34458330858890829,49.5454166543288963,111.327629089355469
6.3529166418889087,49.5454166543288963,511.819061279296875
6.36124997518890822,49.5454166543288963,1101.2972412109375
5.84458331058890845,49.537083321028895,383.09539794921875
5.85291664388890887,49.537083321028895,211.128005981445312
5.86124997718890839,49.537083321028895,158.766326904296875
5.8695833104889088,49.537083321028895,131.855911254882812
5.87791664378890832,49.537083321028895,216.848297119140625
5.88624997708890874,49.537083321028895,1153.8277587890625
5.89458331038890826,49.537083321028895,1705.350341796875
5.90291664368890867,49.537083321028895,1358.1451416015625
5.91124997698890819,49.537083321028895,1433.208740234375
5.91958331028890861,49.537083321028895,490.13665771484375
5.92791664358890902,49.537083321028895,317.813720703125
5.93624997688890854,49.537083321028895,449.95050048828125
5.94458331018890895,49.537083321028895,317.7337646484375
5.95291664348890848,49.537083321028895,221.237091064453125
5.96124997678890889,49.537083321028895,72.1047821044921875
5.96958331008890841,49.537083321028895,52.8824424743652344
5.97791664338890882,49.537083321028895,147.05950927734375
5.98624997668890835,49.537083321028895,485.611175537109375
5.99458330998890876,49.537083321028895,211.370040893554688
6.00291664328890828,49.537083321028895,66.532623291015625
6.01124997658890869,49.537083321028895,118.767936706542969
6.01958330988890822,49.537083321028895,391.44403076171875
6.02791664318890863,49.537083321028895,490.907257080078125
6.03624997648890904,49.537083321028895,209.13702392578125
6.04458330978890856,49.537083321028895,55.5995903015136719
6.05291664308890898,49.537083321028895,33.5314826965332031
6.0612499763889085,49.537083321028895,29.3673915863037109
6.06958330968890891,49.537083321028895,42.8064193725585938
6.07791664298890844,49.537083321028895,73.229888916015625
6.08624997628890885,49.537083321028895,54.7652702331542969
6.09458330958890837,49.537083321028895,65.8440780639648438
6.10291664288890878,49.537083321028895,99.3635711669921875
6.11124997618890831,49.537083321028895,253.406280517578125
6.11958330948890872,49.537083321028895,274.496429443359375
6.12791664278890824,49.537083321028895,323.0712890625
6.13624997608890865,49.537083321028895,190.720382690429688
6.14458330938890818,49.537083321028895,508.749359130859375
6.15291664268890859,49.537083321028895,237.62396240234375
6.161249975988909,49.537083321028895,52.7458267211914062
6.16958330928890852,49.537083321028895,38.1653938293457031
6.17791664258890894,49.537083321028895,55.2243614196777344
6.18624997588890846,49.537083321028895,52.8910598754882812
6.19458330918890887,49.537083321028895,124.668388366699219
6.20291664248890839,49.537083321028895,114.3021240234375
6.21124997578890881,49.537083321028895,50.2532005310058594
6.21958330908890833,49.537083321028895,36.7090377807617188
6.22791664238890874,49.537083321028895,33.1684150695800781
6.23624997568890826,49.537083321028895,51.8929481506347656
6.24458330898890868,49.537083321028895,166.230392456054688
6.25291664228890909,49.537083321028895,123.814727783203125
6.26124997558890861,49.537083321028895,157.3055419921875
6.26958330888890902,49.537083321028895,78.8702011108398438
6.27791664218890855,49.537083321028895,65.9304733276367188
6.28624997548890896,49.537083321028895,97.9475021362304688
6.29458330878890848,49.537083321028895,30.5162277221679688
6.30291664208890889,49.537083321028895,24.1837711334228516
6.31124997538890842,49.537083321028895,26.4877357482910156
6.31958330868890883,49.537083321028895,59.1616935729980469
6.32791664198890835,49.537083321028895,105.552902221679688
6.33624997528890876,49.537083321028895,76.1058883666992188
6.34458330858890829,49.537083321028895,55.1166038513183594
6.3529166418889087,49.537083321028895,279.8876953125
5.83624997728890893,49.5287499877288937,276.10113525390625
5.84458331058890845,49.5287499877288937,143.165420532226562
5.85291664388890887,49.5287499877288937,105.111282348632812
5.86124997718890839,49.5287499877288937,95.5731124877929688
5.8695833104889088,49.5287499877288937,105.176055908203125
5.87791664378890832,49.5287499877288937,268.694488525390625
5.88624997708890874,49.5287499877288937,847.966796875
5.89458331038890826,49.5287499877288937,1823.3629150390625
5.90291664368890867,49.5287499877288937,1603.6004638671875
5.91124997698890819,49.5287499877288937,1196.28955078125
5.91958331028890861,49.5287499877288937,531.7698974609375
5.92791664358890902,49.5287499877288937,368.4249267578125
5.93624997688890854,49.5287499877288937,424.82470703125
5.94458331018890895,49.5287499877288937,312.56671142578125
5.95291664348890848,49.5287499877288937,179.712020874023438
5.96124997678890889,49.5287499877288937,274.149383544921875
5.96958331008890841,49.5287499877288937,182.915328979492188
5.97791664338890882,49.5287499877288937,170.733627319335938
5.98624997668890835,49.5287499877288937,513.61529541015625
5.99458330998890876,49.5287499877288937,249.845489501953125
6.00291664328890828,49.5287499877288937,206.979156494140625
6.01124997658890869,49.5287499877288937,456.267181396484375
6.01958330988890822,49.5287499877288937,319.15863037109375
6.02791664318890863,49.5287499877288937,144.973129272460938
6.03624997648890904,49.5287499877288937,257.852569580078125
6.04458330978890856,49.5287499877288937,155.857879638671875
6.05291664308890898,49.5287499877288937,51.6559257507324219
6.0612499763889085,49.5287499877288937,63.9673538208007812
6.06958330968890891,49.5287499877288937,55.4084739685058594
6.07791664298890844,49.5287499877288937,72.049041748046875
6.08624997628890885,49.5287499877288937,103.396080017089844
6.09458330958890837,49.5287499877288937,175.518585205078125
6.10291664288890878,49.5287499877288937,468.9375
6.11124997618890831,49.5287499877288937,268.77386474609375
6.11958330948890872,49.5287499877288937,355.407806396484375
6.12791664278890824,49.5287499877288937,198.17584228515625
6.13624997608890865,49.5287499877288937,160.658065795898438
6.14458330938890818,49.5287499877288937,166.327194213867188
6.15291664268890859,49.5287499877288937,88.1540451049804688
6.161249975988909,49.5287499877288937,42.5932693481445312
6.16958330928890852,49.5287499877288937,36.1358833312988281
6.17791664258890894,49.5287499877288937,56.45806884765625
6.18624997588890846,49.5287499877288937,68.4769821166992188
6.19458330918890887,49.5287499877288937,42.0541839599609375
6.20291664248890839,49.5287499877288937,36.3444900512695312
6.21124997578890881,49.5287499877288937,55.4497795104980469
6.21958330908890833,49.5287499877288937,157.678573608398438
6.22791664238890874,49.5287499877288937,180.22344970703125
6.23624997568890826,49.5287499877288937,58.4086036682128906
6.24458330898890868,49.5287499877288937,111.892005920410156
6.25291664228890909,49.5287499877288937,81.5883407592773438
6.26124997558890861,49.5287499877288937,35.7344894409179688
6.26958330888890902,49.5287499877288937,39.3975105285644531
6.27791664218890855,49.5287499877288937,36.2554206848144531
6.28624997548890896,49.5287499877288937,36.4061508178710938
6.29458330878890848,49.5287499877288937,48.4347572326660156
6.30291664208890889,49.5287499877288937,45.7269935607910156
6.31124997538890842,49.5287499877288937,35.5186576843261719
6.31958330868890883,49.5287499877288937,24.3485641479492188
6.32791664198890835,49.5287499877288937,37.7261886596679688
6.33624997528890876,49.5287499877288937,97.7142715454101562
6.34458330858890829,49.5287499877288937,131.699691772460938
6.3529166418889087,49.5287499877288937,263.099578857421875
6.36124997518890822,49.5287499877288937,110.922203063964844
5.84458331058890845,49.5204166544288995,119.793914794921875
5.85291664388890887,49.5204166544288995,98.944580078125
5.86124997718890839,49.5204166544288995,88.79443359375
5.8695833104889088,49.5204166544288995,135.212814331054688
5.87791664378890832,49.5204166544288995,645.918212890625
5.88624997708890874,49.5204166544288995,1508.9722900390625
5.89458331038890826,49.5204166544288995,2159.284423828125
5.90291664368890867,49.5204166544288995,1937.6446533203125
5.91124997698890819,49.5204166544288995,1288.4385986328125
5.91958331028890861,49.5204166544288995,610.6380615234375
5.92791664358890902,49.5204166544288995,745.26983642578125
5.93624997688890854,49.5204166544288995,717.19354248046875
5.94458331018890895,49.5204166544288995,575.53582763671875
5.95291664348890848,49.5204166544288995,213.2550048828125
5.96124997678890889,49.5204166544288995,641.155029296875
5.96958331008890841,49.5204166544288995,860.01336669921875
5.97791664338890882,49.5204166544288995,302.165374755859375
5.98624997668890835,49.5204166544288995,287.440155029296875
5.99458330998890876,49.5204166544288995,443.17626953125
6.00291664328890828,49.5204166544288995,779.46478271484375
6.01124997658890869,49.5204166544288995,974.7120361328125
6.01958330988890822,49.5204166544288995,526.07879638671875
6.02791664318890863,49.5204166544288995,112.870460510253906
6.03624997648890904,49.5204166544288995,164.765792846679688
6.04458330978890856,49.5204166544288995,335.1712646484375
6.05291664308890898,49.5204166544288995,150.853317260742188
6.0612499763889085,49.5204166544288995,360.96630859375
6.06958330968890891,49.5204166544288995,155.052001953125
6.07791664298890844,49.5204166544288995,140.631195068359375
6.08624997628890885,49.5204166544288995,221.422378540039062
6.09458330958890837,49.5204166544288995,787.29144287109375
6.10291664288890878,49.5204166544288995,890.88018798828125
6.11124997618890831,49.5204166544288995,552.50506591796875
6.11958330948890872,49.5204166544288995,208.006622314453125
6.12791664278890824,49.5204166544288995,168.932723999023438
6.13624997608890865,49.5204166544288995,73.633819580078125
6.14458330938890818,49.5204166544288995,47.2897186279296875
6.15291664268890859,49.5204166544288995,36.8907546997070312
6.161249975988909,49.5204166544288995,36.7458572387695312
6.16958330928890852,49.5204166544288995,38.8091926574707031
6.17791664258890894,49.5204166544288995,104.875724792480469
6.18624997588890846,49.5204166544288995,538.15283203125
6.19458330918890887,49.5204166544288995,237.162002563476562
6.20291664248890839,49.5204166544288995,83.9166259765625
6.21124997578890881,49.5204166544288995,98.6395111083984375
6.21958330908890833,49.5204166544288995,340.74737548828125
6.22791664238890874,49.5204166544288995,485.548309326171875
6.23624997568890826,49.5204166544288995,100.776283264160156
6.24458330898890868,49.5204166544288995,60.85662841796875
6.25291664228890909,49.5204166544288995,81.2104034423828125
6.26124997558890861,49.5204166544288995,69.8223876953125
6.26958330888890902,49.5204166544288995,71.364898681640625
6.27791664218890855,49.5204166544288995,65.0184860229492188
6.28624997548890896,49.5204166544288995,77.6668777465820312
6.29458330878890848,49.5204166544288995,261.818389892578125
6.30291664208890889,49.5204166544288995,236.362899780273438
6.31124997538890842,49.5204166544288995,87.39373779296875
6.31958330868890883,49.5204166544288995,36.4070663452148438
6.32791664198890835,49.5204166544288995,29.6179466247558594
6.33624997528890876,49.5204166544288995,121.874069213867188
6.34458330858890829,49.5204166544288995,147.191787719726562
6.3529166418889087,49.5204166544288995,136.847137451171875
6.36124997518890822,49.5204166544288995,115.360710144042969
6.36958330848890864,49.5204166544288995,107.729873657226562
5.86124997718890839,49.5120833211288982,78.1631927490234375
5.8695833104889088,49.5120833211288982,133.204376220703125
5.87791664378890832,49.5120833211288982,212.584365844726562
5.88624997708890874,49.5120833211288982,653.7088623046875
5.89458331038890826,49.5120833211288982,1400.1160888671875
5.90291664368890867,49.5120833211288982,747.73101806640625
5.91124997698890819,49.5120833211288982,313.062103271484375
5.91958331028890861,49.5120833211288982,465.061248779296875
5.92791664358890902,49.5120833211288982,781.47796630859375
5.93624997688890854,49.5120833211288982,715.97802734375
5.94458331018890895,49.5120833211288982,1038.341064453125
5.95291664348890848,49.5120833211288982,1258.3214111328125
5.96124997678890889,49.5120833211288982,1415.0501708984375
5.96958331008890841,49.5120833211288982,1363.05810546875
5.97791664338890882,49.5120833211288982,1434.156494140625
5.98624997668890835,49.5120833211288982,1744.9498291015625
5.99458330998890876,49.5120833211288982,1581.38623046875
6.00291664328890828,49.5120833211288982,1006.16552734375
6.01124997658890869,49.5120833211288982,1139.7166748046875
6.01958330988890822,49.5120833211288982,1005.42608642578125
6.02791664318890863,49.5120833211288982,500.461700439453125
6.03624997648890904,49.5120833211288982,194.69805908203125
6.04458330978890856,49.5120833211288982,282.854888916015625
6.05291664308890898,49.5120833211288982,390.821380615234375
6.0612499763889085,49.5120833211288982,293.33624267578125
6.06958330968890891,49.5120833211288982,137.046615600585938
6.07791664298890844,49.5120833211288982,150.012771606445312
6.08624997628890885,49.5120833211288982,345.94366455078125
6.09458330958890837,49.5120833211288982,892.34405517578125
6.10291664288890878,49.5120833211288982,860.5157470703125
6.11124997618890831,49.5120833211288982,761.2711181640625
6.11958330948890872,49.5120833211288982,263.314239501953125
6.12791664278890824,49.5120833211288982,71.9705810546875
6.13624997608890865,49.5120833211288982,59.4328727722167969
6.14458330938890818,49.5120833211288982,214.5655517578125
6.15291664268890859,49.5120833211288982,262.02850341796875
6.161249975988909,49.5120833211288982,93.8647003173828125
6.26958330888890902,49.5120833211288982,216.071914672851562
6.27791664218890855,49.5120833211288982,599.3748779296875
6.28624997548890896,49.5120833211288982,410.046478271484375
6.29458330878890848,49.5120833211288982,278.437744140625
6.30291664208890889,49.5120833211288982,349.57232666015625
6.31124997538890842,49.5120833211288982,134.888534545898438
6.31958330868890883,49.5120833211288982,56.4288177490234375
6.32791664198890835,49.5120833211288982,23.4894924163818359
6.33624997528890876,49.5120833211288982,27.0903415679931641
6.34458330858890829,49.5120833211288982,42.1698379516601562
6.3529166418889087,49.5120833211288982,119.285324096679688
6.36124997518890822,49.5120833211288982,148.48138427734375
5.89458331038890826,49.5037499878288969,243.724411010742188
5.95291664348890848,49.5037499878288969,1886.630126953125
5.96124997678890889,49.5037499878288969,1979.861328125
5.96958331008890841,49.5037499878288969,1817.2491455078125
5.97791664338890882,49.5037499878288969,2160.9462890625
5.98624997668890835,49.5037499878288969,2331.865966796875
5.99458330998890876,49.5037499878288969,1673.481689453125
6.00291664328890828,49.5037499878288969,1094.6693115234375
6.01124997658890869,49.5037499878288969,1270.6417236328125
6.01958330988890822,49.5037499878288969,885.407470703125
6.02791664318890863,49.5037499878288969,443.102691650390625
6.03624997648890904,49.5037499878288969,162.500152587890625
6.04458330978890856,49.5037499878288969,254.958999633789062
6.05291664308890898,49.5037499878288969,367.847900390625
6.0612499763889085,49.5037499878288969,189.599472045898438
6.06958330968890891,49.5037499878288969,294.743133544921875
6.07791664298890844,49.5037499878288969,800.77825927734375
6.08624997628890885,49.5037499878288969,905.53704833984375
6.09458330958890837,49.5037499878288969,813.55413818359375
6.10291664288890878,49.5037499878288969,1013.33740234375
6.11124997618890831,49.5037499878288969,1003.57611083984375
6.11958330948890872,49.5037499878288969,318.48187255859375
6.12791664278890824,49.5037499878288969,146.836822509765625
6.13624997608890865,49.5037499878288969,112.471549987792969
6.14458330938890818,49.5037499878288969,204.977127075195312
6.15291664268890859,49.5037499878288969,151.04132080078125
6.28624997548890896,49.5037499878288969,726.2010498046875
6.29458330878890848,49.5037499878288969,78.7912750244140625
6.30291664208890889,49.5037499878288969,52.0225830078125
6.31124997538890842,49.5037499878288969,156.610916137695312
6.31958330868890883,49.5037499878288969,177.899673461914062
6.32791664198890835,49.5037499878288969,38.8592338562011719
6.33624997528890876,49.5037499878288969,28.4779796600341797
6.34458330858890829,49.5037499878288969,86.66131591796875
6.3529166418889087,49.5037499878288969,154.294464111328125
6.36124997518890822,49.5037499878288969,65.55303955078125
5.96958331008890841,49.4954166545288956,2349.546630859375
5.97791664338890882,49.4954166545288956,2499.559814453125
5.98624997668890835,49.4954166545288956,1863.00390625
5.99458330998890876,49.4954166545288956,788.2421875
6.00291664328890828,49.4954166545288956,217.860824584960938
6.01124997658890869,49.4954166545288956,219.785659790039062
6.01958330988890822,49.4954166545288956,114.717453002929688
6.02791664318890863,49.4954166545288956,98.6822738647460938
6.03624997648890904,49.4954166545288956,337.289215087890625
6.04458330978890856,49.4954166545288956,208.731857299804688
6.05291664308890898,49.4954166545288956,188.411849975585938
6.0612499763889085,49.4954166545288956,222.6478271484375
6.06958330968890891,49.4954166545288956,375.087738037109375
6.07791664298890844,49.4954166545288956,703.88702392578125
6.08624997628890885,49.4954166545288956,917.08685302734375
6.09458330958890837,49.4954166545288956,573.65777587890625
6.10291664288890878,49.4954166545288956,496.437530517578125
6.11124997618890831,49.4954166545288956,1210.4747314453125
6.11958330948890872,49.4954166545288956,567.67474365234375
6.12791664278890824,49.4954166545288956,96.9050521850585938
6.13624997608890865,49.4954166545288956,53.6807823181152344
6.14458330938890818,49.4954166545288956,52.5692367553710938
6.29458330878890848,49.4954166545288956,33.8054008483886719
6.30291664208890889,49.4954166545288956,33.0964469909667969
6.31124997538890842,49.4954166545288956,56.0001335144042969
6.31958330868890883,49.4954166545288956,55.5841255187988281
6.32791664198890835,49.4954166545288956,35.546539306640625
6.33624997528890876,49.4954166545288956,26.2609882354736328
6.34458330858890829,49.4954166545288956,65.1131134033203125
6.3529166418889087,49.4954166545288956,126.151473999023438
6.36124997518890822,49.4954166545288956,59.0591583251953125
5.97791664338890882,49.4870833212288943,1475.446533203125
5.98624997668890835,49.4870833212288943,539.156494140625
5.99458330998890876,49.4870833212288943,476.73553466796875
6.00291664328890828,49.4870833212288943,144.702545166015625
6.01124997658890869,49.4870833212288943,81.4004898071289062
6.01958330988890822,49.4870833212288943,135.457504272460938
6.02791664318890863,49.4870833212288943,394.60345458984375
6.03624997648890904,49.4870833212288943,813.7030029296875
6.04458330978890856,49.4870833212288943,693.50537109375
6.05291664308890898,49.4870833212288943,228.041290283203125
6.0612499763889085,49.4870833212288943,239.9609375
6.06958330968890891,49.4870833212288943,945.0762939453125
6.07791664298890844,49.4870833212288943,1059.237060546875
6.08624997628890885,49.4870833212288943,1406.2510986328125
6.09458330958890837,49.4870833212288943,918.321044921875
6.10291664288890878,49.4870833212288943,348.41180419921875
6.11124997618890831,49.4870833212288943,692.56854248046875
6.11958330948890872,49.4870833212288943,386.6201171875
6.30291664208890889,49.4870833212288943,20.4001026153564453
6.31124997538890842,49.4870833212288943,33.2093505859375
6.31958330868890883,49.4870833212288943,125.526222229003906
6.32791664198890835,49.4870833212288943,80.1735305786132812
6.33624997528890876,49.4870833212288943,57.4865951538085938
6.34458330858890829,49.4870833212288943,103.724945068359375
6.3529166418889087,49.4870833212288943,202.946975708007812
6.36124997518890822,49.4870833212288943,78.4447479248046875
5.97791664338890882,49.478749987928893,342.656585693359375
5.98624997668890835,49.478749987928893,189.712509155273438
5.99458330998890876,49.478749987928893,97.2156829833984375
6.00291664328890828,49.478749987928893,71.5166397094726562
6.01124997658890869,49.478749987928893,75.4676132202148438
6.01958330988890822,49.478749987928893,118.032928466796875
6.02791664318890863,49.478749987928893,281.84857177734375
6.03624997648890904,49.478749987928893,834.32391357421875
6.04458330978890856,49.478749987928893,518.05804443359375
6.05291664308890898,49.478749987928893,148.69342041015625
6.0612499763889085,49.478749987928893,114.58221435546875
6.06958330968890891,49.478749987928893,287.231719970703125
6.07791664298890844,49.478749987928893,1019.09857177734375
6.08624997628890885,49.478749987928893,1458.1085205078125
6.09458330958890837,49.478749987928893,787.785888671875
6.10291664288890878,49.478749987928893,426.18475341796875
6.11124997618890831,49.478749987928893,215.101638793945312
6.32791664198890835,49.478749987928893,44.8067855834960938
6.33624997528890876,49.478749987928893,42.883087158203125
6.34458330858890829,49.478749987928893,40.1028213500976562
6.3529166418889087,49.478749987928893,71.2677764892578125
6.36124997518890822,49.478749987928893,278.869140625
5.97791664338890882,49.4704166546288988,120.876739501953125
5.98624997668890835,49.4704166546288988,99.1304397583007812
5.99458330998890876,49.4704166546288988,114.603744506835938
6.00291664328890828,49.4704166546288988,326.22845458984375
6.01124997658890869,49.4704166546288988,316.139984130859375
6.01958330988890822,49.4704166546288988,182.308364868164062
6.02791664318890863,49.4704166546288988,416.759521484375
6.03624997648890904,49.4704166546288988,922.3253173828125
6.04458330978890856,49.4704166546288988,336.39056396484375
6.05291664308890898,49.4704166546288988,136.621551513671875
6.07791664298890844,49.4704166546288988,971.1092529296875
6.08624997628890885,49.4704166546288988,795.2646484375
6.09458330958890837,49.4704166546288988,169.208251953125
5.98624997668890835,49.4620833213288975,72.5637283325195312
5.99458330998890876,49.4620833213288975,171.377593994140625
6.00291664328890828,49.4620833213288975,478.128997802734375
6.01124997658890869,49.4620833213288975,510.839752197265625
6.01958330988890822,49.4620833213288975,575.6654052734375
6.02791664318890863,49.4620833213288975,1335.0758056640625
6.03624997648890904,49.4620833213288975,845.281494140625
6.04458330978890856,49.4620833213288975,146.020904541015625
6.08624997628890885,49.4620833213288975,233.104736328125
6.09458330958890837,49.4620833213288975,108.603431701660156
